row_id,inchikey,smiles_std,n_records,source_dbs,n_source_dbs,organisms,n_organisms,primary_organism,documents,n_documents,primary_document,act_types,n_direct,pAct_median,pAct_min,pAct_max,pAct_spread,outcomes,any_active,any_inactive,MolWt,ExactMolWt,NumHeavyAtoms,NumAtoms,LogP,MolMR,TPSA,HBA,HBD,RotatableBonds,RingCount,AromaticRings,AliphaticRings,FractionCSP3,BertzCT,FormalCharge,NumAmideBonds,NumHeteroAtoms,NumAromaticHeterocycles,NumAliphaticHeterocycles,NumAromaticCarbocycles,NumAliphaticCarbocycles,HeavyAtomMolWt,NHOHCount,NOCount,scaffold
UIREF-0001,AALDDVUYNHJZLY-UHFFFAOYSA-N,CCCCCCCCCCCCc1ccc(O)c(O)c1O,2,PubChem,1,Helicobacter pylori,1,Helicobacter pylori,10.1016/j.ejmech.2010.08.015,1,10.1016/j.ejmech.2010.08.015,IC50,1,3.7746907182741367,3.7746907182741367,3.7746907182741367,0.0,Inconclusive|Unspecified,False,False,294.435,294.21949481999997,21,21,5.266800000000006,86.98440000000005,60.69,3,3,11,1,1,0,0.6666666666666666,401.6950666042346,0,0,3,0,0,1,0,264.19499999999994,3,3,c1ccccc1
UIREF-0002,ABAJLYKDPYVMJT-ZRDIBKRKSA-N,COC(=O)/C(=C/c1ccc(F)cc1)CCCCP(=O)(O)O,3,PubChem,1,Sporosarcina pasteurii,1,Sporosarcina pasteurii,10.1016/j.ejmech.2018.09.074,1,10.1016/j.ejmech.2018.09.074,IC50|Ki,3,3.886056647693163,3.785156151952302,3.935542010773082,0.15038585882077982,Unspecified,False,False,316.265,316.08758852599993,21,21,2.730100000000002,77.15510000000003,83.83000000000001,3,2,7,1,1,0,0.35714285714285715,546.9877239389855,0,0,7,0,0,1,0,298.121,2,5,c1ccccc1
UIREF-0003,ABGOXDQHZLJEIF-UHFFFAOYSA-N,ON=C(O)CCOc1ccc(Br)cc1,2,PubChem,1,Helicobacter pylori,1,Helicobacter pylori,10.1016/j.bmc.2018.07.003,1,10.1016/j.bmc.2018.07.003,IC50|Inhibition,1,6.065501548756432,6.065501548756432,6.065501548756432,0.0,Active|Unspecified,True,False,260.087,258.98440528000003,14,14,2.5637000000000008,56.104300000000016,62.05000000000001,3,2,4,1,1,0,0.2222222222222222,310.3380348439444,0,0,5,0,0,1,0,250.00699999999998,2,4,c1ccccc1
UIREF-0004,ABMLUCQDOWVYLW-UHFFFAOYSA-N,CCOC(=O)c1ccc(NC(=S)NC(=O)c2ccc(OC)c(OC)c2)cc1,2,BindingDB|PubChem,2,"Canavalia ensiformis|Urease, unspecified origin",2,Canavalia ensiformis,10.1016/j.bioorg.2013.10.001,1,10.1016/j.bioorg.2013.10.001,IC50,1,6.886056647693163,6.886056647693163,6.886056647693163,0.0,Active,True,False,388.44500000000016,388.10929273999994,27,27,3.0073000000000016,105.63140000000001,85.89000000000001,6,2,6,2,2,0,0.21052631578947367,836.4936962137737,0,1,8,0,0,2,0,368.28500000000014,2,7,O=C(NC(=S)Nc1ccccc1)c1ccccc1
UIREF-0005,ABORTHSSIASBDG-BJMVGYQFSA-N,Cc1ccc(C/C=N/NC(N)=S)o1,2,BindingDB|PubChem,2,"Canavalia ensiformis|Urease, unspecified origin",2,Canavalia ensiformis,10.1111/cbdd.12379,1,10.1111/cbdd.12379,IC50,1,5.490797477668897,5.490797477668897,5.490797477668897,0.0,Active,True,False,197.263,197.062282972,13,13,0.9495199999999999,55.56210000000001,63.55,3,2,3,1,1,0,0.25,318.9439701599723,0,0,5,1,0,0,0,186.17499999999998,3,4,c1ccoc1
UIREF-0006,ACJOYTKWHPEIHW-UHFFFAOYSA-N,CCOC(=O)C#Cc1ccccc1,3,PubChem,1,Sporosarcina pasteurii,1,Sporosarcina pasteurii,10.1016/j.bmcl.2017.02.022,1,10.1016/j.bmcl.2017.02.022,Ki,3,4.281498311132726,3.0893755951107984,4.326979092871104,1.2376034977603059,Unspecified,False,False,174.199,174.06807956,13,13,1.6012,49.953000000000024,26.3,2,0,1,1,1,0,0.18181818181818182,330.10306595573115,0,0,2,0,0,1,0,164.11899999999997,0,2,c1ccccc1
UIREF-0007,ACQIPCCEGCZDPY-UHFFFAOYSA-N,CNC(=S)NNC(=O)Cn1c(C2CC2)nc2cc(Cl)c(Cl)cc21,3,BindingDB|ChEMBL|PubChem,3,Canavalia ensiformis,1,Canavalia ensiformis,10.1016/j.bmcl.2017.05.019|CHEMBL4033708,2,10.1016/j.bmcl.2017.05.019,IC50,3,7.301029995663981,7.301029995663981,7.301029995663981,0.0,Active,True,False,372.2810000000001,371.03743646,23,23,2.3456,94.66410000000002,70.97999999999999,3,3,3,3,2,1,0.35714285714285715,787.055873682838,0,1,9,1,0,1,1,357.16100000000006,3,6,c1ccc2[nH]c(C3CC3)nc2c1
UIREF-0008,ACXLBHHUHSJENU-CMDGGOBGSA-N,CCOC(=O)/C=C/C(=O)c1ccccc1,3,PubChem,1,Sporosarcina pasteurii,1,Sporosarcina pasteurii,10.1016/j.bmcl.2017.02.022,1,10.1016/j.bmcl.2017.02.022,Ki,3,5.402743717074858,4.534617148551582,5.916139199133427,1.3815220505818457,Active|Unspecified,True,False,204.225,204.078644244,15,15,1.9886,56.54550000000003,43.370000000000005,3,0,4,1,1,0,0.16666666666666666,365.7134385940965,0,0,3,0,0,1,0,192.12899999999996,0,3,c1ccccc1
UIREF-0009,ADFCQWZHKCXPAJ-UHFFFAOYSA-N,Oc1ccc(C2COc3cc(O)ccc3C2)cc1,1,PubChem,1,Helicobacter pylori,1,Helicobacter pylori,10.1016/j.ejmech.2013.03.016,1,10.1016/j.ejmech.2013.03.016,IC50,1,4.031984286006359,4.031984286006359,4.031984286006359,0.0,Unspecified,False,False,242.274,242.094294308,18,18,2.8165000000000004,68.15360000000004,49.69,3,2,1,3,2,1,0.2,560.4514391416084,0,0,3,0,1,2,0,228.16199999999995,2,3,c1ccc(C2COc3ccccc3C2)cc1
UIREF-0010,ADFZLHXYATZWSH-UHFFFAOYSA-N,ON=C(O)CC(O)c1ccccc1F,2,PubChem,1,Helicobacter pylori,1,Helicobacter pylori,10.1016/j.ejmech.2013.07.047,1,10.1016/j.ejmech.2013.07.047,IC50,1,5.251811972993799,5.251811972993799,5.251811972993799,0.0,Active|Inconclusive,True,False,199.181,199.0644714,14,14,1.5949,47.827100000000016,73.05000000000001,3,3,3,1,1,0,0.2222222222222222,340.5838810441725,0,0,5,0,0,1,0,189.10099999999997,3,4,c1ccccc1
UIREF-0011,AEPNQCQDJBIFMP-UHFFFAOYSA-N,CP(=O)(O)CNC(=O)C(N)COCc1ccccc1,3,PubChem,1,"Proteus vulgaris|Sporosarcina pasteurii|Urease, unspecified origin",3,"Urease, unspecified origin",10.1021/jm800570q,1,10.1021/jm800570q,IC50|Ki,2,3.9172294616388132,3.7375489102695703,4.096910013008056,0.359361102738486,Inactive|Unspecified,False,True,286.268,286.108243718,19,19,0.5043999999999997,72.83240000000004,101.65,4,3,7,1,1,0,0.4166666666666667,446.30242212126126,0,1,7,0,0,1,0,267.116,4,6,c1ccccc1
UIREF-0012,AFXIJERQZPPMDO-UHFFFAOYSA-N,O=[N+]([O-])c1ccc(NCCC(O)=NO)cc1,2,PubChem,1,Helicobacter pylori,1,Helicobacter pylori,10.1016/j.ejmech.2018.06.065,1,10.1016/j.ejmech.2018.06.065,IC50,1,5.910094888560602,5.910094888560602,5.910094888560602,0.0,Active|Inconclusive,True,False,225.204,225.074955832,16,16,1.7424999999999997,58.05340000000001,107.99000000000001,5,3,5,1,1,0,0.2222222222222222,388.24550074318836,0,0,7,0,0,1,0,214.11599999999999,3,7,c1ccccc1
UIREF-0013,AFXQDKQUVJMCBU-UHFFFAOYSA-N,Oc1[nH]c2ccc(F)cc2c1N=NC(=S)Nc1cc(F)cc(F)c1,2,BindingDB|ChEMBL,2,Canavalia ensiformis,1,Canavalia ensiformis,10.1007/s00044-013-0575-7|CHEMBL3044957,2,CHEMBL3044957,IC50,2,3.821886747685368,3.821886747685368,3.821886747685368,0.0,Active,True,False,350.32500000000005,350.044916568,24,24,4.771500000000001,87.01620000000001,72.77,3,3,2,3,3,0,0.0,950.5027226480466,0,0,9,1,0,2,0,341.25300000000004,3,5,S=C(N=Nc1c[nH]c2ccccc12)Nc1ccccc1
UIREF-0014,AGGSQWDZUPCRDU-UHFFFAOYSA-N,O=[N+]([O-])c1cccc(NC(=S)Nc2ccccc2SSc2ccccc2NC(=S)Nc2cccc([N+](=O)[O-])c2)c1,3,BindingDB|ChEMBL|PubChem,3,Canavalia ensiformis,1,Canavalia ensiformis,10.1016/j.bmc.2015.10.017|CHEMBL3627633,2,10.1016/j.bmc.2015.10.017,IC50,3,4.910094888560602,4.910094888560602,4.910094888560602,0.0,Active|Unspecified,True,False,608.7520000000002,608.04288712,40,40,7.920200000000005,170.4775999999998,134.4,8,4,9,4,4,0,0.0,1469.341547900333,0,0,14,0,0,4,0,588.5920000000002,4,10,S=C(Nc1ccccc1)Nc1ccccc1SSc1ccccc1NC(=S)Nc1ccccc1
UIREF-0015,AGVFKBGSCZJNOY-UHFFFAOYSA-N,COc1ccccc1C(c1c(O)c2ccccc2oc1=O)c1c(O)c2ccccc2oc1=O,2,BindingDB|ChEMBL,2,Canavalia ensiformis,1,Canavalia ensiformis,10.1016/j.bmc.2005.09.048|CHEMBL1144858,2,CHEMBL1144858,IC50,2,4.080000976973811,4.079999984911641,4.0800019690359814,1.9841243403817543e-06,Active,True,False,442.42300000000023,442.1052529159999,33,33,4.499400000000004,122.23660000000002,110.11000000000001,7,2,4,5,5,0,0.07692307692307693,1529.0204132366669,0,0,7,2,0,3,0,424.2790000000002,2,7,O=c1oc2ccccc2cc1C(c1ccccc1)c1cc2ccccc2oc1=O
UIREF-0016,AGYLZLXOQHNGFJ-UHFFFAOYSA-N,CCCCc1ccc(NC(=S)NC(=O)c2ccccc2)cc1,3,BindingDB|ChEMBL|PubChem,3,Canavalia ensiformis,1,Canavalia ensiformis,10.1016/j.ejmech.2013.10.012|CHEMBL3085707,2,10.1016/j.ejmech.2013.10.012,IC50,3,4.3260580013659125,4.3260580013659125,4.3260580013659125,0.0,Active|Unspecified,True,False,312.438,312.12963426,22,22,4.156000000000002,95.18290000000002,41.129999999999995,2,2,5,2,2,0,0.2222222222222222,623.295232643984,0,1,4,0,0,2,0,292.278,2,3,O=C(NC(=S)Nc1ccccc1)c1ccccc1
UIREF-0017,AHVRXKVVJWQDIY-UHFFFAOYSA-N,O=C(O)C(CP(=O)(O)O)c1ccc(O)c(O)c1,2,PubChem,1,Helicobacter pylori|Sporosarcina pasteurii,2,Sporosarcina pasteurii,10.1016/j.ejmech.2023.115528,1,10.1016/j.ejmech.2023.115528,IC50|Ki,2,5.876013366819096,5.627087997029893,6.1249387366083,0.4978507395784071,Active,True,False,262.15400000000005,262.024239322,17,17,0.4436999999999998,57.05950000000002,135.29,4,5,4,1,1,0,0.2222222222222222,478.2327552464384,0,0,8,0,0,1,0,251.06599999999995,5,7,c1ccccc1
UIREF-0018,AHXAWDSYIJHLGC-UHFFFAOYSA-N,Oc1[nH]c2ccccc2c1N=NC#SNc1ccccc1C(F)(F)F,1,BindingDB,1,Canavalia ensiformis,1,Canavalia ensiformis,10.1080/14756360802188420,1,10.1080/14756360802188420,IC50,1,4.480172006224281,4.480172006224281,4.480172006224281,0.0,Active,True,False,364.35200000000003,364.060566632,25,25,5.653000000000003,91.02520000000001,72.77,4,3,2,3,3,0,0.0625,1001.7629668756841,0,0,9,1,0,2,0,353.264,3,5,C(N=Nc1c[nH]c2ccccc12)#SNc1ccccc1
UIREF-0019,AILOMKNFDNRPHP-UHFFFAOYSA-N,O=C(Cl)CN1CCN(c2ccc([N+](=O)[O-])cc2F)CC1,1,ChEMBL,1,Canavalia ensiformis,1,Canavalia ensiformis,CHEMBL2434823,1,CHEMBL2434823,IC50,0,,,,,Active,True,False,301.7050000000001,301.062947176,20,20,1.6213,72.5674,66.69,5,0,4,2,1,1,0.4166666666666667,532.678874309596,0,0,8,0,1,1,0,288.60100000000006,0,6,c1ccc(N2CCNCC2)cc1
UIREF-0020,AJNYMRBEQXKQPP-UHFFFAOYSA-N,CN(C)C(=[Se])N1CCOCC1,1,PubChem,1,Canavalia ensiformis,1,Canavalia ensiformis,10.1016/j.bmcl.2007.07.085,1,10.1016/j.bmcl.2007.07.085,Activity,0,,,,,Inactive,False,True,221.16199999999995,222.027134368,11,11,-0.8638999999999997,46.84000000000003,15.71,3,0,2,1,0,1,0.8571428571428571,143.3759999531186,0,0,4,0,1,0,0,207.04999999999998,0,3,C1COCCN1
UIREF-0021,AJZXGODXWJLZFQ-LICLKQGHSA-N,O=[N+]([O-])c1ccc(/C=N/c2nc(-c3ccccc3)cs2)cc1,2,BindingDB|PubChem,2,"Canavalia ensiformis|Urease, unspecified origin",2,Canavalia ensiformis,,0,,IC50,1,4.488116639021126,4.488116639021126,4.488116639021126,0.0,Active|Inactive,True,True,309.35,309.057197592,22,22,4.468900000000002,87.90040000000002,68.39,5,0,4,3,3,0,0.0,810.9220251937592,0,0,6,1,0,2,0,298.262,0,5,C(=Nc1nc(-c2ccccc2)cs1)c1ccccc1
UIREF-0022,AKFFTKKFCBMHJO-UHFFFAOYSA-N,CCOC(=O)C1=C(C)N=C(NN)N(C)C1c1ccc([N+](=O)[O-])cc1,1,BindingDB,1,Canavalia ensiformis,1,Canavalia ensiformis,10.1016/j.bioorg.2015.12.007,1,10.1016/j.bioorg.2015.12.007,IC50,1,4.823908740944319,4.823908740944319,4.823908740944319,0.0,Active,True,False,333.34800000000007,333.143704088,24,24,1.2377000000000005,87.69150000000002,123.09,8,2,4,2,1,1,0.3333333333333333,711.0795255590301,0,0,9,0,1,1,0,314.1960000000001,3,9,C1=CC(c2ccccc2)NC=N1
UIREF-0023,AKNAIOVDFARSJA-LICLKQGHSA-N,O=[N+]([O-])c1cccc(/C=N/c2nc(-c3ccccc3)cs2)c1,2,BindingDB|PubChem,2,"Canavalia ensiformis|Urease, unspecified origin",2,Canavalia ensiformis,,0,,IC50,1,4.978810700930062,4.978810700930062,4.978810700930062,0.0,Active|Inactive,True,True,309.34999999999997,309.057197592,22,22,4.468900000000002,87.90040000000002,68.39,5,0,4,3,3,0,0.0,828.1720251937594,0,0,6,1,0,2,0,298.26199999999994,0,5,C(=Nc1nc(-c2ccccc2)cs1)c1ccccc1
UIREF-0024,AKOMHZKUFPWVAS-UHFFFAOYSA-N,CCOC(=O)c1ccc(NC(=S)NC(=O)c2ccc(OC)cc2)cc1,2,BindingDB|PubChem,2,"Canavalia ensiformis|Urease, unspecified origin",2,Canavalia ensiformis,10.1016/j.bioorg.2013.10.001,1,10.1016/j.bioorg.2013.10.001,IC50,1,6.6777807052660805,6.6777807052660805,6.6777807052660805,0.0,Active,True,False,358.4190000000001,358.09872805599997,25,25,2.9987000000000013,99.0794,76.66000000000001,5,2,5,2,2,0,0.16666666666666666,757.6504623392232,0,1,7,0,0,2,0,340.2750000000001,2,6,O=C(NC(=S)Nc1ccccc1)c1ccccc1
UIREF-0025,AKSGHKZVDDOTKD-UXBLZVDNSA-N,Cc1ccc(/C=C(\C[PH](=O)O)C(=O)O)cc1,1,PubChem,1,Sporosarcina pasteurii,1,Sporosarcina pasteurii,10.1016/j.ejmech.2017.03.070,1,10.1016/j.ejmech.2017.03.070,Ki,1,4.6307841425898575,4.6307841425898575,4.6307841425898575,0.0,Unspecified,False,False,240.19500000000002,240.055145526,16,16,1.9300199999999996,62.87910000000003,74.6,2,2,4,1,1,0,0.18181818181818182,433.8027140673133,0,0,5,0,0,1,0,227.09099999999995,2,4,c1ccccc1
UIREF-0026,AKSQBPCRIODOMP-UHFFFAOYSA-N,Cc1ccc(-n2[se]c3ccccc3c2=O)c(Cl)c1,3,PubChem,1,Proteus mirabilis|Sporosarcina pasteurii,2,Proteus mirabilis,10.1021/acs.jmedchem.2c01799,1,10.1021/acs.jmedchem.2c01799,IC50|IC90|Ki,2,8.09287620213404,7.698970004336019,8.48678239993206,0.7878123955960419,Active,True,False,322.653,322.96161292,18,18,3.009520000000001,76.23200000000001,22.0,1,0,1,3,3,0,0.07142857142857142,787.833482391638,0,0,4,1,0,2,0,312.57300000000004,0,2,O=c1c2ccccc2[se]n1-c1ccccc1
UIREF-0027,ALJHUVUHZIAWGS-WAYWQWQTSA-N,CCOC(=O)/C(=C\N(C)C)c1c(O)[nH]c(=S)[nH]c1=O,1,PubChem,1,"Urease, unspecified origin",1,"Urease, unspecified origin",10.1016/j.bmc.2020.115759,1,10.1016/j.bmc.2020.115759,IC50,1,4.866141874796665,4.866141874796665,4.866141874796665,0.0,Unspecified,False,False,285.32500000000005,285.07832696,19,19,0.6036900000000001,72.20920000000001,98.41999999999999,6,3,4,1,1,0,0.36363636363636365,615.1016923155083,0,0,8,1,0,0,0,270.205,3,7,O=c1cc[nH]c(=S)[nH]1
UIREF-0028,ALOLTPJPBRYBDN-UHFFFAOYSA-N,O=C(O)C(CP(=O)(O)CC(C(=O)O)c1ccc(O)c(O)c1)c1ccc(O)c(O)c1,2,PubChem,1,Helicobacter pylori|Sporosarcina pasteurii,2,Sporosarcina pasteurii,10.1016/j.ejmech.2023.115528,1,10.1016/j.ejmech.2023.115528,IC50|Ki,2,5.025109895819,4.882728704344236,5.167491087293763,0.2847623829495278,Active|Unspecified,True,False,426.3140000000002,426.07158343799995,29,29,1.8159999999999996,99.85610000000003,192.81999999999996,7,7,8,2,2,0,0.2222222222222222,911.1022764689083,0,0,11,0,0,2,0,407.1620000000002,7,10,O=[PH](CCc1ccccc1)CCc1ccccc1
UIREF-0029,ALTQFFMPMROPOS-UHFFFAOYSA-N,CN(O)C(=O)CC(O)c1ccc(Cl)cc1Cl,1,PubChem,1,Helicobacter pylori,1,Helicobacter pylori,10.1016/j.bmc.2016.07.052,1,10.1016/j.bmc.2016.07.052,IC50,1,3.4353339357479102,3.4353339357479102,3.4353339357479102,0.0,Unspecified,False,False,264.108,263.011598572,16,16,2.264500000000001,60.59530000000002,60.769999999999996,3,2,3,1,1,0,0.3,395.6505737154221,0,1,6,0,0,1,0,253.01999999999998,2,4,c1ccccc1
UIREF-0030,AMBILOSFOPYDRL-UHFFFAOYSA-N,Clc1ccc(-c2[nH]c3ccccc3c2-c2nc(-c3ccccc3)c(-c3ccccc3)n2-c2ccccc2)cc1,3,BindingDB|ChEMBL|PubChem,3,Canavalia ensiformis,1,Canavalia ensiformis,10.1016/j.ejmech.2015.08.011|CHEMBL3621141,2,10.1016/j.ejmech.2015.08.011,IC50,3,6.431798275933005,6.431798275933005,6.431798275933005,0.0,Active,True,False,522.0510000000002,521.1658754480001,39,39,9.674999999999995,162.17469999999963,33.61,1,1,5,7,7,0,0.0,1885.360592887369,0,0,4,2,0,5,0,497.8590000000004,1,3,c1ccc(-c2nc(-c3c(-c4ccccc4)[nH]c4ccccc34)n(-c3ccccc3)c2-c2ccccc2)cc1
UIREF-0031,AMZGYPDVTAOARB-UHFFFAOYSA-N,CNC(=O)c1cn(C2CC2)c2cc(N3CCN(C(C)=O)CC3)c(F)cc2c1=O,1,PubChem,1,Proteus mirabilis,1,Proteus mirabilis,,0,,IC50,0,,,,,Active,True,False,386.42700000000013,386.175418816,28,28,1.5035999999999994,104.29420000000006,74.65,4,1,3,4,2,2,0.45,1020.2632483079597,0,2,8,1,1,1,1,363.24300000000017,1,7,O=c1ccn(C2CC2)c2cc(N3CCNCC3)ccc12
UIREF-0032,ANCXYUTYAMHILA-UHFFFAOYSA-N,O=[N+]([O-])c1ccc(CNc2ccc([N+](=O)[O-])cc2)cc1,2,PubChem,1,Helicobacter pylori,1,Helicobacter pylori,10.1016/j.bmc.2015.06.014,1,10.1016/j.bmc.2015.06.014,IC50,2,4.239492448301063,3.8989406450918844,4.580044251510242,0.6811036064183575,Unspecified,False,False,273.248,273.07495583200006,20,20,3.115100000000001,73.51950000000002,98.31,5,1,5,2,2,0,0.07692307692307693,565.5694576175113,0,0,7,0,0,2,0,262.15999999999997,1,7,c1ccc(CNc2ccccc2)cc1
UIREF-0033,ANJXVFKOMHQCAV-JXMROGBWSA-N,COC(=O)/C(=C/c1ccccc1)C[PH](=O)O,4,PubChem,1,Sporosarcina pasteurii,1,Sporosarcina pasteurii,10.1016/j.ejmech.2017.03.070,1,10.1016/j.ejmech.2017.03.070,IC50|Ki,4,3.8674966971697065,3.6968039425795114,4.010995384301463,0.31419144172195157,Unspecified,False,False,240.195,240.05514552600002,16,16,1.71,62.52230000000004,63.60000000000001,3,1,4,1,1,0,0.18181818181818182,411.25255611656524,0,0,5,0,0,1,0,227.09099999999995,1,4,c1ccccc1
UIREF-0034,ANSLZSKXINKKHY-UHFFFAOYSA-N,CSc1ccc(C=C2C(=O)NC(=S)NC2=O)cc1,1,PubChem,1,Sporosarcina pasteurii,1,Sporosarcina pasteurii,10.1016/j.bmc.2014.05.057,1,10.1016/j.bmc.2014.05.057,IC50,1,4.7423214251308154,4.7423214251308154,4.7423214251308154,0.0,Unspecified,False,False,278.358,278.01836956,18,18,1.3228,75.08340000000001,58.2,4,2,2,2,1,1,0.08333333333333333,527.7007674611824,0,2,6,0,1,1,0,268.278,2,4,O=C1NC(=S)NC(=O)C1=Cc1ccccc1
UIREF-0035,ANVMXHYYVCFGAU-UHFFFAOYSA-N,S=C(Nc1ccc(Cl)c(Cl)c1)Nc1ccccc1SSc1ccccc1NC(=S)Nc1ccc(Cl)c(Cl)c1,3,BindingDB|ChEMBL|PubChem,3,Canavalia ensiformis,1,Canavalia ensiformis,10.1016/j.bmc.2015.10.017|CHEMBL3627633,2,10.1016/j.bmc.2015.10.017,IC50,3,5.494850021680094,5.494850021680094,5.494850021680094,0.0,Active,True,False,656.538,653.9168412960003,38,38,10.717399999999992,177.20879999999983,48.12,4,4,7,4,4,0,0.0,1374.5806475629013,0,0,12,0,0,4,0,638.3940000000001,4,4,S=C(Nc1ccccc1)Nc1ccccc1SSc1ccccc1NC(=S)Nc1ccccc1
UIREF-0036,AOEJTDAXJFGXLE-UHFFFAOYSA-N,Cc1ccc(Cl)c(-n2[se]c3ccccc3c2=O)c1,3,PubChem,1,Proteus mirabilis|Sporosarcina pasteurii,2,Proteus mirabilis,10.1021/acs.jmedchem.2c01799,1,10.1021/acs.jmedchem.2c01799,IC50|IC90|Ki,2,8.027709317886536,7.267606240177031,8.787812395596042,1.520206155419011,Active,True,False,322.6530000000001,322.96161292,18,18,3.009520000000001,76.23200000000003,22.0,1,0,1,3,3,0,0.07142857142857142,787.833482391638,0,0,4,1,0,2,0,312.5730000000001,0,2,O=c1c2ccccc2[se]n1-c1ccccc1
UIREF-0037,AOEYXALUEJXLQJ-UHFFFAOYSA-N,CC(Oc1ccc(Cl)cc1)c1nnc(Nc2ccc(F)cc2)o1,1,BindingDB,1,Canavalia ensiformis,1,Canavalia ensiformis,10.1111/cbdd.12297,1,10.1111/cbdd.12297,IC50,1,4.338187314462739,4.338187314462739,4.338187314462739,0.0,Active,True,False,333.75000000000006,333.068032556,23,23,4.745700000000003,84.47570000000002,60.18000000000001,5,1,5,3,3,0,0.125,774.779262239478,0,0,7,1,0,2,0,320.6460000000001,1,5,c1ccc(Nc2nnc(COc3ccccc3)o2)cc1
UIREF-0038,APYATXZUPCMFIY-UHFFFAOYSA-N,Cc1ccccc1OCCC(O)=NO,2,PubChem,1,Helicobacter pylori,1,Helicobacter pylori,10.1016/j.bmc.2018.07.003,1,10.1016/j.bmc.2018.07.003,IC50,1,5.17134010346468,5.17134010346468,5.17134010346468,0.0,Active|Inconclusive,True,False,195.218,195.089543276,14,14,2.10962,53.141300000000015,62.05,3,2,4,1,1,0,0.3,322.8980789080516,0,0,4,0,0,1,0,182.11399999999998,2,4,c1ccccc1
UIREF-0039,APYTYPHJQDTHHO-UHFFFAOYSA-N,O=C(Cc1c(O)[nH]c(=S)[nH]c1=O)Nc1ccccc1,1,PubChem,1,"Urease, unspecified origin",1,"Urease, unspecified origin",10.1016/j.bmc.2020.115759,1,10.1016/j.bmc.2020.115759,IC50,1,4.681727919788373,4.681727919788373,4.681727919788373,0.0,Unspecified,False,False,277.305,277.05211221200005,19,19,1.3192899999999999,72.68790000000001,97.97999999999999,4,4,3,2,2,0,0.08333333333333333,706.1498145178764,0,1,7,1,0,1,0,266.217,4,6,O=C(Cc1c[nH]c(=S)[nH]c1=O)Nc1ccccc1
UIREF-0040,AQDMVXJLQSLNAB-UHFFFAOYSA-N,CN(O)C(=O)CC(O)c1ccc(OCc2ccccc2)cc1,1,PubChem,1,Helicobacter pylori,1,Helicobacter pylori,10.1016/j.bmc.2016.07.052,1,10.1016/j.bmc.2016.07.052,IC50,1,3.703334809738469,3.703334809738469,3.703334809738469,0.0,Unspecified,False,False,301.342,301.131408088,22,22,2.5367000000000006,81.34930000000004,70.0,4,2,6,2,2,0,0.23529411764705882,595.8158196749484,0,1,5,0,0,2,0,282.19,2,5,c1ccc(COc2ccccc2)cc1
UIREF-0041,ARANKFFUJKYGSG-UHFFFAOYSA-N,CCC(C)C(C(=O)OC)n1[se]c2ccccc2c1=O,4,PubChem,1,Helicobacter pylori|Sporosarcina pasteurii,2,Helicobacter pylori,10.1021/acs.jmedchem.6b00986,1,10.1021/acs.jmedchem.6b00986,IC50|Ki,3,5.39040559077478,4.58838029403677,6.784626847216578,2.196246553179808,Active|Inactive|Unspecified,True,True,326.254,327.037364704,19,19,1.8186999999999998,75.65600000000003,48.3,3,0,4,2,2,0,0.42857142857142855,643.4236497828565,0,0,5,1,0,1,0,309.11800000000005,0,4,O=c1[nH][se]c2ccccc12
UIREF-0042,AREQPCZWQGRZIU-JLHYYAGUSA-N,COC(=O)/C(=C/c1ccc(C)cc1)CCCP(=O)(O)O,3,PubChem,1,Sporosarcina pasteurii,1,Sporosarcina pasteurii,10.1016/j.ejmech.2018.09.074,1,10.1016/j.ejmech.2018.09.074,IC50|Ki,3,3.605548319173784,3.576754126063192,3.6439741428068775,0.06722001674368538,Unspecified,False,False,298.275,298.097010338,20,20,2.5093200000000015,77.31710000000002,83.83000000000001,3,2,6,1,1,0,0.35714285714285715,527.0001741081763,0,0,6,0,0,1,0,279.123,2,5,c1ccccc1
UIREF-0043,ARWVSXHSSMXFEI-UHFFFAOYSA-N,COc1cc(OC)cc(C(=O)N=Nc2c(O)n(CC=C(C)C)c3ccccc23)c1,3,ChEMBL|PubChem,2,Helicobacter pylori,1,Helicobacter pylori,10.1016/j.bmcl.2018.08.025|CHEMBL4265894,2,10.1016/j.bmcl.2018.08.025,IC50|MIC,2,5.8696662315049934,5.8696662315049934,5.8696662315049934,0.0,Active,True,False,393.4430000000001,393.16885621600005,29,29,5.254400000000004,111.42630000000001,85.41,5,1,6,3,3,0,0.22727272727272727,1086.4380224721367,0,1,7,1,0,2,0,370.2590000000002,1,7,O=C(N=Nc1c[nH]c2ccccc12)c1ccccc1
UIREF-0044,ASZJDTFIBZKMPC-UHFFFAOYSA-N,NS(=O)(=O)c1ccc(NC(=S)NC(=O)c2ccc(Cl)cc2Cl)cc1,2,BindingDB|ChEMBL,2,Canavalia ensiformis,1,Canavalia ensiformis,10.1007/s00044-012-0376-4|CHEMBL3045259,2,CHEMBL3045259,Ki,2,5.718966632752272,5.718966632752272,5.718966632752272,0.0,Active,True,False,404.30000000000007,402.961888572,24,24,2.7676000000000007,97.9641,101.28999999999999,4,3,3,2,2,0,0.0,899.9807279392561,0,1,10,0,0,2,0,393.2120000000001,4,6,O=C(NC(=S)Nc1ccccc1)c1ccccc1
UIREF-0045,AUAAIEKOZNLXMM-JFLMPSFJSA-N,C1=Cc2ccc3cc(/C=N/c4nc(-c5ccccc5)cs4)cc4c3c2C(=CC4)C1,2,BindingDB|PubChem,2,"Canavalia ensiformis|Urease, unspecified origin",2,Canavalia ensiformis,,0,,IC50|Ki,1,5.552841968657781,5.552841968657781,5.552841968657781,0.0,Active,True,False,390.5110000000002,390.11906957599996,29,29,7.070300000000006,124.08400000000005,25.25,3,0,3,6,4,2,0.07692307692307693,1340.1535105270234,0,0,3,1,0,3,2,372.36700000000013,0,2,C1=Cc2ccc3cc(C=Nc4nc(-c5ccccc5)cs4)cc4c3c2C(=CC4)C1
UIREF-0046,AVWBNNRNMWBZAP-UHFFFAOYSA-N,O=C(NNC(=S)Nc1ccccc1F)c1ccc(-c2nc3ccccc3s2)cc1,1,BindingDB,1,Canavalia ensiformis,1,Canavalia ensiformis,10.1016/j.bioorg.2016.03.010,1,10.1016/j.bioorg.2016.03.010,IC50,1,5.468521082957745,5.468521082957745,5.468521082957745,0.0,Active,True,False,422.51000000000016,422.06713132,29,29,4.733800000000002,118.2786,66.05000000000001,4,3,3,4,4,0,0.0,1157.7479416852311,0,1,8,1,0,3,0,407.39000000000016,3,5,O=C(NNC(=S)Nc1ccccc1)c1ccc(-c2nc3ccccc3s2)cc1
UIREF-0047,AVWRRVUHLBRJHW-WOJGMQOQSA-N,CCCCCCCCn1c2ccc(C(C)=O)cc2c2cc(C(=O)/C=C/c3ccc(Cl)cc3)ccc21,3,BindingDB|ChEMBL|PubChem,3,Canavalia ensiformis,1,Canavalia ensiformis,10.1016/j.bmc.2019.115123|CHEMBL4665672,2,10.1016/j.bmc.2019.115123,IC50,3,4.6076548446387955,4.6076548446387955,4.6076548446387955,0.0,Active|Unspecified,True,False,486.05500000000023,485.21215694399996,35,35,8.907100000000002,147.6409999999998,39.07,2,0,11,4,4,0,0.2903225806451613,1378.9002531766346,0,0,4,1,0,3,0,453.79900000000026,0,3,O=C(C=Cc1ccccc1)c1ccc2[nH]c3ccccc3c2c1
UIREF-0048,AVYBHNDWIHYCDM-UHFFFAOYSA-N,CN(C)CP(=O)(O)O,1,PubChem,1,Sporosarcina pasteurii,1,Sporosarcina pasteurii,10.1016/j.bmc.2023.117512,1,10.1016/j.bmc.2023.117512,Ki,1,4.886056647693163,4.886056647693163,4.886056647693163,0.0,Unspecified,False,False,139.09099999999998,139.03982981,8,8,-0.3168000000000001,30.598099999999985,60.77000000000001,2,2,2,0,0,0,1.0,107.09616281328596,0,0,5,0,0,0,0,129.011,2,4,
UIREF-0049,AWFGMPXWNSZBJK-UFFVCSGVSA-N,C/C(=N\NC(=S)Nc1ccc(F)cc1F)c1cc2ccccc2o1,1,PubChem,1,"Urease, unspecified origin",1,"Urease, unspecified origin",,0,,IC50,0,,,,,Active,True,False,345.3740000000001,345.074739476,24,24,4.421600000000002,94.1394,49.56,3,2,3,3,3,0,0.058823529411764705,903.4852841535713,0,0,7,1,0,2,0,332.2700000000001,2,4,S=C(NN=Cc1cc2ccccc2o1)Nc1ccccc1
UIREF-0050,AWFGMPXWNSZBJK-UHFFFAOYSA-N,CC(=NNC(=S)Nc1ccc(F)cc1F)c1cc2ccccc2o1,1,BindingDB,1,Canavalia ensiformis,1,Canavalia ensiformis,10.1016/j.bioorg.2015.06.004,1,10.1016/j.bioorg.2015.06.004,IC50,1,6.412289034981089,6.412289034981089,6.412289034981089,0.0,Active,True,False,345.3740000000001,345.074739476,24,24,4.421600000000002,94.1394,49.56,3,2,3,3,3,0,0.058823529411764705,903.4852841535713,0,0,7,1,0,2,0,332.2700000000001,2,4,S=C(NN=Cc1cc2ccccc2o1)Nc1ccccc1
UIREF-0051,AWGIHZPFFBYXAN-UHFFFAOYSA-N,O=C1N=c2ccc(Cl)cc2=C1Cc1ccc(C(=O)NN=Cc2cccc(O)c2O)cc1,2,BindingDB|ChEMBL,2,Canavalia ensiformis,1,Canavalia ensiformis,10.1016/j.bmcl.2015.05.069|CHEMBL3600348,2,CHEMBL3600348,IC50,2,3.960982678002588,3.960982678002588,3.960982678002588,0.0,Active,True,False,433.85100000000006,433.08293367199997,31,31,2.0683000000000002,115.62579999999998,111.35000000000001,5,3,5,4,3,1,0.043478260869565216,1348.224825726079,0,2,8,0,1,3,0,417.7230000000002,3,7,O=C1N=c2ccccc2=C1Cc1ccc(C(=O)NN=Cc2ccccc2)cc1
UIREF-0052,AYRRNFHDJUXLEQ-UHFFFAOYSA-N,NP(N)(=O)Oc1ccccc1,1,PubChem,1,Sporosarcina pasteurii,1,Sporosarcina pasteurii,10.1021/jm800570q,1,10.1021/jm800570q,Ki,1,9.221848749616356,9.221848749616356,9.221848749616356,0.0,Active,True,False,172.124,172.040164158,11,11,1.0909000000000002,43.05130000000001,78.34,2,2,2,1,1,0,0.0,269.17058906924865,0,0,5,0,0,1,0,163.05199999999996,4,4,c1ccccc1
UIREF-0053,AYSWHCWHSFNFHB-UHFFFAOYSA-N,CCCCC(c1c(O)c2ccccc2oc1=O)c1c(O)c2ccccc2oc1=O,2,BindingDB|ChEMBL,2,Canavalia ensiformis,1,Canavalia ensiformis,10.1016/j.bmc.2005.09.048|CHEMBL1144858,2,CHEMBL1144858,IC50,2,4.190001432083875,4.190000019529944,4.190002844637807,2.825107862314269e-06,Active,True,False,392.4070000000001,392.12598835999995,29,29,4.632700000000004,109.66560000000003,100.88,6,2,5,4,4,0,0.21739130434782608,1215.4940142240541,0,0,6,2,0,2,0,372.2470000000002,2,6,O=c1oc2ccccc2cc1Cc1cc2ccccc2oc1=O
UIREF-0054,BAIRGZMARLGMSF-UHFFFAOYSA-N,O=C(O)C(C[PH](=O)O)c1ccc(O)c(O)c1,2,PubChem,1,Helicobacter pylori|Sporosarcina pasteurii,2,Sporosarcina pasteurii,10.1016/j.ejmech.2023.115528,1,10.1016/j.ejmech.2023.115528,IC50|Ki,2,4.604716687426961,4.230622673923862,4.978810700930062,0.7481880270061998,Unspecified,False,False,246.15500000000003,246.029324702,16,16,0.7329999999999997,56.23570000000002,115.06,4,4,4,1,1,0,0.2222222222222222,430.00742889994086,0,0,7,0,0,1,0,235.06699999999995,4,6,c1ccccc1
UIREF-0055,BAQSHBZCUHZUSE-UHFFFAOYSA-N,FC(F)(F)c1ccc(-c2[nH]c3ccccc3c2-c2nc(-c3ccccc3)c(-c3ccccc3)n2-c2ccc(Cl)cc2)cc1,3,BindingDB|ChEMBL|PubChem,3,Canavalia ensiformis,1,Canavalia ensiformis,10.1016/j.ejmech.2015.08.011|CHEMBL3621141,2,10.1016/j.ejmech.2015.08.011,IC50,3,5.323306390375134,5.323306390375134,5.323306390375134,0.0,Active,True,False,590.0480000000002,589.1532600759999,43,43,10.693799999999989,167.17669999999964,33.61,1,1,5,7,7,0,0.027777777777777776,2042.4395506218539,0,0,7,2,0,5,0,566.8640000000003,1,3,c1ccc(-c2nc(-c3c(-c4ccccc4)[nH]c4ccccc34)n(-c3ccccc3)c2-c2ccccc2)cc1
UIREF-0056,BBAULBCUTURIMD-UHFFFAOYSA-N,NC(=S)NN=Cc1cccc(O)c1O,5,BindingDB|ChEMBL|PubChem,3,Canavalia ensiformis,1,Canavalia ensiformis,10.1016/j.ejmech.2011.09.009|CHEMBL1909545,2,10.1016/j.ejmech.2011.09.009,IC50|Ki,5,6.657577319177793,6.657577319177793,6.896196279044043,0.23861895986624937,Active,True,False,211.246,211.041547528,14,14,0.26489999999999997,57.28670000000002,90.87,4,4,2,1,1,0,0.0,378.8491830995316,0,0,6,0,0,1,0,202.17399999999998,5,5,c1ccccc1
UIREF-0057,BBGNUVHIGIXVMU-UHFFFAOYSA-N,O=[N+]([O-])c1cccc(NCc2ccc(O)c(O)c2)c1,2,PubChem,1,Helicobacter pylori,1,Helicobacter pylori,10.1016/j.bmc.2015.06.014,1,10.1016/j.bmc.2015.06.014,IC50,2,5.327003565294753,5.021363051615525,5.632644078973981,0.6112810273584559,Active,True,False,260.24899999999997,260.079706864,19,19,2.618100000000001,70.19470000000001,95.63000000000001,5,3,4,2,2,0,0.07692307692307693,613.3422540172741,0,0,6,0,0,2,0,248.15299999999996,3,6,c1ccc(CNc2ccccc2)cc1
UIREF-0058,BBKNKFCLJAUUQL-UHFFFAOYSA-N,Fc1ccc(NC(=S)Nc2cccc(Cl)c2)cc1F,3,BindingDB|ChEMBL|PubChem,3,Canavalia ensiformis,1,Canavalia ensiformis,10.1016/j.ejmech.2014.01.001|CHEMBL3120147,2,10.1016/j.ejmech.2014.01.001,IC50,3,4.787812395596042,4.787812395596042,4.787812395596042,0.0,Active|Unspecified,True,False,298.74500000000006,298.01430340800005,19,19,4.427100000000001,77.65340000000002,24.06,1,2,2,2,2,0,0.0,619.3422540172741,0,0,6,0,0,2,0,289.673,2,2,S=C(Nc1ccccc1)Nc1ccccc1
UIREF-0059,BCEVEYRXQTUYLG-UHFFFAOYSA-N,C=C(C(=O)OC)C(OC(C)=O)c1ccccc1,1,PubChem,1,Sporosarcina pasteurii,1,Sporosarcina pasteurii,10.1016/j.ejmech.2017.03.070,1,10.1016/j.ejmech.2017.03.070,IC50,1,3.0604807473813818,3.0604807473813818,3.0604807473813818,0.0,Unspecified,False,False,234.251,234.089208928,17,17,2.02,62.10500000000004,52.6,4,0,4,1,1,0,0.23076923076923078,422.3054197387477,0,0,4,0,0,1,0,220.13899999999995,0,4,c1ccccc1
UIREF-0060,BDNIFQAPTLPKST-UHFFFAOYSA-N,C#CCOC(=O)Cc1ccc(O)c(O)c1,2,PubChem,1,Sporosarcina pasteurii,1,Sporosarcina pasteurii,10.1016/j.bmcl.2019.02.032|10.1021/acs.jmedchem.0c01143,2,10.1016/j.bmcl.2019.02.032,IC50,2,6.284833448309984,6.2839966563652006,6.285670240254767,0.001673583889566288,Active,True,False,206.197,206.0579088,15,15,0.8167,53.26760000000003,66.76,4,2,3,1,1,0,0.18181818181818182,403.5392154173126,0,0,4,0,0,1,0,196.11699999999996,2,4,c1ccccc1
UIREF-0061,BDUFIUKJOJCAHE-UHFFFAOYSA-N,Cc1ccc(C2CC(c3ccccc3)=Nc3ccccc3S2)cc1,1,BindingDB,1,Canavalia ensiformis,1,Canavalia ensiformis,10.1080/14756360801945598,1,10.1080/14756360801945598,IC50,1,4.6081830763867515,4.6081830763867515,4.6081830763867515,0.0,Active,True,False,329.4680000000001,329.123820608,24,24,6.352920000000005,103.47500000000004,12.36,2,0,2,4,3,1,0.13636363636363635,865.9864688105239,0,0,2,0,1,3,0,310.316,0,1,c1ccc(C2=Nc3ccccc3SC(c3ccccc3)C2)cc1
UIREF-0062,BEGDTMGIMSLXSZ-UHFFFAOYSA-N,O=c1c(C(c2cccc(Cl)c2)c2c(O)oc3ccccc3c2=O)c(O)oc2ccccc12,2,BindingDB|ChEMBL,2,Canavalia ensiformis,1,Canavalia ensiformis,10.1016/j.bmc.2005.09.048|CHEMBL1144858,2,CHEMBL1144858,IC50,2,4.13000008278075,4.130000024196025,4.130000141365475,1.1716945014228486e-07,Active,True,False,446.84200000000016,446.05571588,32,32,5.144200000000004,120.69460000000002,100.88,6,2,3,5,5,0,0.04,1516.053486727106,0,0,7,2,0,3,0,431.72200000000026,2,6,O=c1c(C(c2ccccc2)c2coc3ccccc3c2=O)coc2ccccc12
UIREF-0063,BENMRUQDUFAROX-ZRDIBKRKSA-N,COC(=O)/C(=C/c1ccc(Cl)cc1)CCCCP(=O)(O)O,3,PubChem,1,Sporosarcina pasteurii,1,Sporosarcina pasteurii,10.1016/j.ejmech.2018.09.074,1,10.1016/j.ejmech.2018.09.074,IC50|Ki,3,5.197226274708024,4.234331445240986,5.326979092871104,1.092647647630118,Active|Unspecified,True,False,332.71999999999997,332.05803798599993,21,21,3.2444000000000033,82.20710000000003,83.83000000000001,3,2,7,1,1,0,0.35714285714285715,546.9877239389855,0,0,7,0,0,1,0,314.576,2,5,c1ccccc1
UIREF-0064,BFNDWBVORMUOIA-ZWKOTPCHSA-N,COc1cc(CC[C@@H](O)C[C@@H](O)CCc2ccc(O)cc2)ccc1O,1,PubChem,1,"Urease, unspecified origin",1,"Urease, unspecified origin",10.1039/d3md00645j,1,10.1039/d3md00645j,IC50,1,3.816160962943579,3.816160962943579,3.816160962943579,0.0,Unspecified,False,False,346.423,346.178023932,25,25,2.783700000000002,96.03820000000005,90.15,5,4,9,2,2,0,0.4,653.6361307604374,0,0,5,0,0,2,0,320.2150000000001,4,5,c1ccc(CCCCCCCc2ccccc2)cc1
UIREF-0065,BFOLTCOQDQOJOY-UHFFFAOYSA-N,CCCNCP(=O)(O)CN,2,PubChem,1,Proteus mirabilis|Sporosarcina pasteurii,2,Sporosarcina pasteurii,10.1021/ml500380f,1,10.1021/ml500380f,Ki,2,4.8733309973369465,4.795880017344075,4.950781977329818,0.15490195998574308,Unspecified,False,False,166.161,166.08711434999998,10,10,0.1301,42.0404,75.35,3,3,5,0,0,0,1.0,128.81635834269235,0,0,5,0,0,0,0,151.041,4,4,
UIREF-0066,BGNASDWWZLEMPF-UHFFFAOYSA-N,ON=C(O)CC(O)c1cc(Cl)ccc1OCc1ccccc1,2,PubChem,1,"Helicobacter pylori|Urease, unspecified origin",2,Helicobacter pylori,10.1016/j.bmc.2016.07.052|10.1016/j.ejmech.2022.114273,2,10.1016/j.bmc.2016.07.052,IC50,2,6.823908740944319,6.823908740944319,6.823908740944319,0.0,Active,True,False,321.76000000000005,321.076785672,22,22,3.688200000000002,83.65310000000004,82.28000000000002,4,3,6,2,2,0,0.1875,645.8489951677822,0,0,6,0,0,2,0,305.63200000000006,3,5,c1ccc(COc2ccccc2)cc1
UIREF-0067,BIBMJENKHNIAKX-UHFFFAOYSA-N,CC(c1ccccc1)C(c1c(O)c2ccccc2oc1=O)c1c(O)c2ccccc2oc1=O,2,BindingDB|ChEMBL,2,Canavalia ensiformis,1,Canavalia ensiformis,10.1016/j.bmc.2005.09.048|CHEMBL1144858,2,CHEMBL1144858,IC50,2,4.27999893269415,4.279997898282849,4.279999967105453,2.068822603895626e-06,Active,True,False,440.4510000000002,440.1259883599999,33,33,5.246200000000005,124.99760000000003,100.88,6,2,4,5,5,0,0.1111111111111111,1497.7378223540527,0,0,6,2,0,3,0,420.2910000000002,2,6,O=c1oc2ccccc2cc1C(Cc1ccccc1)c1cc2ccccc2oc1=O
UIREF-0068,BJBRAZUMUURVQG-UHFFFAOYSA-N,O=C(O)c1cccc(N=Cc2c(O)[nH]c(=S)[nH]c2=O)c1,2,BindingDB|PubChem,2,Canavalia ensiformis,1,Canavalia ensiformis,10.1016/j.bmc.2015.05.038,1,10.1016/j.bmc.2015.05.038,IC50,2,4.660946264290861,4.660946264290861,4.660946264290861,0.0,Active|Unspecified,True,False,291.28800000000007,291.03137676800003,20,20,1.5868899999999997,74.56750000000001,118.53999999999999,5,4,3,2,2,0,0.0,806.8351134430266,0,0,8,1,0,1,0,282.216,4,7,O=c1[nH]c(=S)[nH]cc1C=Nc1ccccc1
UIREF-0069,BJJZTGYVMKGOEY-UHFFFAOYSA-N,COc1cccc(C(=O)N=Nc2c(O)n(CC=C(C)C)c3ccccc23)c1,3,ChEMBL|PubChem,2,Helicobacter pylori,1,Helicobacter pylori,10.1016/j.bmcl.2018.08.025|CHEMBL4265894,2,10.1016/j.bmcl.2018.08.025,IC50|MIC,2,5.085656842880559,5.085656842880559,5.085656842880559,0.0,Active|Unspecified,True,False,363.4170000000001,363.158291532,27,27,5.2458000000000045,104.8743,76.18,4,1,5,3,3,0,0.19047619047619047,1044.0064933505403,0,1,6,1,0,2,0,342.24900000000014,1,6,O=C(N=Nc1c[nH]c2ccccc12)c1ccccc1
UIREF-0070,BJSSEYNTWYGIGS-UHFFFAOYSA-N,O=c1c(S(=O)(=O)c2cccc3ccccc23)c(O)oc2ccccc12,1,BindingDB,1,Sporosarcina pasteurii,1,Sporosarcina pasteurii,10.1016/j.bioorg.2016.04.005,1,10.1016/j.bioorg.2016.04.005,IC50,1,4.157827770614384,4.157827770614384,4.157827770614384,0.0,Active,True,False,352.3670000000001,352.040544484,25,25,3.4846000000000013,93.54860000000002,84.58,5,1,2,4,4,0,0.0,1280.953701518458,0,0,6,1,0,3,0,340.2710000000001,1,5,O=c1c(S(=O)(=O)c2cccc3ccccc23)coc2ccccc12
UIREF-0071,BLADNMUEMJKCGP-UHFFFAOYSA-N,NS(=O)(=O)c1ccc(NC(=S)NC=O)cc1,2,BindingDB|ChEMBL,2,Canavalia ensiformis,1,Canavalia ensiformis,10.1007/s00044-012-0376-4|CHEMBL3045259,2,CHEMBL3045259,Ki,2,5.882728704344236,5.882728704344236,5.882728704344236,0.0,Active,True,False,259.312,259.008533148,16,16,-0.22320000000000007,63.23560000000001,101.28999999999999,4,3,3,1,1,0,0.0,495.7647499226662,0,1,8,0,0,1,0,250.23999999999998,4,6,c1ccccc1
UIREF-0072,BLXIFQGFFAOFAT-PKNBQFBNSA-N,COC(=O)/C(=C/c1ccccc1)CCP(=O)(O)O,5,PubChem,1,Proteus mirabilis|Sporosarcina pasteurii,2,Sporosarcina pasteurii,10.1016/j.ejmech.2017.03.070,1,10.1016/j.ejmech.2017.03.070,IC50|Ki,5,5.435333935747911,5.368556230986828,5.818156412055227,0.4496001810683996,Active,True,False,270.22099999999995,270.06571021,18,18,1.8107999999999995,67.96310000000003,83.83000000000001,3,2,5,1,1,0,0.25,474.5009540976035,0,0,6,0,0,1,0,255.10099999999994,2,5,c1ccccc1
UIREF-0073,BMIRLMMQRACELA-MLPAPPSSSA-N,COc1ccc(/C=N\N=c2[nH]c(O)cs2)c(OC)c1,1,BindingDB,1,Sporosarcina pasteurii,1,Sporosarcina pasteurii,10.1016/j.bioorg.2015.10.005,1,10.1016/j.bioorg.2015.10.005,IC50,1,4.157078879240018,4.157078879240018,4.157078879240018,0.0,Active,True,False,279.321,279.06776227600005,19,19,1.7337999999999998,73.03750000000002,79.2,6,2,4,2,2,0,0.16666666666666666,645.6643197443336,0,0,7,1,0,1,0,266.217,2,6,C(=NN=c1[nH]ccs1)c1ccccc1
UIREF-0074,BNTYYLUAJWZDNM-UHFFFAOYSA-N,O=c1[nH]c(=S)[nH]c(O)c1C=Nc1cc(Cl)cc(Cl)c1,2,BindingDB|PubChem,2,Canavalia ensiformis,1,Canavalia ensiformis,10.1016/j.bmc.2015.05.038,1,10.1016/j.bmc.2015.05.038,IC50,2,4.0498299401918,4.0498299401918,4.0498299401918,0.0,Active|Unspecified,True,False,316.1690000000001,314.963602824,19,19,3.1954900000000004,77.62819999999999,81.24,4,3,2,2,2,0,0.0,747.0161068380016,0,0,8,1,0,1,0,309.113,3,5,O=c1[nH]c(=S)[nH]cc1C=Nc1ccccc1
UIREF-0075,BPAQVZKIEHNHMG-UHFFFAOYSA-N,ON=C(O)CCNc1cccc(Cl)c1Cl,2,PubChem,1,Helicobacter pylori,1,Helicobacter pylori,10.1016/j.ejmech.2018.06.065,1,10.1016/j.ejmech.2018.06.065,IC50,1,5.416801226031377,5.416801226031377,5.416801226031377,0.0,Active|Inconclusive,True,False,249.097,248.01193292,15,15,3.1411000000000016,61.41900000000002,64.85000000000001,3,3,4,1,1,0,0.2222222222222222,369.1300188482176,0,0,6,0,0,1,0,239.017,3,4,c1ccccc1
UIREF-0076,BPBPGQGZBCXYEW-UHFFFAOYSA-N,ON=C(O)CCOc1ccc(Cl)c(Cl)c1,2,PubChem,1,Helicobacter pylori,1,Helicobacter pylori,10.1016/j.bmc.2018.07.003,1,10.1016/j.bmc.2018.07.003,IC50,2,6.63264007917216,6.050609993355087,7.214670164989233,1.164060171634146,Active,True,False,250.08100000000002,248.995948508,15,15,3.1080000000000005,58.42430000000002,62.05000000000001,3,2,4,1,1,0,0.2222222222222222,368.37513134605416,0,0,6,0,0,1,0,241.009,2,4,c1ccccc1
UIREF-0077,BPFKYTTYZOXZTI-UHFFFAOYSA-N,Cc1ccc(C(c2c[nH]c3ccc(C(=O)NNC(=S)Nc4cccc(F)c4)cc23)c2c[nH]c3ccc(C(=O)NNC(=S)Nc4cccc(F)c4)cc23)cc1,3,BindingDB|ChEMBL|PubChem,3,Canavalia ensiformis,1,Canavalia ensiformis,10.1016/j.bmc.2017.11.028|CHEMBL4177710,2,10.1016/j.bmc.2017.11.028,IC50,3,6.008773924307505,6.008773924307505,6.008773924307505,0.0,Active,True,False,758.8800000000001,758.205770704,54,54,7.678820000000004,215.1665999999998,137.9,4,8,7,7,7,0,0.05,2398.1011406900025,0,2,14,2,0,5,0,726.6239999999999,8,10,O=C(NNC(=S)Nc1ccccc1)c1ccc2[nH]cc(C(c3ccccc3)c3c[nH]c4ccc(C(=O)NNC(=S)Nc5ccccc5)cc34)c2c1
UIREF-0078,BQPAIVOCCIJWHI-UHFFFAOYSA-N,Nc1cccc(C(c2c(O)c3ccccc3oc2=O)c2c(O)c3ccccc3oc2=O)c1,4,BindingDB|ChEMBL|PubChem,3,"Canavalia ensiformis|Urease, unspecified origin",2,Canavalia ensiformis,10.1016/j.bmc.2005.09.048|10.1016/j.ejmech.2022.114273|10.1080/14756360409162452|CHEMBL1144858,4,CHEMBL1144858,IC50,4,4.124505585971671,4.119998611678231,4.129011186239425,0.00901257456119442,Active|Unspecified,True,False,427.4120000000002,427.10558726399995,32,32,4.073000000000002,120.09700000000001,126.9,7,3,3,5,5,0,0.04,1516.053486727106,0,0,7,2,0,3,0,410.2760000000002,4,7,O=c1oc2ccccc2cc1C(c1ccccc1)c1cc2ccccc2oc1=O
UIREF-0079,BQPBSCQRYDACID-UHFFFAOYSA-N,O=c1[nH]c(=S)[nH]c(O)c1C=Nc1ccccc1O,2,BindingDB|PubChem,2,Canavalia ensiformis,1,Canavalia ensiformis,10.1016/j.bmc.2015.05.038,1,10.1016/j.bmc.2015.05.038,IC50,2,4.705533773838407,4.705533773838407,4.705533773838407,0.0,Active|Unspecified,True,False,263.278,263.036462148,18,18,1.5942899999999998,69.27300000000001,101.47,5,4,2,2,2,0,0.0,717.9587564898901,0,0,7,1,0,1,0,254.20599999999996,4,6,O=c1[nH]c(=S)[nH]cc1C=Nc1ccccc1
UIREF-0080,BQUQAZOKMPAFKV-UHFFFAOYSA-N,Cc1nc(NC(=S)Nc2ccccc2)ccc1Br,3,BindingDB|ChEMBL|PubChem,3,Canavalia ensiformis,1,Canavalia ensiformis,10.1016/j.ejmech.2014.01.001|CHEMBL3120147,2,10.1016/j.ejmech.2014.01.001,IC50,3,4.082494490447453,4.082494490447453,4.082494490447453,0.0,Active|Unspecified,True,False,322.231,320.99353048399996,18,18,3.9614200000000013,82.95940000000003,36.95,2,2,2,2,2,0,0.07692307692307693,557.4177441869939,0,0,5,1,0,1,0,310.135,2,3,S=C(Nc1ccccc1)Nc1ccccn1
UIREF-0081,BSHQAWCSPMFADB-UHFFFAOYSA-N,O=C(NC(=S)Nc1ccccc1[N+](=O)[O-])c1cccc(Cl)c1,3,BindingDB|ChEMBL|PubChem,3,Canavalia ensiformis,1,Canavalia ensiformis,10.1016/j.bmc.2016.07.042|CHEMBL3826920,2,10.1016/j.bmc.2016.07.042,IC50,3,5.066006836168757,5.066006836168757,5.066006836168757,0.0,Active,True,False,335.77200000000005,335.01313986,22,22,3.375000000000001,88.23530000000001,84.27,4,2,3,2,2,0,0.0,751.6178506161107,0,1,8,0,0,2,0,325.69200000000006,2,6,O=C(NC(=S)Nc1ccccc1)c1ccccc1
UIREF-0082,BTAGUBLFZICRGQ-UHFFFAOYSA-N,COC(=O)c1ccc(NC(=O)Cc2c(O)[nH]c(=S)[nH]c2=O)cc1,1,PubChem,1,"Urease, unspecified origin",1,"Urease, unspecified origin",10.1016/j.bmc.2020.115759,1,10.1016/j.bmc.2020.115759,IC50,1,4.641113795594131,4.641113795594131,4.641113795594131,0.0,Unspecified,False,False,335.341,335.057591516,23,23,1.10589,84.0274,124.27999999999997,6,4,4,2,2,0,0.14285714285714285,853.9518398465746,0,1,9,1,0,1,0,322.2370000000001,4,8,O=C(Cc1c[nH]c(=S)[nH]c1=O)Nc1ccccc1
UIREF-0083,BTQLSSLFYWVJBE-UHFFFAOYSA-N,CN(O)C(=O)CC(O)c1c(Cl)cccc1Cl,1,PubChem,1,Helicobacter pylori,1,Helicobacter pylori,10.1016/j.bmc.2016.07.052,1,10.1016/j.bmc.2016.07.052,IC50,1,4.108462542327436,4.108462542327436,4.108462542327436,0.0,Unspecified,False,False,264.108,263.011598572,16,16,2.2645,60.59530000000002,60.769999999999996,3,2,3,1,1,0,0.3,375.4005737154221,0,1,6,0,0,1,0,253.01999999999998,2,4,c1ccccc1
UIREF-0084,BUFOHUXVVLVRBQ-UHFFFAOYSA-N,Cc1cc(C)n(CN(Cn2nc(C)cc2C)C2CCCCC2)n1,2,BindingDB|ChEMBL,2,Canavalia ensiformis,1,Canavalia ensiformis,10.1007/s00044-011-9804-0|CHEMBL3045895,2,CHEMBL3045895,IC50,2,4.361910278015494,4.361910278015494,4.361910278015494,0.0,Active,True,False,315.46500000000015,315.24229592800003,23,23,3.5631800000000027,92.11400000000006,38.88,3,0,5,3,2,1,0.6666666666666666,600.1662213028758,0,0,5,2,0,0,1,286.233,0,5,c1cnn(CN(Cn2cccn2)C2CCCCC2)c1
UIREF-0085,BULOQSQVPWXQIW-UHFFFAOYSA-N,O=C(Cc1ccc(O)c(O)c1)OCCc1ccccc1,1,PubChem,1,Sporosarcina pasteurii,1,Sporosarcina pasteurii,10.1016/j.bmcl.2019.02.032,1,10.1016/j.bmcl.2019.02.032,IC50,1,5.184422251675732,5.184422251675732,5.184422251675732,0.0,Active,True,False,272.29999999999995,272.104858992,20,20,2.4262000000000006,74.58060000000005,66.76,4,2,5,2,2,0,0.1875,578.2856731418286,0,0,4,0,0,2,0,256.17199999999997,2,4,O=C(Cc1ccccc1)OCCc1ccccc1
UIREF-0086,BVUCYYIGPMTQPK-UHFFFAOYSA-N,Oc1cccc(C=Nc2nc(-c3ccccc3)cs2)c1O,2,BindingDB|PubChem,2,"Canavalia ensiformis|Urease, unspecified origin",2,Canavalia ensiformis,,0,,IC50,1,4.707079700399994,4.707079700399994,4.707079700399994,0.0,Active|Inactive,True,True,296.35100000000006,296.06194862399997,21,21,3.971900000000002,84.57560000000002,65.71000000000001,5,2,3,3,3,0,0.0,781.9808906306841,0,0,5,1,0,2,0,284.255,2,4,C(=Nc1nc(-c2ccccc2)cs1)c1ccccc1
UIREF-0087,BWAUURSNSPNMMP-UHFFFAOYSA-N,COc1ccc(C2=COc3cc(O)ccc3C2)cc1,1,PubChem,1,Helicobacter pylori,1,Helicobacter pylori,10.1016/j.ejmech.2013.03.016,1,10.1016/j.ejmech.2013.03.016,IC50,1,4.064492734175287,4.064492734175287,4.064492734175287,0.0,Unspecified,False,False,254.285,254.094294308,19,19,3.376800000000002,73.40980000000002,38.69,3,1,2,3,2,1,0.125,626.9423473088626,0,0,3,0,1,2,0,240.17299999999994,1,3,C1=C(c2ccccc2)Cc2ccccc2O1
UIREF-0088,BWLDUBOMWPBSKO-SRZZPIQSSA-N,NC(=S)N/N=C/Cc1ccc2ccc3cccc4ccc1c2c34,2,BindingDB|PubChem,2,"Canavalia ensiformis|Urease, unspecified origin",2,Canavalia ensiformis,10.1111/cbdd.12379,1,10.1111/cbdd.12379,IC50,1,5.315154638355588,5.315154638355588,5.315154638355588,0.0,Active,True,False,317.4170000000001,317.09866848,23,23,3.9455000000000027,102.26310000000004,50.41,2,2,3,4,4,0,0.05263157894736842,1036.7334340693662,0,0,4,0,0,4,0,302.297,3,3,c1cc2ccc3cccc4ccc(c1)c2c34
UIREF-0089,BWLUOWYGBIIQGI-UHFFFAOYSA-N,Cc1ccc(-n2c(-c3c(-c4ccc(C(F)(F)F)cc4)[nH]c4ccccc34)nc(-c3ccccc3)c2-c2ccccc2)cc1,3,BindingDB|ChEMBL|PubChem,3,Canavalia ensiformis,1,Canavalia ensiformis,10.1016/j.ejmech.2015.08.011|CHEMBL3621141,2,10.1016/j.ejmech.2015.08.011,IC50,3,6.920818753952375,6.920818753952375,6.920818753952375,0.0,Active,True,False,569.6300000000002,569.2078824920001,43,43,10.348819999999993,166.90369999999962,33.61,1,1,5,7,7,0,0.05405405405405406,2035.807076145505,0,0,6,2,0,5,0,543.4220000000004,1,3,c1ccc(-c2nc(-c3c(-c4ccccc4)[nH]c4ccccc34)n(-c3ccccc3)c2-c2ccccc2)cc1
UIREF-0090,BXRGFTDFHQXCIC-UHFFFAOYSA-N,CCCOC(=O)Cc1ccc(O)c(O)c1,1,PubChem,1,Sporosarcina pasteurii,1,Sporosarcina pasteurii,10.1016/j.bmcl.2019.02.032,1,10.1016/j.bmcl.2019.02.032,IC50,1,4.648010544564368,4.648010544564368,4.648010544564368,0.0,Unspecified,False,False,210.22899999999998,210.089208928,15,15,1.5935,54.725600000000036,66.76,4,2,4,1,1,0,0.36363636363636365,346.4412000308171,0,0,4,0,0,1,0,196.11699999999996,2,4,c1ccccc1
UIREF-0091,BXVXUTPRLIPEKU-ZRDIBKRKSA-N,COC(=O)/C(=C/c1ccccc1)CCCP(=O)(O)O,3,PubChem,1,Sporosarcina pasteurii,1,Sporosarcina pasteurii,10.1016/j.ejmech.2018.09.074,1,10.1016/j.ejmech.2018.09.074,IC50|Ki,3,3.484126156288321,3.3477536589966768,3.539102157243452,0.19134849824677502,Unspecified,False,False,284.24799999999993,284.081360274,19,19,2.2009000000000007,72.58010000000003,83.83000000000001,3,2,6,1,1,0,0.3076923076923077,489.01485729639387,0,0,6,0,0,1,0,267.11199999999997,2,5,c1ccccc1
UIREF-0092,BXZAQFVBTZPRQF-SFQUDFHCSA-N,CCCCCCCCn1c2ccc(C(C)=O)cc2c2cc(C(=O)/C=C/c3cccc([N+](=O)[O-])c3)ccc21,3,BindingDB|ChEMBL|PubChem,3,Canavalia ensiformis,1,Canavalia ensiformis,10.1016/j.bmc.2019.115123|CHEMBL4665672,2,10.1016/j.bmc.2019.115123,IC50,3,4.849243560139691,4.849243560139691,4.849243560139691,0.0,Active|Unspecified,True,False,496.60700000000026,496.23620750399994,37,37,8.161900000000006,149.28539999999978,82.21,4,0,12,4,4,0,0.2903225806451613,1496.1597438977717,0,0,6,1,0,3,0,464.35100000000034,0,6,O=C(C=Cc1ccccc1)c1ccc2[nH]c3ccccc3c2c1
UIREF-0093,BYNPEQLJVPUBCO-UHFFFAOYSA-N,CC(C)C(NC(=O)CNC(=O)C(Cc1ccccc1)NC(=O)CNC(=O)Nc1cccc(F)c1)C(=O)N1CCCC1C(=O)N1CCN(c2nsc3ccccc23)CC1,2,BindingDB|ChEMBL,2,Canavalia ensiformis,1,Canavalia ensiformis,10.1016/j.ejmech.2014.09.098|CHEMBL3352339,2,CHEMBL3352339,IC50,2,4.366531544420414,4.366531544420414,4.366531544420414,0.0,Active,True,False,813.9569999999994,813.3432294759999,58,58,2.8812000000000033,218.4244999999995,185.18,9,5,14,6,4,2,0.3902439024390244,2109.3131724178443,0,7,17,1,2,3,0,765.5729999999998,5,15,O=C(CNC(=O)C(Cc1ccccc1)NC(=O)CNC(=O)Nc1ccccc1)NCC(=O)N1CCCC1C(=O)N1CCN(c2nsc3ccccc23)CC1
UIREF-0094,BYVWXQRJRYELNP-UHFFFAOYSA-N,O=C1C(O)c2c(O)cc(O)cc2OC1c1ccc(O)c(O)c1,1,PubChem,1,Helicobacter pylori,1,Helicobacter pylori,10.1016/j.ejmech.2013.03.016,1,10.1016/j.ejmech.2013.03.016,IC50,1,4.359518563029578,4.359518563029578,4.359518563029578,0.0,Unspecified,False,False,304.254,304.058302724,22,22,1.2451999999999996,72.87900000000002,127.45000000000002,7,5,1,3,2,1,0.13333333333333333,768.7265466155635,0,0,7,0,1,2,0,292.158,5,7,O=C1Cc2ccccc2OC1c1ccccc1
UIREF-0095,BZKFMUIJRXWWQK-UHFFFAOYSA-N,O=C1C=CCC1,3,PubChem,1,Sporosarcina pasteurii,1,Sporosarcina pasteurii,10.1016/j.bmcl.2017.02.022,1,10.1016/j.bmcl.2017.02.022,Ki,3,6.536107011014092,4.949620243738543,6.634512015109101,1.684891771370558,Active|Unspecified,True,False,82.10200000000002,82.041864812,6,6,0.9055,23.380999999999993,17.07,1,0,0,1,0,1,0.4,92.11156720155853,0,0,1,0,0,0,1,76.05399999999999,0,1,O=C1C=CCC1
UIREF-0096,CAEAJLGGLHLUGG-UHFFFAOYSA-N,Cc1ccc(C(c2c[nH]c3ccc(C(=O)NNC(=S)Nc4cccc(Br)c4)cc23)c2c[nH]c3ccc(C(=O)NNC(=S)Nc4cccc(Br)c4)cc23)cc1,3,BindingDB|ChEMBL|PubChem,3,Canavalia ensiformis,1,Canavalia ensiformis,10.1016/j.bmc.2017.11.028|CHEMBL4177710,2,10.1016/j.bmc.2017.11.028,IC50,3,5.7447274948966935,5.7447274948966935,5.7447274948966935,0.0,Active,True,False,880.6919999999999,878.045638464,54,54,8.925619999999999,230.65059999999977,137.9,4,8,7,7,7,0,0.05,2398.1011406900025,0,2,14,2,0,5,0,848.4359999999997,8,10,O=C(NNC(=S)Nc1ccccc1)c1ccc2[nH]cc(C(c3ccccc3)c3c[nH]c4ccc(C(=O)NNC(=S)Nc5ccccc5)cc34)c2c1
UIREF-0097,CBBOPKYFNPSHKB-UHFFFAOYSA-N,COc1cccc(C=Nc2nc(-c3ccccc3)cs2)c1O,2,BindingDB|PubChem,2,"Canavalia ensiformis|Urease, unspecified origin",2,Canavalia ensiformis,,0,,IC50|Ki,1,5.055517327849831,5.055517327849831,5.055517327849831,0.0,Active,True,False,310.37800000000004,310.07759868799997,22,22,4.274900000000002,89.46280000000003,54.71000000000001,5,1,4,3,3,0,0.058823529411764705,797.4284410769817,0,0,5,1,0,2,0,296.26599999999996,1,4,C(=Nc1nc(-c2ccccc2)cs1)c1ccccc1
UIREF-0098,CBRQSULGTSZLOT-UHFFFAOYSA-N,Oc1[nH]c2ccccc2c1N=NC#SNc1cccc(F)c1,1,BindingDB,1,Canavalia ensiformis,1,Canavalia ensiformis,10.1080/14756360802188420,1,10.1080/14756360802188420,IC50,1,4.295849483160201,4.295849483160201,4.295849483160201,0.0,Active,True,False,314.345,314.063760192,22,22,4.773300000000002,85.98120000000002,72.77,4,3,2,3,3,0,0.0,910.536713840915,0,0,7,1,0,2,0,303.257,3,5,C(N=Nc1c[nH]c2ccccc12)#SNc1ccccc1
UIREF-0099,CCJLQKSNOOKZBC-UHFFFAOYSA-N,CCCCCCCCCCCCCCCCOC(=O)Cc1ccc(O)c(O)c1,1,PubChem,1,Sporosarcina pasteurii,1,Sporosarcina pasteurii,10.1016/j.bmcl.2019.02.032,1,10.1016/j.bmcl.2019.02.032,IC50,0,,,,,Inactive,False,True,392.58000000000004,392.29265975999994,28,28,6.664800000000008,114.74660000000007,66.76,4,2,17,1,1,0,0.7083333333333334,527.3364752251348,0,0,4,0,0,1,0,352.2600000000001,2,4,c1ccccc1
UIREF-0100,CCOJFDRSZSSKOG-UHFFFAOYSA-N,COc1ccc(C(C)C(=O)c2ccc(O)cc2O)cc1,1,PubChem,1,Helicobacter pylori,1,Helicobacter pylori,10.1016/j.ejmech.2013.03.016,1,10.1016/j.ejmech.2013.03.016,IC50,1,2.9788107009300617,2.9788107009300617,2.9788107009300617,0.0,Unspecified,False,False,272.3,272.104858992,20,20,3.092800000000002,75.51110000000003,66.76,4,2,4,2,2,0,0.1875,616.8740408476585,0,0,4,0,0,2,0,256.17199999999997,2,4,O=C(Cc1ccccc1)c1ccccc1
UIREF-0101,CDCROOFTSXKGIN-UHFFFAOYSA-N,O=C(NC(=S)Nc1cc(Cl)c(Cl)cc1Cl)c1cccc(Cl)c1,3,BindingDB|ChEMBL|PubChem,3,Canavalia ensiformis,1,Canavalia ensiformis,10.1016/j.bmc.2016.07.042|CHEMBL3826920,2,10.1016/j.bmc.2016.07.042,IC50,3,5.130181792020672,5.130181792020672,5.130181792020672,0.0,Active,True,False,394.11,391.911144596,22,22,5.427000000000001,96.6109,41.13,2,2,2,2,2,0,0.0,751.6178506161108,0,1,8,0,0,2,0,386.0460000000001,2,3,O=C(NC(=S)Nc1ccccc1)c1ccccc1
UIREF-0102,CDERHMJGGNNJGN-ICFOKQHNSA-N,Cc1cs/c(=N\C(=O)c2ccco2)n1-c1ccc(S(N)(=O)=O)cc1,1,BindingDB,1,Canavalia ensiformis,1,Canavalia ensiformis,10.1111/cbdd.12675,1,10.1111/cbdd.12675,IC50,1,7.080921907623926,7.080921907623926,7.080921907623926,0.0,Active,True,False,363.42000000000013,363.034747896,24,24,1.8287200000000001,88.35770000000001,107.66,5,1,3,3,3,0,0.06666666666666667,1043.0917342873008,0,1,9,2,0,1,0,350.31600000000003,2,7,O=C(N=c1sccn1-c1ccccc1)c1ccco1
UIREF-0103,CDERHMJGGNNJGN-UHFFFAOYSA-N,Cc1csc(=NC(=O)c2ccco2)n1-c1ccc(S(N)(=O)=O)cc1,1,PubChem,1,Canavalia ensiformis,1,Canavalia ensiformis,,0,,IC50,0,,,,,Active,True,False,363.42000000000013,363.034747896,24,24,1.8287200000000001,88.35770000000001,107.66,5,1,3,3,3,0,0.06666666666666667,1043.0917342873008,0,1,9,2,0,1,0,350.31600000000003,2,7,O=C(N=c1sccn1-c1ccccc1)c1ccco1
UIREF-0104,CDGFKZFNANXOIV-UHFFFAOYSA-N,CC(Oc1ccc(Br)cc1)c1nnc(Nc2ccc(F)cc2)o1,1,BindingDB,1,Canavalia ensiformis,1,Canavalia ensiformis,10.1111/cbdd.12297,1,10.1111/cbdd.12297,IC50,1,5.20690839982342,5.20690839982342,5.20690839982342,0.0,Active,True,False,378.201,377.017516976,23,23,4.854800000000003,87.16570000000002,60.18000000000001,5,1,5,3,3,0,0.125,774.779262239478,0,0,7,1,0,2,0,365.09700000000015,1,5,c1ccc(Nc2nnc(COc3ccccc3)o2)cc1
UIREF-0105,CDTZFFAOENGXSO-UHFFFAOYSA-N,O=C(NN=Cc1c(O)ccc2c(=O)cc(-c3ccc(F)cc3)oc12)c1ccccc1,1,PubChem,1,"Urease, unspecified origin",1,"Urease, unspecified origin",10.1016/j.ejmech.2022.114273,1,10.1016/j.ejmech.2022.114273,IC50,1,5.918292729902651,5.918292729902651,5.918292729902651,0.0,Active,True,False,402.3810000000001,402.10158518000003,30,30,4.068600000000003,111.04499999999997,91.89999999999999,5,2,4,4,4,0,0.0,1313.1172404359168,0,1,7,1,0,3,0,387.2610000000002,2,6,O=C(NN=Cc1cccc2c(=O)cc(-c3ccccc3)oc12)c1ccccc1
UIREF-0106,CEHMZNCGHJUNPZ-UHFFFAOYSA-N,O=[N+]([O-])c1cccc(N(CC(O)=NO)S(=O)(=O)c2ccccc2Cl)c1,1,PubChem,1,Helicobacter pylori,1,Helicobacter pylori,10.1016/j.bmcl.2022.129043,1,10.1016/j.bmcl.2022.129043,IC50,1,4.657577319177793,4.657577319177793,4.657577319177793,0.0,Unspecified,False,False,385.7850000000001,385.013533784,25,25,2.789200000000001,90.93050000000002,133.34,6,2,6,2,2,0,0.07142857142857142,931.6692569602055,0,0,11,0,0,2,0,373.68900000000014,2,9,O=S(=O)(Nc1ccccc1)c1ccccc1
UIREF-0107,CEIVIFOSSBXXNW-UHFFFAOYSA-N,Oc1ccc(CCc2ccc(Br)cc2)c(O)c1O,2,PubChem,1,Helicobacter pylori,1,Helicobacter pylori,10.1016/j.ejmech.2010.08.015,1,10.1016/j.ejmech.2010.08.015,IC50,1,4.318758762624412,4.318758762624412,4.318758762624412,0.0,Inconclusive|Unspecified,False,False,309.15900000000005,308.004806376,18,18,3.3511000000000024,72.98640000000002,60.69,3,3,3,2,2,0,0.14285714285714285,549.7107166096947,0,0,4,0,0,2,0,296.055,3,3,c1ccc(CCc2ccccc2)cc1
UIREF-0108,CFFZDZCDUFSOFZ-UHFFFAOYSA-N,O=C(O)Cc1ccc(O)c(O)c1,1,PubChem,1,Sporosarcina pasteurii,1,Sporosarcina pasteurii,10.1016/j.bmcl.2019.02.032,1,10.1016/j.bmcl.2019.02.032,IC50,1,3.6190655366692983,3.6190655366692983,3.6190655366692983,0.0,Unspecified,False,False,168.148,168.042258736,12,12,0.7248999999999999,41.11140000000002,77.76,3,3,2,1,1,0,0.125,305.92621196610224,0,0,4,0,0,1,0,160.08399999999997,3,4,c1ccccc1
UIREF-0109,CFHXVLKEUUUPAY-UHFFFAOYSA-N,CCC(Oc1ccc(Br)cc1)c1nnc(Nc2ccc(C)cc2)o1,1,BindingDB,1,Canavalia ensiformis,1,Canavalia ensiformis,10.1111/cbdd.12297,1,10.1111/cbdd.12297,IC50,1,4.324221658325915,4.324221658325915,4.324221658325915,0.0,Active,True,False,388.2650000000001,387.058238916,24,24,5.414220000000005,96.56170000000002,60.18000000000001,5,1,6,3,3,0,0.2222222222222222,784.7833762573995,0,0,6,1,0,2,0,370.1210000000002,1,5,c1ccc(Nc2nnc(COc3ccccc3)o2)cc1
UIREF-0110,CGLLVXZVMNMNMD-UHFFFAOYSA-N,O=C1N=c2ccc(Cl)cc2=C1Cc1ccc(C(=O)NN=Cc2cccc(O)c2)cc1,2,BindingDB|ChEMBL,2,Canavalia ensiformis,1,Canavalia ensiformis,10.1016/j.bmcl.2015.05.069|CHEMBL3600348,2,CHEMBL3600348,IC50,2,3.99012436628784,3.99012436628784,3.99012436628784,0.0,Active,True,False,417.85200000000003,417.088019052,30,30,2.3627000000000002,113.96099999999998,91.12,4,2,5,4,3,1,0.043478260869565216,1298.0137841534524,0,2,7,0,1,3,0,401.72400000000016,2,6,O=C1N=c2ccccc2=C1Cc1ccc(C(=O)NN=Cc2ccccc2)cc1
UIREF-0111,CHNZLYQPUJQBDH-UHFFFAOYSA-N,CCOC(=O)C1=C(C)N=C(NN)N(C)C1c1ccc(C)cc1,1,BindingDB,1,Canavalia ensiformis,1,Canavalia ensiformis,10.1016/j.bioorg.2015.12.007,1,10.1016/j.bioorg.2015.12.007,IC50,1,4.585026652029182,4.585026652029182,4.585026652029182,0.0,Active,True,False,302.37800000000004,302.174275944,22,22,1.6379200000000003,85.77410000000003,79.94999999999999,6,2,3,2,1,1,0.375,619.5379063007139,0,0,6,0,1,1,0,280.20200000000006,3,6,C1=CC(c2ccccc2)NC=N1
UIREF-0112,CIALANOSMLAAHQ-UHFFFAOYSA-N,O=C1C=CC(=c2c(=O)c3cc(O)cc4oc(-c5ccc(O)cc5)c(c5cc(O)cc(O)c25)c43)CC1,2,BindingDB|ChEMBL,2,Canavalia ensiformis,1,Canavalia ensiformis,10.1021/np060242y|CHEMBL1158139,2,CHEMBL1158139,IC50,2,3.8968807464542863,3.8968807464542863,3.8968807464542863,0.0,Active,True,False,466.4450000000003,466.1052529159999,35,35,4.377500000000002,131.59819999999993,128.20000000000002,7,4,1,6,5,1,0.07142857142857142,1858.6402100494342,0,0,7,1,0,4,1,448.30100000000033,4,7,O=C1C=CC(=c2c(=O)c3cccc4oc(-c5ccccc5)c(c5ccccc25)c43)CC1
UIREF-0113,CIDKFQYPQJLGJA-UHFFFAOYSA-N,O=c1c2ccccc2[se]n1-c1ccccc1Cl,3,PubChem,1,Proteus mirabilis|Sporosarcina pasteurii,2,Proteus mirabilis,10.1021/acs.jmedchem.2c01799,1,10.1021/acs.jmedchem.2c01799,IC50|IC90|Ki,2,7.864870262236687,7.863279432843593,7.866461091629782,0.0031816587861888124,Active,True,False,308.626,308.945962856,17,17,2.701100000000001,71.49500000000002,22.0,1,0,1,3,3,0,0.0,744.2593188940273,0,0,4,1,0,2,0,300.562,0,2,O=c1c2ccccc2[se]n1-c1ccccc1
UIREF-0114,CLLDSAGVLJYWGY-UHFFFAOYSA-N,CCCCCCNCP(=O)(O)CN,2,PubChem,1,Proteus mirabilis|Sporosarcina pasteurii,2,Sporosarcina pasteurii,10.1021/ml500380f,1,10.1021/ml500380f,Ki,2,6.830612437533213,6.694648630553376,6.96657624451305,0.271927613959674,Active,True,False,208.242,208.13406454199998,13,13,1.3003999999999998,55.89140000000003,75.35,3,3,8,0,0,0,1.0,164.22301638775744,0,0,5,0,0,0,0,187.07399999999998,4,4,
UIREF-0115,CMEFNVYVKZNNGL-UHFFFAOYSA-N,COc1ccc(C(c2c(O)c3ccccc3oc2=O)c2c(O)c3ccccc3oc2=O)cc1,2,BindingDB|ChEMBL,2,Canavalia ensiformis,1,Canavalia ensiformis,10.1016/j.bmc.2005.09.048|CHEMBL1144858,2,CHEMBL1144858,IC50,2,4.219999845813265,4.219999701663429,4.219999989963101,2.8829967213539476e-07,Active,True,False,442.4230000000002,442.1052529159999,33,33,4.499400000000003,122.23660000000001,110.11000000000001,7,2,4,5,5,0,0.07692307692307693,1511.7704132366669,0,0,7,2,0,3,0,424.2790000000003,2,7,O=c1oc2ccccc2cc1C(c1ccccc1)c1cc2ccccc2oc1=O
UIREF-0116,CMIGAQUBRPEFDM-UHFFFAOYSA-N,O=c1c2ccccc2[se]n1-c1ccc(F)cc1,3,PubChem,1,Proteus mirabilis|Sporosarcina pasteurii,2,Proteus mirabilis,10.1021/acs.jmedchem.2c01799,1,10.1021/acs.jmedchem.2c01799,IC50|IC90|Ki,2,7.767598793554341,7.617982957425132,7.91721462968355,0.2992316722584185,Active,True,False,292.171,292.975513396,17,17,2.1868,66.44300000000001,22.0,1,0,1,3,3,0,0.0,727.0093188940273,0,0,4,1,0,2,0,284.107,0,2,O=c1c2ccccc2[se]n1-c1ccccc1
UIREF-0117,CNBBFVUQMROPRC-UHFFFAOYSA-N,CC(=NNC(=O)c1ccc(C=C2C(=O)Nc3ccc(Cl)cc32)cc1)c1c(O)cc(O)cc1O,2,BindingDB|ChEMBL,2,Canavalia ensiformis,1,Canavalia ensiformis,10.1016/j.bmcl.2015.05.069|CHEMBL3600348,2,CHEMBL3600348,IC50,2,4.450996737974212,4.450996737974212,4.450996737974212,0.0,Active,True,False,463.8770000000002,463.09349835599994,33,33,4.103500000000004,125.50829999999998,131.25,6,5,4,4,3,1,0.041666666666666664,1323.7008260503808,0,2,9,0,1,3,0,445.7330000000003,5,8,O=C1Nc2ccccc2C1=Cc1ccc(C(=O)NN=Cc2ccccc2)cc1
UIREF-0118,CNFJCZPHFMBDGQ-UHFFFAOYSA-N,ON=C(O)CNc1c(Cl)cccc1Cl,2,PubChem,1,Helicobacter pylori,1,Helicobacter pylori,10.1016/j.ejmech.2018.06.065,1,10.1016/j.ejmech.2018.06.065,IC50,1,3.718966632752273,3.718966632752273,3.718966632752273,0.0,Inconclusive|Unspecified,False,False,235.07000000000002,233.996282856,14,14,2.7510000000000003,56.802000000000014,64.85000000000001,3,3,3,1,1,0,0.125,334.944557810506,0,0,6,0,0,1,0,227.006,3,4,c1ccccc1
UIREF-0119,CNKSGCKBFHWSCT-UHFFFAOYSA-N,Cn1c2ccccc2c2cc(-c3cc(-c4cc(Cl)ccc4Cl)nc(N)n3)ccc21,1,BindingDB,1,Canavalia ensiformis,1,Canavalia ensiformis,10.3109/14756366.2012.740477,1,10.3109/14756366.2012.740477,IC50,1,4.55129368009492,4.55129368009492,4.55129368009492,0.0,Active,True,False,419.31500000000005,418.0752018720001,29,29,6.344500000000003,121.31939999999997,56.730000000000004,3,1,2,5,5,0,0.043478260869565216,1405.4665108885201,0,0,6,2,0,3,0,403.18700000000007,2,4,c1ccc(-c2cc(-c3ccc4[nH]c5ccccc5c4c3)ncn2)cc1
UIREF-0120,CPDOMNNHJSTWKL-UHFFFAOYSA-N,CC(c1c(O)c2ccccc2oc1=O)c1c(O)c2ccccc2oc1=O,2,BindingDB|ChEMBL,2,Canavalia ensiformis,1,Canavalia ensiformis,10.1016/j.bmc.2005.09.048|CHEMBL1144858,2,CHEMBL1144858,IC50,2,4.199999101399105,4.199998172182031,4.200000030616179,1.858434147905541e-06,Active,True,False,350.326,350.07903816799995,26,26,3.4624000000000024,95.81460000000003,100.88,6,2,2,4,4,0,0.1,1165.7581945346828,0,0,6,2,0,2,0,336.2140000000001,2,6,O=c1oc2ccccc2cc1Cc1cc2ccccc2oc1=O
UIREF-0121,CPQITBDBKBUWFT-UHFFFAOYSA-N,Cc1ccc(C(=O)NC(=S)Nc2ccc(S(N)(=O)=O)cc2)cc1,2,BindingDB|ChEMBL,2,Canavalia ensiformis,1,Canavalia ensiformis,10.1007/s00044-012-0376-4|CHEMBL3045259,2,CHEMBL3045259,Ki,2,5.364516253185088,5.364516253185088,5.364516253185088,0.0,Active,True,False,349.4370000000001,349.05548333999997,23,23,1.7692200000000002,92.6811,101.28999999999999,4,3,3,2,2,0,0.06666666666666667,829.2757528021807,0,1,8,0,0,2,0,334.3170000000001,4,6,O=C(NC(=S)Nc1ccccc1)c1ccccc1
UIREF-0122,CQEGGXTWPAMDST-UHFFFAOYSA-N,COc1ccccc1NC(=O)NCC(=O)NC(Cc1ccccc1)C(=O)NCC(=O)NC(C(=O)N1CCCC1C(=O)N1CCN(c2nsc3ccccc23)CC1)C(C)C,2,BindingDB|ChEMBL,2,Canavalia ensiformis,1,Canavalia ensiformis,10.1016/j.ejmech.2014.09.098|CHEMBL3352339,2,CHEMBL3352339,IC50,2,4.6777807052660805,4.6777807052660805,4.6777807052660805,0.0,Active,True,False,825.9929999999997,825.3632159719999,59,59,2.750700000000003,225.01849999999948,194.41000000000003,10,5,15,6,4,2,0.40476190476190477,2122.990527302757,0,7,17,1,2,3,0,774.5849999999998,5,16,O=C(CNC(=O)C(Cc1ccccc1)NC(=O)CNC(=O)Nc1ccccc1)NCC(=O)N1CCCC1C(=O)N1CCN(c2nsc3ccccc23)CC1
UIREF-0123,CQGKKVGXYYCEFH-UHFFFAOYSA-N,COc1ccccc1NC(=S)NNC(=O)c1ccc(-c2nc3ccccc3s2)cc1,1,BindingDB,1,Canavalia ensiformis,1,Canavalia ensiformis,10.1016/j.bioorg.2016.03.010,1,10.1016/j.bioorg.2016.03.010,IC50,1,4.7544873321858505,4.7544873321858505,4.7544873321858505,0.0,Active,True,False,434.54600000000016,434.087117816,30,30,4.603300000000003,124.8726,75.28,5,3,4,4,4,0,0.045454545454545456,1172.229468940166,0,1,8,1,0,3,0,416.4020000000002,3,6,O=C(NNC(=S)Nc1ccccc1)c1ccc(-c2nc3ccccc3s2)cc1
UIREF-0124,CRDKFVAAUIROGD-UHFFFAOYSA-N,O=c1[nH]c(O)c(C=Nc2ccccc2S)c(=O)[nH]1,2,BindingDB|PubChem,2,Canavalia ensiformis,1,Canavalia ensiformis,10.1016/j.bmc.2015.05.038,1,10.1016/j.bmc.2015.05.038,IC50,2,4.279014255846261,4.279014255846261,4.279014255846261,0.0,Active|Unspecified,True,False,263.27799999999996,263.036462148,18,18,0.8080999999999996,70.2962,98.31,5,4,2,2,2,0,0.0,717.9587564898901,0,0,7,1,0,1,0,254.20599999999996,3,6,O=c1[nH]cc(C=Nc2ccccc2)c(=O)[nH]1
UIREF-0125,CRIMXWXVEFBYRB-UHFFFAOYSA-N,O=C(NCP(=O)(O)CO)c1ccccc1,2,PubChem,1,Proteus vulgaris|Sporosarcina pasteurii,2,Proteus vulgaris,10.1021/jm100340m,1,10.1021/jm100340m,IC50|Ki,2,4.598681540958594,4.161150909262744,5.036212172654444,0.8750612633917001,Active|Unspecified,True,False,229.172,229.05039449400002,15,15,0.5941,55.686300000000024,86.63000000000001,3,3,4,1,1,0,0.2222222222222222,378.95855109193303,0,1,6,0,0,1,0,217.07599999999996,3,5,c1ccccc1
UIREF-0126,CSPJPLIQFUNNNU-UHFFFAOYSA-N,O=c1c2ccccc2[se]n1-c1ccc(C(F)(F)F)cc1,3,PubChem,1,Proteus mirabilis|Sporosarcina pasteurii,2,Proteus mirabilis,10.1021/acs.jmedchem.2c01799,1,10.1021/acs.jmedchem.2c01799,IC50|IC90|Ki,2,9.119788758288394,7.795880017344075,10.443697499232712,2.6478174818886373,Active,True,False,342.178,342.972319836,20,20,3.0665000000000013,71.48700000000001,22.0,1,0,1,3,3,0,0.07142857142857142,814.7915655163586,0,0,6,1,0,2,0,334.114,0,2,O=c1c2ccccc2[se]n1-c1ccccc1
UIREF-0127,CTOGFUZRYLCBRJ-UHFFFAOYSA-N,Cc1ccc(Nc2nnc(-c3cccc([N+](=O)[O-])c3)s2)c(C)c1,2,BindingDB|ChEMBL,2,Canavalia ensiformis,1,Canavalia ensiformis,10.1016/j.ejmech.2010.08.034|CHEMBL1275315,2,CHEMBL1275315,IC50,2,3.399898744308609,3.399898744308609,3.399898744308609,0.0,Active,True,False,326.3810000000001,326.08374668799996,23,23,4.473740000000003,91.19810000000001,80.95,6,1,4,3,3,0,0.125,876.0217250589089,0,0,7,1,0,2,0,312.26900000000006,1,6,c1ccc(Nc2nnc(-c3ccccc3)s2)cc1
UIREF-0128,CUXBQNQREDULAJ-UHFFFAOYSA-N,Cc1ccc(C(c2c[nH]c3ccc(C(=O)NNC(=S)Nc4ccccc4Cl)cc23)c2c[nH]c3ccc(C(=O)NNC(=S)Nc4ccccc4Cl)cc23)cc1,3,BindingDB|ChEMBL|PubChem,3,Canavalia ensiformis,1,Canavalia ensiformis,10.1016/j.bmc.2017.11.028|CHEMBL4177710,2,10.1016/j.bmc.2017.11.028,IC50,3,5.920818753952375,5.920818753952375,5.920818753952375,0.0,Active,True,False,791.79,790.146669624,54,54,8.70742,225.27059999999975,137.9,4,8,7,7,7,0,0.05,2398.1011406900025,0,2,14,2,0,5,0,759.5339999999999,8,10,O=C(NNC(=S)Nc1ccccc1)c1ccc2[nH]cc(C(c3ccccc3)c3c[nH]c4ccc(C(=O)NNC(=S)Nc5ccccc5)cc34)c2c1
UIREF-0129,CVLCPLVKJBKMDG-UHFFFAOYSA-N,CC(=O)Nc1ccc(S(=O)(=O)Nc2ccc(Br)cc2)cc1,2,BindingDB|ChEMBL,2,Canavalia ensiformis,1,Canavalia ensiformis,10.1016/j.bmc.2019.01.043|CHEMBL4422682,2,CHEMBL4422682,IC50,2,4.205093893483196,4.205093893483196,4.205093893483196,0.0,Active,True,False,369.24,367.983025376,21,21,3.2083000000000013,85.69620000000002,75.27,3,2,4,2,2,0,0.07142857142857142,740.7935170882008,0,1,7,0,0,2,0,356.1360000000001,2,5,O=S(=O)(Nc1ccccc1)c1ccccc1
UIREF-0130,CVZPHWAGJBROOY-UHFFFAOYSA-N,Cc1cccc(C)c1NC(=O)CCSc1nnc(Cc2csc(NC(=O)c3ccccc3)n2)o1,2,ChEMBL|PubChem,2,Helicobacter pylori,1,Helicobacter pylori,10.1016/j.bmc.2018.06.005|CHEMBL4118270,2,CHEMBL4118270,IC50,2,5.554395796726403,5.554395796726403,5.554395796726403,0.0,Active,True,False,493.6140000000002,493.124231596,34,34,5.106940000000004,133.49989999999997,110.00999999999999,8,2,9,4,4,0,0.20833333333333334,1266.5226451653098,0,2,10,2,0,2,0,470.4300000000003,2,8,O=C(CCSc1nnc(Cc2csc(NC(=O)c3ccccc3)n2)o1)Nc1ccccc1
UIREF-0131,CWFMODSINTWLPV-UHFFFAOYSA-N,COc1ccc(-n2[se]c3ccccc3c2=O)c(C)c1,3,PubChem,1,Proteus mirabilis|Sporosarcina pasteurii,2,Proteus mirabilis,10.1021/acs.jmedchem.2c01799,1,10.1021/acs.jmedchem.2c01799,IC50|IC90|Ki,2,7.868501709199253,7.600326278518962,8.136677139879545,0.5363508613605834,Active,True,False,318.2340000000001,319.011149956,19,19,2.36472,77.77400000000002,31.23,2,0,2,3,3,0,0.13333333333333333,801.2559436489869,0,0,4,1,0,2,0,305.13000000000005,0,3,O=c1c2ccccc2[se]n1-c1ccccc1
UIREF-0132,CWGDZTAFCAJDCC-UHFFFAOYSA-N,Oc1ccc(C=Nc2nc(-c3ccccc3)cs2)cc1,2,BindingDB|PubChem,2,"Canavalia ensiformis|Urease, unspecified origin",2,Canavalia ensiformis,,0,,IC50,1,4.6955094722265125,4.6955094722265125,4.6955094722265125,0.0,Active|Inactive,True,True,280.35200000000003,280.067034004,20,20,4.266300000000002,82.91080000000002,45.480000000000004,4,1,3,3,3,0,0.0,717.7475029278693,0,0,4,1,0,2,0,268.25600000000003,1,3,C(=Nc1nc(-c2ccccc2)cs1)c1ccccc1
UIREF-0133,CXOSELRDIHPYAU-UHFFFAOYSA-N,O=C(O)c1ccc(N=Cc2c(O)[nH]c(=S)[nH]c2=O)cc1O,2,BindingDB|PubChem,2,Canavalia ensiformis,1,Canavalia ensiformis,10.1016/j.bmc.2015.05.038,1,10.1016/j.bmc.2015.05.038,IC50,2,4.490797477668897,4.490797477668897,4.490797477668897,0.0,Active|Unspecified,True,False,307.28700000000003,307.026291388,21,21,1.2924899999999997,76.23230000000001,138.76999999999998,6,5,3,2,2,0,0.0,852.7018952407504,0,0,9,1,0,1,0,298.2150000000001,5,8,O=c1[nH]c(=S)[nH]cc1C=Nc1ccccc1
UIREF-0134,CXWVVZKYYXBRDD-UHFFFAOYSA-N,COc1ccc(CCc2ccc(O)c(O)c2)cc1OC,2,PubChem,1,Helicobacter pylori,1,Helicobacter pylori,10.1016/j.ejmech.2010.08.015,1,10.1016/j.ejmech.2010.08.015,IC50,1,4.6439741428068775,4.6439741428068775,4.6439741428068775,0.0,Inconclusive|Unspecified,False,False,274.31600000000003,274.120509056,20,20,2.9002000000000017,76.72560000000003,58.92,4,2,5,2,2,0,0.25,593.0258981375015,0,0,4,0,0,2,0,256.17199999999997,2,4,c1ccc(CCc2ccccc2)cc1
UIREF-0135,CZFQVAZEWFKUTC-VOTSOKGWSA-N,CCOC(=O)/C=C/C(=O)OC(C)(C)C,3,PubChem,1,Sporosarcina pasteurii,1,Sporosarcina pasteurii,10.1016/j.bmcl.2017.02.022,1,10.1016/j.bmcl.2017.02.022,Ki,3,4.590066876668706,3.3716110699496884,4.655607726314889,1.2839966563652006,Unspecified,False,False,200.23399999999995,200.104858992,14,14,1.4473999999999998,51.61800000000004,52.60000000000001,4,0,3,0,0,0,0.6,234.9967782989427,0,0,4,0,0,0,0,184.10599999999997,0,4,
UIREF-0136,CZGWJVVAPBOEFV-UHFFFAOYSA-N,Cc1ccc(Nc2nnc(C(O)c3ccccc3)o2)cc1,1,BindingDB,1,Canavalia ensiformis,1,Canavalia ensiformis,10.3109/14756360903389864,1,10.3109/14756360903389864,IC50,1,4.79317412396815,4.79317412396815,4.79317412396815,0.0,Active,True,False,281.31500000000005,281.11642672,21,21,3.2033200000000015,79.26350000000002,71.18,5,2,4,3,3,0,0.125,707.9017285312395,0,0,5,1,0,2,0,266.195,2,5,c1ccc(Cc2nnc(Nc3ccccc3)o2)cc1
UIREF-0137,CZQNYPBIOHVQQN-UHFFFAOYSA-N,COc1cc(C=CC(=O)OCCc2ccccc2)ccc1O,1,PubChem,1,Sporosarcina pasteurii,1,Sporosarcina pasteurii,10.1016/j.bmcl.2019.02.032,1,10.1016/j.bmcl.2019.02.032,IC50,0,,,,,Inactive,False,True,298.338,298.12050905599995,22,22,3.1999000000000026,84.79780000000004,55.760000000000005,4,1,6,2,2,0,0.16666666666666666,647.3916614744758,0,0,4,0,0,2,0,280.19399999999996,1,4,O=C(C=Cc1ccccc1)OCCc1ccccc1
UIREF-0138,DAHUDWNJZDCYTQ-UHFFFAOYSA-N,CCC(CC(=O)NC(=S)Nc1ccc(S(N)(=O)=O)cc1)c1ccccc1,2,BindingDB|ChEMBL,2,Canavalia ensiformis,1,Canavalia ensiformis,10.1007/s00044-012-0376-4|CHEMBL3045259,2,CHEMBL3045259,Ki,2,5.910094888560602,5.910094888560602,5.910094888560602,0.0,Active,True,False,391.51800000000014,391.10243353199996,26,26,2.730900000000001,106.26960000000001,101.28999999999999,4,3,6,2,2,0,0.2222222222222222,866.3141483915639,0,1,8,0,0,2,0,370.3500000000002,4,6,O=C(CCc1ccccc1)NC(=S)Nc1ccccc1
UIREF-0139,DCPGQYNLUZFNIP-UHFFFAOYSA-N,OC(c1ccccc1)c1n[nH]c(=S)n1-c1ccc(Cl)cc1,1,BindingDB,1,Canavalia ensiformis,1,Canavalia ensiformis,10.3109/14756360903389864,1,10.3109/14756360903389864,IC50,1,4.723538195826756,4.723538195826756,4.723538195826756,0.0,Active,True,False,317.80100000000004,317.038960684,21,21,3.664990000000002,84.26250000000002,53.84,3,2,3,3,3,0,0.06666666666666667,795.7909819692521,0,0,6,1,0,2,0,305.70500000000004,2,4,S=c1[nH]nc(Cc2ccccc2)n1-c1ccccc1
UIREF-0140,DDMUCNBBNKTNCX-UHFFFAOYSA-N,S=C(Nc1cccc(Cl)c1)Nc1cccc(Cl)c1,5,BindingDB|ChEMBL|PubChem,3,Canavalia ensiformis,1,Canavalia ensiformis,10.1016/j.ejmech.2014.01.001|CHEMBL3120147,2,10.1016/j.ejmech.2014.01.001,IC50|Ki,5,4.698970004336019,4.698970004336019,4.743041847439068,0.044071843103049346,Active|Unspecified,True,False,297.21000000000004,295.99417467999996,18,18,4.802300000000002,82.74740000000001,24.06,1,2,2,2,2,0,0.0,522.9226316891575,0,0,5,0,0,2,0,287.13,2,2,S=C(Nc1ccccc1)Nc1ccccc1
UIREF-0141,DELWWBDBFMAAMG-UHFFFAOYSA-N,O=C1NC(=S)NC(=O)C1=Cc1ccc(O)c(O)c1,1,PubChem,1,Sporosarcina pasteurii,1,Sporosarcina pasteurii,10.1016/j.bmc.2014.05.057,1,10.1016/j.bmc.2014.05.057,IC50,1,5.79317412396815,5.79317412396815,5.79317412396815,0.0,Active,True,False,264.262,264.02047773600003,18,18,0.012099999999999889,66.632,98.66000000000001,5,4,1,2,1,1,0.0,572.7060509769751,0,2,7,0,1,1,0,256.198,4,6,O=C1NC(=S)NC(=O)C1=Cc1ccccc1
UIREF-0142,DEUYXPYQDCTVOM-UHFFFAOYSA-N,CN(O)C(=O)CC(O)c1ccc(F)cc1,1,PubChem,1,Helicobacter pylori,1,Helicobacter pylori,10.1016/j.bmc.2016.07.052,1,10.1016/j.bmc.2016.07.052,IC50,1,4.112382699664264,4.112382699664264,4.112382699664264,0.0,Unspecified,False,False,213.208,213.080121464,15,15,1.0968000000000002,50.533300000000025,60.769999999999996,3,2,3,1,1,0,0.3,337.0256668869537,0,1,5,0,0,1,0,201.11199999999997,2,4,c1ccccc1
UIREF-0143,DEVNOZJAGASCKG-UHFFFAOYSA-N,O=C(Oc1ccccc1)c1ccccc1[Se][Se]c1ccccc1C(=O)Oc1ccccc1,4,PubChem,1,Helicobacter pylori|Sporosarcina pasteurii,2,Helicobacter pylori,10.1021/acs.jmedchem.6b00986,1,10.1021/acs.jmedchem.6b00986,IC50|Ki,1,6.277366077466188,6.277366077466188,6.277366077466188,0.0,Active|Inactive,True,True,552.3460000000001,553.953551656,32,32,3.3992000000000013,126.461,52.60000000000001,4,0,7,4,4,0,0.0,1113.7017211152781,0,0,6,0,0,4,0,534.2020000000002,0,4,O=C(Oc1ccccc1)c1ccccc1[Se][Se]c1ccccc1C(=O)Oc1ccccc1
UIREF-0144,DEWHSBUUMWHCGU-UHFFFAOYSA-N,O=C(NC(=S)Nc1cc(Cl)ccc1Cl)c1ccccc1,3,BindingDB|ChEMBL|PubChem,3,Canavalia ensiformis,1,Canavalia ensiformis,10.1016/j.ejmech.2013.10.012|CHEMBL3085707,2,10.1016/j.ejmech.2013.10.012,IC50,3,5.342944147142896,5.342944147142896,5.342944147142896,0.0,Active,True,False,325.22,323.9890893,20,20,4.120200000000002,86.5909,41.13,2,2,2,2,2,0,0.0,646.8770925467023,0,1,6,0,0,2,0,315.1400000000001,2,3,O=C(NC(=S)Nc1ccccc1)c1ccccc1
UIREF-0145,DFETWBGEFITTDS-UHFFFAOYSA-N,Cc1cccc(C)c1-n1c(-c2cccc(Cl)c2)n[nH]c1=S,2,BindingDB|ChEMBL,2,Canavalia ensiformis,1,Canavalia ensiformis,10.1016/j.ejmech.2010.08.034|CHEMBL1275315,2,CHEMBL1275315,IC50,2,3.447295290086525,3.447295290086525,3.447295290086525,0.0,Active,True,False,315.829,315.059696128,21,21,4.867130000000003,88.66870000000002,33.61,2,1,2,3,3,0,0.125,843.7038034414613,0,0,5,1,0,2,0,301.717,1,3,S=c1[nH]nc(-c2ccccc2)n1-c1ccccc1
UIREF-0146,DFXGSTLRVJTEJL-UHFFFAOYSA-N,Cn1c2ccccc2c2cc(-c3cc(-c4ccc(Br)cc4)nc(N)n3)ccc21,1,BindingDB,1,Canavalia ensiformis,1,Canavalia ensiformis,10.3109/14756366.2012.740477,1,10.3109/14756366.2012.740477,IC50,1,4.021819483062586,4.021819483062586,4.021819483062586,0.0,Active,True,False,429.3210000000001,428.0636586440001,28,28,5.800200000000003,118.9994,56.730000000000004,3,1,2,5,5,0,0.043478260869565216,1336.6013176498077,0,0,5,2,0,3,0,412.1850000000001,2,4,c1ccc(-c2cc(-c3ccc4[nH]c5ccccc5c4c3)ncn2)cc1
UIREF-0147,DGLURGGLYYGFNA-UHFFFAOYSA-N,CCOc1cc(C(c2c(O)c3ccccc3oc2=O)c2c(O)c3ccccc3oc2=O)ccc1O,3,BindingDB|ChEMBL,2,Canavalia ensiformis,1,Canavalia ensiformis,10.1016/j.bmc.2005.09.048|10.1080/14756360409162452|CHEMBL1144858,3,CHEMBL1144858,IC50,3,4.040000399696793,4.040000018741066,4.09799710864927,0.057997089908204735,Active,True,False,472.44900000000024,472.1158175999999,35,35,4.595100000000004,128.5184,130.34,8,3,5,5,5,0,0.1111111111111111,1597.0737220830836,0,0,8,2,0,3,0,452.2890000000003,3,8,O=c1oc2ccccc2cc1C(c1ccccc1)c1cc2ccccc2oc1=O
UIREF-0148,DGNITABHDVXPAE-UHFFFAOYSA-N,Cc1csc(=NC(=O)c2ccc([N+](=O)[O-])cc2)n1-c1ccc(S(N)(=O)=O)cc1,1,PubChem,1,Canavalia ensiformis,1,Canavalia ensiformis,,0,,IC50,0,,,,,Active,True,False,418.45600000000013,418.040561548,28,28,2.1439199999999996,102.7461,137.66,6,1,4,3,3,0,0.058823529411764705,1223.8021856825014,0,1,11,1,0,2,0,404.34400000000016,2,9,O=C(N=c1sccn1-c1ccccc1)c1ccccc1
UIREF-0149,DGNITABHDVXPAE-ZPHPHTNESA-N,Cc1cs/c(=N\C(=O)c2ccc([N+](=O)[O-])cc2)n1-c1ccc(S(N)(=O)=O)cc1,1,BindingDB,1,Canavalia ensiformis,1,Canavalia ensiformis,10.1111/cbdd.12675,1,10.1111/cbdd.12675,IC50,1,7.080921907623926,7.080921907623926,7.080921907623926,0.0,Active,True,False,418.45600000000013,418.040561548,28,28,2.1439199999999996,102.7461,137.66,6,1,4,3,3,0,0.058823529411764705,1223.8021856825014,0,1,11,1,0,2,0,404.34400000000016,2,9,O=C(N=c1sccn1-c1ccccc1)c1ccccc1
UIREF-0150,DHLCAEKTUZNSAN-UHFFFAOYSA-N,O=C(NC(=S)Nc1cc(Cl)ccc1Cl)c1cccc(Cl)c1,3,BindingDB|ChEMBL|PubChem,3,Canavalia ensiformis,1,Canavalia ensiformis,10.1016/j.bmc.2016.07.042|CHEMBL3826920,2,10.1016/j.bmc.2016.07.042,IC50,3,5.012333735073725,5.012333735073725,5.012333735073725,0.0,Active,True,False,359.6650000000001,357.950116948,21,21,4.773600000000002,91.6009,41.13,2,2,2,2,2,0,0.0,706.3685173746051,0,1,7,0,0,2,0,350.59300000000013,2,3,O=C(NC(=S)Nc1ccccc1)c1ccccc1
UIREF-0151,DHNUDVPJBHJGEH-UHFFFAOYSA-N,CCCCCCCCCCc1ccc(O)c(O)c1O,2,PubChem,1,Helicobacter pylori,1,Helicobacter pylori,10.1016/j.ejmech.2010.08.015,1,10.1016/j.ejmech.2010.08.015,IC50,1,3.9065783148377653,3.9065783148377653,3.9065783148377653,0.0,Inconclusive|Unspecified,False,False,266.381,266.188194692,19,19,4.4866000000000055,77.75040000000004,60.69,3,3,9,1,1,0,0.625,374.5019494439898,0,0,3,0,0,1,0,240.17299999999994,3,3,c1ccccc1
UIREF-0152,DHUHMTRHYULEGM-UHFFFAOYSA-N,COC(=O)CCCNC(=O)c1ccccc1[Se][Se]c1ccccc1C(=O)NCCCC(=O)OC,5,PubChem,1,Helicobacter pylori|Sporosarcina pasteurii,2,Helicobacter pylori,10.1021/acs.jmedchem.6b00986,1,10.1021/acs.jmedchem.6b00986,IC50|Ki,4,5.831650084842169,4.696803942579511,8.45842075605342,3.761616813473908,Active|Inactive|Unspecified,True,True,598.416,600.0277792160001,34,34,0.3268000000000011,130.8264,110.8,6,2,13,2,2,0,0.3333333333333333,919.4333951702478,0,2,10,0,0,2,0,570.1920000000001,2,8,c1ccc([Se][Se]c2ccccc2)cc1
UIREF-0153,DICNISBAFNHJBR-UHFFFAOYSA-N,NCP(=O)(O)CO,2,PubChem,1,Proteus vulgaris|Sporosarcina pasteurii,2,Proteus vulgaris,10.1021/jm100340m,1,10.1021/jm100340m,IC50,2,3.847570626792422,3.3736596326249577,4.3214816209598865,0.9478219883349288,Unspecified,False,False,125.06399999999998,125.024179746,7,7,-0.8772000000000002,25.9655,83.55000000000001,3,3,2,0,0,0,1.0,84.93569696954752,0,0,5,0,0,0,0,116.99999999999999,4,4,
UIREF-0154,DJLNYOHSLSEDKX-UHFFFAOYSA-N,COc1ccc2cc(C(C)c3nc4cc(Cl)ccc4[nH]3)ccc2c1,2,ChEMBL|PubChem,2,Canavalia ensiformis,1,Canavalia ensiformis,10.1016/j.ejmech.2022.114273|CHEMBL5137004,2,CHEMBL5137004,IC50,2,4.443697499232713,4.443697499232713,4.443697499232713,0.0,Active|Unspecified,True,False,336.822,336.10294084400005,24,24,5.529900000000004,99.12070000000001,37.91,2,1,3,4,4,0,0.15,1038.3612495701755,0,0,4,1,0,3,0,319.6860000000001,1,3,c1ccc2cc(Cc3nc4ccccc4[nH]3)ccc2c1
UIREF-0155,DJOMWOVKYVSDIL-UHFFFAOYSA-N,Cc1cc(C)c(NC(=S)NC(=O)c2cccc(Cl)c2)c(C)c1,3,BindingDB|ChEMBL|PubChem,3,Canavalia ensiformis,1,Canavalia ensiformis,10.1016/j.bmc.2016.07.042|CHEMBL3826920,2,10.1016/j.bmc.2016.07.042,IC50,3,5.910094888560602,5.910094888560602,5.910094888560602,0.0,Active,True,False,332.8560000000001,332.075011844,22,22,4.3920600000000025,95.79190000000001,41.129999999999995,2,2,2,2,2,0,0.17647058823529413,720.1839512236613,0,1,5,0,0,2,0,315.72,2,3,O=C(NC(=S)Nc1ccccc1)c1ccccc1
UIREF-0156,DJVFRONXUBISMG-VCHYOVAHSA-N,Fc1ccccc1/C=N/c1nc(-c2ccccc2)cs1,2,BindingDB|PubChem,2,"Canavalia ensiformis|Urease, unspecified origin",2,Canavalia ensiformis,,0,,IC50,1,4.746419710437817,4.746419710437817,4.746419710437817,0.0,Active|Inactive,True,True,282.343,282.062697572,20,20,4.699800000000002,81.20400000000002,25.25,3,0,3,3,3,0,0.0,734.9975029278694,0,0,4,1,0,2,0,271.25499999999994,0,2,C(=Nc1nc(-c2ccccc2)cs1)c1ccccc1
UIREF-0157,DKOZRJREUJLVBM-UHFFFAOYSA-N,CC(=NNC(=S)Nc1cccc([N+](=O)[O-])c1)c1cc2ccccc2o1,1,BindingDB,1,Canavalia ensiformis,1,Canavalia ensiformis,10.1016/j.bioorg.2015.06.004,1,10.1016/j.bioorg.2015.06.004,IC50,1,7.113509274827518,7.113509274827518,7.113509274827518,0.0,Active,True,False,354.3910000000001,354.07866130799994,25,25,4.051600000000002,100.8778,92.7,5,2,4,3,3,0,0.058823529411764705,947.6932295139696,0,0,8,1,0,2,0,340.2790000000001,2,7,S=C(NN=Cc1cc2ccccc2o1)Nc1ccccc1
UIREF-0158,DKOZRJREUJLVBM-YBFXNURJSA-N,C/C(=N\NC(=S)Nc1cccc([N+](=O)[O-])c1)c1cc2ccccc2o1,3,ChEMBL|PubChem,2,"Canavalia ensiformis|Urease, unspecified origin",2,Canavalia ensiformis,10.1016/j.ejmech.2022.114273|CHEMBL5137004,2,CHEMBL5137004,IC50,2,7.113509274827518,7.113509274827518,7.113509274827518,0.0,Active,True,False,354.3910000000001,354.07866130799994,25,25,4.051600000000002,100.8778,92.7,5,2,4,3,3,0,0.058823529411764705,947.6932295139696,0,0,8,1,0,2,0,340.2790000000001,2,7,S=C(NN=Cc1cc2ccccc2o1)Nc1ccccc1
UIREF-0159,DMATYSZHGOMQEH-AWNIVKPZSA-N,COc1cc(/C=N/NC(N)=S)cc(OC)c1OC,3,ChEMBL|PubChem,2,Canavalia ensiformis,1,Canavalia ensiformis,10.1016/j.ejmech.2011.09.009|CHEMBL1909545,2,CHEMBL1909545,IC50|Ki,3,6.004803708402821,6.004803708402821,6.040958607678906,0.036154899276085395,Active,True,False,269.32599999999996,269.08341234,18,18,0.8795,73.61310000000003,78.10000000000001,5,2,5,1,1,0,0.2727272727272727,437.841814084621,0,0,7,0,0,1,0,254.20599999999996,3,6,c1ccccc1
UIREF-0160,DMATYSZHGOMQEH-UHFFFAOYSA-N,COc1cc(C=NNC(N)=S)cc(OC)c1OC,2,BindingDB,1,Canavalia ensiformis,1,Canavalia ensiformis,10.1016/j.ejmech.2011.09.009,1,10.1016/j.ejmech.2011.09.009,IC50|Ki,2,6.022881158040864,6.004803708402821,6.040958607678906,0.036154899276085395,Active,True,False,269.32599999999996,269.08341234,18,18,0.8795,73.61310000000003,78.10000000000001,5,2,5,1,1,0,0.2727272727272727,437.841814084621,0,0,7,0,0,1,0,254.20599999999996,3,6,c1ccccc1
UIREF-0161,DMMZARSUKYKNMP-UHFFFAOYSA-N,Cc1ccc(OCCC(O)=NO)cc1,2,PubChem,1,Helicobacter pylori,1,Helicobacter pylori,10.1016/j.bmc.2018.07.003,1,10.1016/j.bmc.2018.07.003,IC50,1,5.860120913598763,5.860120913598763,5.860120913598763,0.0,Active|Inconclusive,True,False,195.21800000000005,195.089543276,14,14,2.10962,53.14130000000002,62.05,3,2,4,1,1,0,0.3,305.6480789080516,0,0,4,0,0,1,0,182.11399999999998,2,4,c1ccccc1
UIREF-0162,DMPMRZBIHXPRNA-UHFFFAOYSA-N,O=[N+]([O-])c1ccccc1OCC(O)=NO,2,PubChem,1,Helicobacter pylori,1,Helicobacter pylori,10.1016/j.bmc.2018.07.003,1,10.1016/j.bmc.2018.07.003,IC50,1,3.8407336689065055,3.8407336689065055,3.8407336689065055,0.0,Inconclusive|Unspecified,False,False,212.16099999999997,212.043321356,15,15,1.3193,50.44170000000001,105.19000000000001,5,2,4,1,1,0,0.125,390.37334812831364,0,0,7,0,0,1,0,204.09699999999998,2,7,c1ccccc1
UIREF-0163,DNILGHNBLUMIFF-UHFFFAOYSA-N,Cc1cccc(NC(=O)CCSc2nnc(Cc3csc(NC(=O)c4ccccc4)n3)o2)c1,2,ChEMBL|PubChem,2,Helicobacter pylori,1,Helicobacter pylori,10.1016/j.bmc.2018.06.005|CHEMBL4118270,2,CHEMBL4118270,IC50,2,4.912573542963715,4.912573542963715,4.912573542963715,0.0,Active|Unspecified,True,False,479.58700000000016,479.108581532,33,33,4.7985200000000034,128.7629,110.00999999999999,8,2,9,4,4,0,0.17391304347826086,1239.6498300693725,0,2,10,2,0,2,0,458.41900000000027,2,8,O=C(CCSc1nnc(Cc2csc(NC(=O)c3ccccc3)n2)o1)Nc1ccccc1
UIREF-0164,DPDPSYVDXPVRJL-UHFFFAOYSA-N,C#CCOC(=O)C=Cc1ccc(O)c(OC)c1,1,PubChem,1,Sporosarcina pasteurii,1,Sporosarcina pasteurii,10.1016/j.bmcl.2019.02.032,1,10.1016/j.bmcl.2019.02.032,IC50,0,,,,,Inactive,False,True,232.23499999999999,232.073558864,17,17,1.5903999999999998,63.484800000000035,55.760000000000005,4,1,4,1,1,0,0.15384615384615385,468.7980733736614,0,0,4,0,0,1,0,220.13899999999995,1,4,c1ccccc1
UIREF-0165,DPMRWHMJIUKUBD-UHFFFAOYSA-N,S=C(Nc1cccc(Br)c1)Nc1ccccc1SSc1ccccc1NC(=S)Nc1cccc(Br)c1,3,BindingDB|ChEMBL|PubChem,3,Canavalia ensiformis,1,Canavalia ensiformis,10.1016/j.bmc.2015.10.017|CHEMBL3627633,2,10.1016/j.bmc.2015.10.017,IC50,3,4.987162775294828,4.987162775294828,4.987162775294828,0.0,Active|Unspecified,True,False,676.5500000000001,673.8937548400002,36,36,9.628799999999998,172.5687999999998,48.12,4,4,7,4,4,0,0.0,1278.4177134884576,0,0,10,0,0,4,0,656.3900000000001,4,4,S=C(Nc1ccccc1)Nc1ccccc1SSc1ccccc1NC(=S)Nc1ccccc1
UIREF-0166,DPWQRRVAYLVZDH-UHFFFAOYSA-N,COC(=O)Cn1c(C2CC2)nc2cc(Cl)c(Cl)cc21,3,BindingDB|ChEMBL|PubChem,3,Canavalia ensiformis,1,Canavalia ensiformis,10.1016/j.bmcl.2017.05.019|CHEMBL4033708,2,10.1016/j.bmcl.2017.05.019,IC50,3,5.950781977329818,5.950781977329818,5.950781977329818,0.0,Active,True,False,299.15700000000004,298.027582984,19,19,3.393500000000002,73.74400000000003,44.120000000000005,3,0,3,3,2,1,0.38461538461538464,662.1972361758466,0,0,6,1,0,1,1,287.06100000000004,0,4,c1ccc2[nH]c(C3CC3)nc2c1
UIREF-0167,DQMQBJQBYREIBB-UHFFFAOYSA-N,COc1ccc(NCc2cccc([N+](=O)[O-])c2)cc1,2,PubChem,1,Helicobacter pylori,1,Helicobacter pylori,10.1016/j.bmc.2015.06.014,1,10.1016/j.bmc.2015.06.014,IC50,1,3.495937117321308,3.495937117321308,3.495937117321308,0.0,Inconclusive|Unspecified,False,False,258.277,258.100442308,19,19,3.2155000000000014,73.41710000000003,64.39999999999999,4,1,5,2,2,0,0.14285714285714285,567.1586893985598,0,0,5,0,0,2,0,244.16499999999996,1,5,c1ccc(CNc2ccccc2)cc1
UIREF-0168,DSGNKOWQDUOVHR-UHFFFAOYSA-N,CC(Oc1ccc(Cl)cc1)c1nnc(Nc2ccc(Cl)cc2)o1,1,BindingDB,1,Canavalia ensiformis,1,Canavalia ensiformis,10.1111/cbdd.12297,1,10.1111/cbdd.12297,IC50,1,4.478861916295964,4.478861916295964,4.478861916295964,0.0,Active,True,False,350.20500000000004,349.038482016,23,23,5.2600000000000025,89.52770000000001,60.18000000000001,5,1,5,3,3,0,0.125,772.779262239478,0,0,7,1,0,2,0,337.1010000000001,1,5,c1ccc(Nc2nnc(COc3ccccc3)o2)cc1
UIREF-0169,DSKRWRQKZSKYFY-UHFFFAOYSA-N,CCOC(=O)C1=C(C)N=C(NN)N(C)C1c1ccccc1,1,BindingDB,1,Canavalia ensiformis,1,Canavalia ensiformis,10.1016/j.bioorg.2015.12.007,1,10.1016/j.bioorg.2015.12.007,IC50,1,4.681936665037238,4.681936665037238,4.681936665037238,0.0,Active,True,False,288.351,288.15862588,21,21,1.3295000000000003,81.03710000000004,79.94999999999999,6,2,3,2,1,1,0.3333333333333333,580.5962307045769,0,0,6,0,1,1,0,268.19100000000003,3,6,C1=CC(c2ccccc2)NC=N1
UIREF-0170,DTCXCXGEYNUTAN-UHFFFAOYSA-N,FC(F)(F)c1ccc(-c2[nH]c3ccccc3c2-c2nc(-c3ccccc3)c(-c3ccccc3)n2-c2ccccc2)cc1,2,ChEMBL|PubChem,2,Canavalia ensiformis,1,Canavalia ensiformis,10.1016/j.ejmech.2015.08.011|CHEMBL3621141,2,CHEMBL3621141,IC50,0,,,,,Active|Inconclusive,True,False,555.6030000000003,555.192232428,42,42,10.040399999999993,162.16669999999962,33.61,1,1,5,7,7,0,0.027777777777777776,1988.3351155594785,0,0,6,2,0,5,0,531.4110000000004,1,3,c1ccc(-c2nc(-c3c(-c4ccccc4)[nH]c4ccccc34)n(-c3ccccc3)c2-c2ccccc2)cc1
UIREF-0171,DTPKHLIHZPJSFQ-UHFFFAOYSA-N,COc1cc(C=C2C(=O)NC(=S)NC2=O)cc(I)c1O,1,PubChem,1,Sporosarcina pasteurii,1,Sporosarcina pasteurii,10.1016/j.bmc.2014.05.057,1,10.1016/j.bmc.2014.05.057,IC50,1,4.371611069949688,4.371611069949688,4.371611069949688,0.0,Unspecified,False,False,404.18500000000006,403.932775768,20,20,0.9196999999999997,84.2362,87.66000000000001,5,3,2,2,1,1,0.08333333333333333,635.1025620418646,0,2,8,0,1,1,0,395.113,3,6,O=C1NC(=S)NC(=O)C1=Cc1ccccc1
UIREF-0172,DTYVHRFENIIFBO-UHFFFAOYSA-N,CCOC(=O)c1ccc(NC(=S)NC(=O)c2ccc(C)cc2)cc1,2,BindingDB|PubChem,2,"Canavalia ensiformis|Urease, unspecified origin",2,Canavalia ensiformis,10.1016/j.bioorg.2013.10.001,1,10.1016/j.bioorg.2013.10.001,IC50,1,6.173925197299173,6.173925197299173,6.173925197299173,0.0,Active,True,False,342.4200000000001,342.103813436,24,24,3.2985200000000017,97.26440000000001,67.43,4,2,4,2,2,0,0.16666666666666666,739.8641193897471,0,1,6,0,0,2,0,324.27600000000007,2,5,O=C(NC(=S)Nc1ccccc1)c1ccccc1
UIREF-0173,DULQZJTVWCALEB-UHFFFAOYSA-N,COc1ccc(CCc2ccc(O)c(O)c2O)cc1OC,2,PubChem,1,Helicobacter pylori,1,Helicobacter pylori,10.1016/j.ejmech.2010.08.015,1,10.1016/j.ejmech.2010.08.015,IC50,1,4.1487416512809245,4.1487416512809245,4.1487416512809245,0.0,Inconclusive|Unspecified,False,False,290.31500000000005,290.115423676,21,21,2.605800000000002,78.39040000000003,79.15,5,3,5,2,2,0,0.25,636.8047293495015,0,0,5,0,0,2,0,272.171,3,5,c1ccc(CCc2ccccc2)cc1
UIREF-0174,DUNOPKPOTYUVTL-UHFFFAOYSA-N,S=P(Nc1ccc(CCc2ccc(NP(=S)(c3ccccc3)c3ccccc3)cc2)cc1)(c1ccccc1)c1ccccc1,2,ChEMBL|PubChem,2,Canavalia ensiformis,1,Canavalia ensiformis,10.1016/j.ejmech.2022.114273|CHEMBL5137004,2,CHEMBL5137004,IC50,2,8.718966632752272,8.718966632752272,8.718966632752272,0.0,Active,True,False,644.7860000000002,644.1638643480001,44,44,8.386600000000007,200.4113999999995,24.06,2,2,11,6,6,0,0.05263157894736842,1651.216887895164,0,0,6,0,0,6,0,610.5140000000001,2,2,S=P(Nc1ccc(CCc2ccc(NP(=S)(c3ccccc3)c3ccccc3)cc2)cc1)(c1ccccc1)c1ccccc1
UIREF-0175,DURFILGUGXDQTF-UHFFFAOYSA-N,O=c1c2ccccc2[se]n1-c1ccc(F)cc1Cl,3,PubChem,1,Proteus mirabilis|Sporosarcina pasteurii,2,Proteus mirabilis,10.1021/acs.jmedchem.2c01799,1,10.1021/acs.jmedchem.2c01799,IC50|IC90|Ki,2,7.701712447262139,7.6439741428068775,7.7594507517174005,0.11547660891052303,Active,True,False,326.616,326.936541044,18,18,2.840200000000001,71.453,22.0,1,0,1,3,3,0,0.0,793.0307349646105,0,0,5,1,0,2,0,319.56000000000006,0,2,O=c1c2ccccc2[se]n1-c1ccccc1
UIREF-0176,DVMGAGJAAXBRPW-UHFFFAOYSA-N,Oc1csc(=NN=Cc2ccc(O)c(Cl)c2)[nH]1,1,BindingDB,1,Sporosarcina pasteurii,1,Sporosarcina pasteurii,10.1016/j.bioorg.2015.10.005,1,10.1016/j.bioorg.2015.10.005,IC50,1,5.029653123769906,5.029653123769906,5.029653123769906,0.0,Active,True,False,269.71299999999997,269.002575176,17,17,2.0756,66.60830000000001,80.97,5,3,2,2,2,0,0.0,618.0087257025714,0,0,7,1,0,1,0,261.64899999999994,3,5,C(=NN=c1[nH]ccs1)c1ccccc1
UIREF-0177,DXJSPFXEFULYPV-UHFFFAOYSA-N,Oc1ccc(CCc2ccc(F)cc2)cc1O,2,PubChem,1,Helicobacter pylori,1,Helicobacter pylori,10.1016/j.ejmech.2010.08.015,1,10.1016/j.ejmech.2010.08.015,IC50,2,4.848531650147567,4.489454989793388,5.207608310501746,0.7181533207083577,Active|Unspecified,True,False,232.25400000000002,232.089957876,17,17,3.0221000000000022,63.579600000000035,40.46,2,2,3,2,2,0,0.14285714285714285,506.13070128159563,0,0,3,0,0,2,0,219.14999999999995,2,2,c1ccc(CCc2ccccc2)cc1
UIREF-0178,DYEFUKCXAQOFHX-UHFFFAOYSA-N,O=c1c2ccccc2[se]n1-c1ccccc1,8,PubChem,1,Helicobacter pylori|Proteus mirabilis|Sporosarcina pasteurii,3,Helicobacter pylori,10.1021/acs.jmedchem.2c01799|10.1021/acs.jmedchem.6b00986,2,10.1021/acs.jmedchem.6b00986,IC50|IC90|Ki,7,6.645891560852599,4.342944147142896,8.675717544702307,4.332773397559411,Active|Unspecified,True,False,274.181,274.984935208,16,16,2.0477,66.48500000000001,22.0,1,0,1,3,3,0,0.0,681.7240179402338,0,0,3,1,0,2,0,265.109,0,2,O=c1c2ccccc2[se]n1-c1ccccc1
UIREF-0179,DYHVRVGEKNBFIP-UHFFFAOYSA-N,Cc1ccc(N=C2C(=O)Nc3ccc(F)cc32)cc1N=C1C(=O)Nc2ccc(F)cc21,1,ChEMBL,1,Canavalia ensiformis,1,Canavalia ensiformis,CHEMBL3817741,1,CHEMBL3817741,IC50,1,5.782516055786093,5.782516055786093,5.782516055786093,0.0,Active,True,False,416.3870000000001,416.108482128,31,31,4.4190200000000015,113.63240000000003,82.92,4,2,2,5,3,2,0.043478260869565216,1361.6776087381415,0,2,8,0,2,3,0,402.27500000000015,2,6,O=C1Nc2ccccc2C1=Nc1cccc(N=C2C(=O)Nc3ccccc32)c1
UIREF-0180,DYIPNXQBWVUFEX-UHFFFAOYSA-N,COc1ccc(OC)c(NC(=S)Nc2ccccc2)c1,3,BindingDB|ChEMBL|PubChem,3,Canavalia ensiformis,1,Canavalia ensiformis,10.1016/j.ejmech.2014.01.001|CHEMBL3120147,2,10.1016/j.ejmech.2014.01.001,IC50,3,4.523893283159809,4.523893283159809,4.523893283159809,0.0,Active|Unspecified,True,False,288.372,288.093248752,20,20,3.5127000000000015,85.83140000000003,42.52,3,2,4,2,2,0,0.13333333333333333,587.6823142077009,0,0,5,0,0,2,0,272.24399999999997,2,4,S=C(Nc1ccccc1)Nc1ccccc1
UIREF-0181,DYLCPDSLUSRNCF-UHFFFAOYSA-N,COc1cc(NCC(O)=NO)cc(OC)c1,2,PubChem,1,Helicobacter pylori,1,Helicobacter pylori,10.1016/j.ejmech.2018.06.065,1,10.1016/j.ejmech.2018.06.065,IC50,1,5.642065152999546,5.642065152999546,5.642065152999546,0.0,Active|Inconclusive,True,False,226.232,226.095356928,16,16,1.4613999999999998,59.88600000000002,83.31,5,3,5,1,1,0,0.3,356.831820744015,0,0,6,0,0,1,0,212.11999999999995,3,6,c1ccccc1
UIREF-0182,DYYIUCVAQGRACE-KGSXXDOSSA-N,CO[C@@H]1[C@@H](OC(N)=O)[C@@H](O)[C@H](Oc2ccc3c(=O)c(NC(=O)c4ccc(O)c(CC=C(C)C)c4)c(O)oc3c2C)OC1(C)C,1,PubChem,1,Escherichia coli,1,Escherichia coli,10.1039/d2md00076h,1,10.1039/d2md00076h,IC50,1,8.344861565188618,8.344861565188618,8.344861565188618,0.0,Active,True,False,612.6320000000002,612.2319099719999,44,44,3.6271200000000023,158.92099999999974,200.00999999999996,11,5,8,4,3,1,0.3870967741935484,1673.310532488681,0,2,13,1,1,2,0,576.3440000000003,6,13,O=C(Nc1coc2cc(OC3CCCCO3)ccc2c1=O)c1ccccc1
UIREF-0183,DZAIBGWGBBQGPZ-UHFFFAOYSA-N,COC(=O)C=C(CC(=O)OC)C(=O)OC,1,PubChem,1,Sporosarcina pasteurii,1,Sporosarcina pasteurii,10.1016/j.bmcl.2017.02.022,1,10.1016/j.bmcl.2017.02.022,Ki,1,5.283162276700475,5.283162276700475,5.283162276700475,0.0,Active,True,False,216.18899999999996,216.063388104,15,15,-0.17810000000000015,48.748000000000026,78.90000000000002,6,0,4,0,0,0,0.4444444444444444,290.9776946533312,0,0,6,0,0,0,0,204.09299999999996,0,6,
UIREF-0184,DZEZAFFIOCRATM-UHFFFAOYSA-N,CCCCCCCNCP(=O)(O)CN,2,PubChem,1,Proteus mirabilis|Sporosarcina pasteurii,2,Sporosarcina pasteurii,10.1021/ml500380f,1,10.1021/ml500380f,Ki,2,3.187110286710732,3.1090204030103115,3.265200170411153,0.15617976740084138,Unspecified,False,False,222.26899999999998,222.14971460599997,14,14,1.6905,60.508400000000044,75.35,3,3,9,0,0,0,1.0,176.1948894066819,0,0,5,0,0,0,0,199.08499999999998,4,4,
UIREF-0185,DZNGUHJPXIZIPC-UHFFFAOYSA-N,O=C(NCc1ccccc1)Nc1ccc(S(=O)(=O)Cl)cc1,1,ChEMBL,1,Canavalia ensiformis,1,Canavalia ensiformis,CHEMBL2434823,1,CHEMBL2434823,IC50,0,,,,,Active,True,False,324.789,324.033540956,21,21,2.9358000000000013,81.78120000000003,75.27000000000001,3,2,4,2,2,0,0.07142857142857142,715.6441566183058,0,2,7,0,0,2,0,311.685,2,5,O=C(NCc1ccccc1)Nc1ccccc1
UIREF-0186,DZVCZHPJDNVZCN-UHFFFAOYSA-N,ON=C(O)CCOc1ccc(F)cc1,2,PubChem,1,Helicobacter pylori,1,Helicobacter pylori,10.1016/j.bmc.2018.07.003,1,10.1016/j.bmc.2018.07.003,IC50,1,5.94692155651658,5.94692155651658,5.94692155651658,0.0,Active|Inconclusive,True,False,199.181,199.0644714,14,14,1.9403,48.36230000000002,62.05000000000001,3,2,4,1,1,0,0.2222222222222222,310.3380348439444,0,0,5,0,0,1,0,189.10099999999997,2,4,c1ccccc1
UIREF-0187,DZWPARINBHPZFS-UHFFFAOYSA-N,CC(C)=CCn1c(O)c(N=NC(=O)c2ccc(C)cc2)c2ccccc21,3,ChEMBL|PubChem,2,Helicobacter pylori,1,Helicobacter pylori,10.1016/j.bmcl.2018.08.025|CHEMBL4265894,2,10.1016/j.bmcl.2018.08.025,IC50|MIC,2,4.52432881167557,4.52432881167557,4.52432881167557,0.0,Active|Unspecified,True,False,347.41800000000006,347.163376912,26,26,5.545620000000005,103.05930000000002,66.94999999999999,3,1,4,3,3,0,0.19047619047619047,1007.6622682596578,0,1,5,1,0,2,0,326.25000000000006,1,5,O=C(N=Nc1c[nH]c2ccccc12)c1ccccc1
UIREF-0188,FABQYDLGFZXBIK-UHFFFAOYSA-N,NC(=S)NN=Cc1ccc(Cl)cc1,2,BindingDB,1,Canavalia ensiformis,1,Canavalia ensiformis,10.1016/j.ejmech.2011.09.009,1,10.1016/j.ejmech.2011.09.009,IC50|Ki,2,6.3936665356032885,6.3872161432802645,6.400116927926312,0.012900784646047825,Active,True,False,213.693,213.012745936,13,13,1.5071,58.967100000000016,50.41,2,2,2,1,1,0,0.0,320.66595348418105,0,0,5,0,0,1,0,205.629,3,3,c1ccccc1
UIREF-0189,FABQYDLGFZXBIK-VZUCSPMQSA-N,NC(=S)N/N=C/c1ccc(Cl)cc1,3,ChEMBL|PubChem,2,Canavalia ensiformis,1,Canavalia ensiformis,10.1016/j.ejmech.2011.09.009|CHEMBL1909545,2,CHEMBL1909545,IC50|Ki,3,6.3872161432802645,6.3872161432802645,6.400116927926312,0.012900784646047825,Active,True,False,213.693,213.012745936,13,13,1.5071,58.967100000000016,50.41,2,2,2,1,1,0,0.0,320.66595348418105,0,0,5,0,0,1,0,205.629,3,3,c1ccccc1
UIREF-0190,FALAXMBOWAGKAM-UHFFFAOYSA-N,Cc1cccc(NC(=S)NC(=O)c2cccc(Cl)c2)c1C,3,BindingDB|ChEMBL|PubChem,3,Canavalia ensiformis,1,Canavalia ensiformis,10.1016/j.bmc.2016.07.042|CHEMBL3826920,2,10.1016/j.bmc.2016.07.042,IC50,3,5.351639989019068,5.351639989019068,5.351639989019068,0.0,Active,True,False,318.82900000000006,318.05936178,21,21,4.083640000000003,91.05490000000002,41.129999999999995,2,2,2,2,2,0,0.125,700.4263737855749,0,1,5,0,0,2,0,303.709,2,3,O=C(NC(=S)Nc1ccccc1)c1ccccc1
UIREF-0191,FAWQUERWOQMSNI-UHFFFAOYSA-N,COc1ccc(C(=O)N=Nc2c(O)n(CC=C(C)C)c3ccccc23)cc1,3,ChEMBL|PubChem,2,Helicobacter pylori,1,Helicobacter pylori,10.1016/j.bmcl.2018.08.025|CHEMBL4265894,2,10.1016/j.bmcl.2018.08.025,IC50|MIC,2,5.1555228242543185,5.1555228242543185,5.1555228242543185,0.0,Active|Unspecified,True,False,363.4170000000001,363.158291532,27,27,5.245800000000004,104.87430000000002,76.18,4,1,5,3,3,0,0.19047619047619047,1026.7564933505403,0,1,6,1,0,2,0,342.24900000000014,1,6,O=C(N=Nc1c[nH]c2ccccc12)c1ccccc1
UIREF-0192,FBMUCAGIWZIZIC-XDHOZWIPSA-N,CCCCCCCCn1c2ccc(C(C)=O)cc2c2cc(C(=O)/C=C/c3ccc(OC)cc3)ccc21,5,BindingDB|ChEMBL|PubChem,3,Canavalia ensiformis,1,Canavalia ensiformis,10.1016/j.bmc.2019.115123|10.1016/j.ejmech.2022.114273|CHEMBL4665672|CHEMBL5137004,4,10.1016/j.bmc.2019.115123,IC50,5,5.162411561764489,5.162411561764489,5.162411561764489,0.0,Active,True,False,481.63600000000025,481.26169397999996,36,36,8.262300000000007,149.18299999999977,48.3,3,0,12,4,4,0,0.3125,1392.7163381985715,0,0,4,1,0,3,0,446.35600000000034,0,4,O=C(C=Cc1ccccc1)c1ccc2[nH]c3ccccc3c2c1
UIREF-0193,FBTFNRXVBTWDAR-DUXPYHPUSA-N,N#C/C=C/C1=CC(=O)CCC1,3,PubChem,1,Sporosarcina pasteurii,1,Sporosarcina pasteurii,10.1016/j.bmcl.2017.02.022,1,10.1016/j.bmcl.2017.02.022,Ki,3,6.031050319018657,4.258848401148215,6.105683937315561,1.8468355361673465,Active|Unspecified,True,False,147.17699999999996,147.068413908,11,11,1.74558,41.69400000000002,40.86,2,0,1,1,0,1,0.3333333333333333,255.22652342292835,0,0,2,0,0,0,1,138.10499999999996,0,2,O=C1C=CCCC1
UIREF-0194,FBVYVAQLQNUVRS-UHFFFAOYSA-N,COc1ccc(-n2c(-c3c(-c4ccccc4)[nH]c4ccc(Br)cc34)nc(-c3ccccc3)c2-c2ccccc2)cc1,3,BindingDB|ChEMBL|PubChem,3,Canavalia ensiformis,1,Canavalia ensiformis,10.1016/j.ejmech.2015.08.011|CHEMBL3621141,2,10.1016/j.ejmech.2015.08.011,IC50,3,5.335358024443874,5.335358024443874,5.335358024443874,0.0,Active,True,False,596.5280000000002,595.125924552,41,41,9.792699999999995,171.41669999999962,42.84,2,1,6,7,7,0,0.027777777777777776,1959.452860846825,0,0,5,2,0,5,0,570.3200000000002,1,4,c1ccc(-c2nc(-c3c(-c4ccccc4)[nH]c4ccccc34)n(-c3ccccc3)c2-c2ccccc2)cc1
UIREF-0195,FCEHFRSVGKBPTG-UHFFFAOYSA-N,S=C(Nc1cccc(Cl)c1)Nc1c(Cl)cccc1Cl,3,BindingDB|ChEMBL|PubChem,3,Canavalia ensiformis,1,Canavalia ensiformis,10.1016/j.ejmech.2014.01.001|CHEMBL3120147,2,10.1016/j.ejmech.2014.01.001,IC50,3,4.387640052032226,4.387640052032226,4.387640052032226,0.0,Active|Unspecified,True,False,331.655,329.955202328,19,19,5.455700000000002,87.75740000000002,24.06,1,2,2,2,2,0,0.0,596.3373665151106,0,0,6,0,0,2,0,322.5830000000001,2,2,S=C(Nc1ccccc1)Nc1ccccc1
UIREF-0196,FCJJZKCJURDYNF-UHFFFAOYSA-N,CC#CC(=O)OCC,3,PubChem,1,Sporosarcina pasteurii,1,Sporosarcina pasteurii,10.1016/j.bmcl.2017.02.022,1,10.1016/j.bmcl.2017.02.022,Ki,3,3.8996294548824375,2.8961962790440428,3.9318141382538387,1.035617859209796,Unspecified,False,False,112.12799999999999,112.052429496,8,8,0.5728,30.082999999999988,26.3,2,0,1,0,0,0,0.5,127.19929909169421,0,0,2,0,0,0,0,104.06399999999998,0,2,
UIREF-0197,FCWUJCZULURONB-UHFFFAOYSA-N,ON=C(O)CCOc1cccc(Cl)c1,2,PubChem,1,Helicobacter pylori,1,Helicobacter pylori,10.1016/j.bmc.2018.07.003,1,10.1016/j.bmc.2018.07.003,IC50,1,5.910094888560602,5.910094888560602,5.910094888560602,0.0,Active|Inconclusive,True,False,215.63600000000002,215.03492086,14,14,2.4546,53.41430000000002,62.05000000000001,3,2,4,1,1,0,0.2222222222222222,327.5880348439444,0,0,5,0,0,1,0,205.55599999999998,2,4,c1ccccc1
UIREF-0198,FDHGTJSTUMEHHW-UHFFFAOYSA-N,Oc1[nH]c2ccc(F)cc2c1N=NC(=S)Nc1ccc(Br)cc1F,1,ChEMBL,1,Canavalia ensiformis,1,Canavalia ensiformis,CHEMBL3044957,1,CHEMBL3044957,IC50,0,,,,,Active,True,False,411.23100000000005,409.964850448,24,24,5.3949000000000025,94.7582,72.77,3,3,2,3,3,0,0.0,973.5076101502101,0,0,9,1,0,2,0,402.15900000000005,3,5,S=C(N=Nc1c[nH]c2ccccc12)Nc1ccccc1
UIREF-0199,FDJITQVURLAAHX-UHFFFAOYSA-N,Cc1ccc(C=C2C(=O)NC(=S)NC2=O)o1,1,PubChem,1,Sporosarcina pasteurii,1,Sporosarcina pasteurii,10.1016/j.bmc.2014.05.057,1,10.1016/j.bmc.2014.05.057,IC50,1,4.739928612014925,4.739928612014925,4.739928612014925,0.0,Unspecified,False,False,236.252,236.025563116,16,16,0.50232,60.305400000000006,71.34,4,2,1,2,1,1,0.1,493.88874781512936,0,2,6,1,1,0,0,228.188,2,5,O=C1NC(=S)NC(=O)C1=Cc1ccco1
UIREF-0200,FDYYOMJPLCRLKL-UHFFFAOYSA-N,Cc1cc(C)cc(OCCC(O)=NO)c1,2,PubChem,1,Helicobacter pylori,1,Helicobacter pylori,10.1016/j.bmc.2018.07.003,1,10.1016/j.bmc.2018.07.003,IC50,1,4.982966660701219,4.982966660701219,4.982966660701219,0.0,Inconclusive|Unspecified,False,False,209.245,209.10519334,15,15,2.4180399999999995,57.878300000000024,62.05,3,2,4,1,1,0,0.36363636363636365,340.6007085540247,0,0,4,0,0,1,0,194.12499999999997,2,4,c1ccccc1
UIREF-0201,FEGBZMSYCBDCJE-UHFFFAOYSA-N,COc1cc(C(c2c(O)c3ccccc3oc2=O)c2c(O)c3ccccc3oc2=O)cc(OC)c1OC,3,BindingDB|ChEMBL,2,Canavalia ensiformis,1,Canavalia ensiformis,10.1016/j.bmc.2005.09.048|10.1080/14756360409162452|CHEMBL1144858,3,CHEMBL1144858,IC50,3,4.0800019690359814,4.079999984911641,4.087777943467585,0.007777958555943876,Active,True,False,502.4750000000003,502.1263822839999,37,37,4.516600000000004,135.3405999999999,128.57000000000002,9,2,6,5,5,0,0.14285714285714285,1640.1713192066184,0,0,9,2,0,3,0,480.2990000000004,2,9,O=c1oc2ccccc2cc1C(c1ccccc1)c1cc2ccccc2oc1=O
UIREF-0202,FFMCEZVYXHAZHZ-UHFFFAOYSA-N,CN(C)C([Se])=NCc1ccc(Br)cc1,1,PubChem,1,Canavalia ensiformis,1,Canavalia ensiformis,10.1016/j.bmcl.2007.07.085,1,10.1016/j.bmcl.2007.07.085,Ki,1,6.8696662315049934,6.8696662315049934,6.8696662315049934,0.0,Active,True,False,319.084,318.93490678399996,14,14,2.0352,64.72200000000002,15.6,1,0,2,1,1,0,0.3,319.39881261044314,0,0,4,0,0,1,0,306.98800000000006,0,2,c1ccccc1
UIREF-0203,FFNOHHOZANDBKR-UHFFFAOYSA-N,O=C(NNC(=S)Nc1ccccc1Cl)c1ccc(-c2nc3ccccc3s2)cc1,1,BindingDB,1,Canavalia ensiformis,1,Canavalia ensiformis,10.1016/j.bioorg.2016.03.010,1,10.1016/j.bioorg.2016.03.010,IC50,1,5.366531544420413,5.366531544420413,5.366531544420413,0.0,Active,True,False,438.96500000000015,438.03758078000004,29,29,5.248100000000002,123.3306,66.05000000000001,4,3,3,4,4,0,0.0,1157.7479416852311,0,1,8,1,0,3,0,423.84500000000025,3,5,O=C(NNC(=S)Nc1ccccc1)c1ccc(-c2nc3ccccc3s2)cc1
UIREF-0204,FGGWIXJNLRDBPW-UHFFFAOYSA-N,NC(=S)NN=Cc1cccc(Br)c1,2,BindingDB,1,Canavalia ensiformis,1,Canavalia ensiformis,10.1016/j.ejmech.2011.09.009,1,10.1016/j.ejmech.2011.09.009,IC50|Ki,2,6.144564916675096,6.115204636051019,6.173925197299173,0.058720561248153835,Active,True,False,258.144,256.962230356,13,13,1.6162,61.657100000000014,50.41,2,2,2,1,1,0,0.0,337.9159534841811,0,0,5,0,0,1,0,250.07999999999998,3,3,c1ccccc1
UIREF-0205,FGGWIXJNLRDBPW-VZUCSPMQSA-N,NC(=S)N/N=C/c1cccc(Br)c1,3,ChEMBL|PubChem,2,Canavalia ensiformis,1,Canavalia ensiformis,10.1016/j.ejmech.2011.09.009|CHEMBL1909545,2,CHEMBL1909545,IC50|Ki,3,6.115204636051019,6.115204636051019,6.173925197299173,0.058720561248153835,Active,True,False,258.144,256.962230356,13,13,1.6162,61.657100000000014,50.41,2,2,2,1,1,0,0.0,337.9159534841811,0,0,5,0,0,1,0,250.07999999999998,3,3,c1ccccc1
UIREF-0206,FHPQVWUHWIPMIS-UHFFFAOYSA-N,O=C(NC(=S)Nc1cccc(C(F)(F)F)c1)c1ccccc1,3,BindingDB|ChEMBL|PubChem,3,Canavalia ensiformis,1,Canavalia ensiformis,10.1016/j.ejmech.2013.10.012|CHEMBL3085707,2,10.1016/j.ejmech.2013.10.012,IC50,3,4.402304814074488,4.402304814074488,4.402304814074488,0.0,Active|Unspecified,True,False,324.327,324.054418632,22,22,3.832200000000001,81.5729,41.13,2,2,2,2,2,0,0.06666666666666667,686.6869570809502,0,1,7,0,0,2,0,313.23900000000003,2,3,O=C(NC(=S)Nc1ccccc1)c1ccccc1
UIREF-0207,FHPRIZYSQZAGJE-UHFFFAOYSA-N,NCP(=O)(O)CN1CCCCC1,2,PubChem,1,Proteus mirabilis|Sporosarcina pasteurii,2,Sporosarcina pasteurii,10.1021/ml500380f,1,10.1021/ml500380f,Ki,0,,,,,Inactive,False,True,192.19899999999993,192.102764414,12,12,0.6163999999999996,49.17070000000003,66.56,3,2,3,1,0,1,1.0,180.24518934974517,0,0,5,0,1,0,0,175.063,3,4,C1CCNCC1
UIREF-0208,FIHJUICREGAOCX-UHFFFAOYSA-N,CC(C)CNCP(=O)(O)CN,2,PubChem,1,Proteus mirabilis|Sporosarcina pasteurii,2,Sporosarcina pasteurii,10.1021/ml500380f,1,10.1021/ml500380f,Ki,2,3.4747714526071354,3.3809066693732577,3.568636235841013,0.1877295664677554,Unspecified,False,False,180.188,180.10276441399998,11,11,0.3761000000000001,46.58740000000001,75.35,3,3,5,0,0,0,1.0,149.51770940319489,0,0,5,0,0,0,0,163.052,4,4,
UIREF-0209,FJCPOCKQVGFZMQ-UHFFFAOYSA-N,Cc1csc(=NC(=O)c2ccccc2[N+](=O)[O-])n1-c1ccc(S(N)(=O)=O)cc1,1,PubChem,1,Canavalia ensiformis,1,Canavalia ensiformis,,0,,IC50,0,,,,,Active,True,False,418.45600000000013,418.040561548,28,28,2.1439200000000005,102.7461,137.66,6,1,4,3,3,0,0.058823529411764705,1241.0521856825017,0,1,11,1,0,2,0,404.34400000000016,2,9,O=C(N=c1sccn1-c1ccccc1)c1ccccc1
UIREF-0210,FJCPOCKQVGFZMQ-ZPHPHTNESA-N,Cc1cs/c(=N\C(=O)c2ccccc2[N+](=O)[O-])n1-c1ccc(S(N)(=O)=O)cc1,1,BindingDB,1,Canavalia ensiformis,1,Canavalia ensiformis,10.1111/cbdd.12675,1,10.1111/cbdd.12675,IC50,1,6.455931955649724,6.455931955649724,6.455931955649724,0.0,Active,True,False,418.45600000000013,418.040561548,28,28,2.1439200000000005,102.7461,137.66,6,1,4,3,3,0,0.058823529411764705,1241.0521856825017,0,1,11,1,0,2,0,404.34400000000016,2,9,O=C(N=c1sccn1-c1ccccc1)c1ccccc1
UIREF-0211,FKDIRKYBSRBKQR-UHFFFAOYSA-N,CCCCCCCCCC(=O)c1c(O)c2ccccc2oc1=O,1,BindingDB,1,Sporosarcina pasteurii,1,Sporosarcina pasteurii,10.1016/j.bioorg.2016.04.005,1,10.1016/j.bioorg.2016.04.005,IC50,1,4.885722703438414,4.885722703438414,4.885722703438414,0.0,Active,True,False,316.3970000000001,316.16745924799994,23,23,4.822000000000005,91.08930000000005,67.50999999999999,4,1,9,2,2,0,0.47368421052631576,714.8716602120217,0,0,4,1,0,1,0,292.205,1,4,O=c1ccc2ccccc2o1
UIREF-0212,FLLNJABKBTYQGF-UHFFFAOYSA-N,ON=C(O)CC(O)c1ccc(Cl)c(Cl)c1,2,PubChem,1,Helicobacter pylori,1,Helicobacter pylori,10.1016/j.ejmech.2013.07.047,1,10.1016/j.ejmech.2013.07.047,IC50,2,6.139754965774975,5.847711655616943,6.431798275933005,0.5840866203160617,Active,True,False,250.08100000000002,248.995948508,15,15,2.7626,57.88910000000002,73.05000000000001,3,3,3,1,1,0,0.2222222222222222,381.6202481118721,0,0,6,0,0,1,0,241.009,3,4,c1ccccc1
UIREF-0213,FLRGEUNXFWKURS-UFFVCSGVSA-N,C/C(=N\NC(=S)Nc1ccc(Cl)cc1Cl)c1cc2ccccc2o1,1,PubChem,1,"Urease, unspecified origin",1,"Urease, unspecified origin",,0,,IC50,0,,,,,Active,True,False,378.28400000000016,377.015638396,24,24,5.450200000000003,104.2434,49.56,3,2,3,3,3,0,0.058823529411764705,903.4852841535713,0,0,7,1,0,2,0,365.1800000000002,2,4,S=C(NN=Cc1cc2ccccc2o1)Nc1ccccc1
UIREF-0214,FLRGEUNXFWKURS-UHFFFAOYSA-N,CC(=NNC(=S)Nc1ccc(Cl)cc1Cl)c1cc2ccccc2o1,1,BindingDB,1,Canavalia ensiformis,1,Canavalia ensiformis,10.1016/j.bioorg.2015.06.004,1,10.1016/j.bioorg.2015.06.004,IC50,1,6.22767829327708,6.22767829327708,6.22767829327708,0.0,Active,True,False,378.28400000000016,377.015638396,24,24,5.450200000000003,104.2434,49.56,3,2,3,3,3,0,0.058823529411764705,903.4852841535713,0,0,7,1,0,2,0,365.1800000000002,2,4,S=C(NN=Cc1cc2ccccc2o1)Nc1ccccc1
UIREF-0215,FMUFTGZWFCYSPY-UHFFFAOYSA-N,ON=C(O)CNc1ccccc1Br,2,PubChem,1,Helicobacter pylori,1,Helicobacter pylori,10.1016/j.ejmech.2018.06.065,1,10.1016/j.ejmech.2018.06.065,IC50,1,4.910094888560602,4.910094888560602,4.910094888560602,0.0,Inconclusive|Unspecified,False,False,245.076,243.984739628,13,13,2.2067000000000005,54.48200000000001,64.85000000000001,3,3,3,1,1,0,0.125,314.76726579544606,0,0,5,0,0,1,0,236.004,3,4,c1ccccc1
UIREF-0216,FMYVHOKYCIAXBV-UHFFFAOYSA-N,O=C(O)CC(C(=O)O)n1[se]c2ccccc2c1=O,4,PubChem,1,Helicobacter pylori|Sporosarcina pasteurii,2,Helicobacter pylori,10.1021/acs.jmedchem.6b00986,1,10.1021/acs.jmedchem.6b00986,IC50|Ki,3,4.294136287716081,3.496209316942819,5.617982957425132,2.1217736404823127,Active|Inactive|Unspecified,True,True,314.15500000000003,314.964593688,18,18,0.15889999999999954,64.07360000000001,96.6,3,2,4,2,2,0,0.18181818181818182,671.3685633948295,0,0,7,1,0,1,0,305.083,2,6,O=c1[nH][se]c2ccccc12
UIREF-0217,FNMTVMWFISHPEV-AATRIKPKSA-N,CC(C)OC(=O)/C=C/C(=O)OC(C)C,3,PubChem,1,Sporosarcina pasteurii,1,Sporosarcina pasteurii,10.1016/j.bmcl.2017.02.022,1,10.1016/j.bmcl.2017.02.022,Ki,3,4.372634143407267,3.168770306132936,4.413412695328245,1.2446423891953087,Unspecified,False,False,200.23399999999998,200.104858992,14,14,1.4458,51.59600000000003,52.60000000000001,4,0,4,0,0,0,0.6,204.27649744866906,0,0,4,0,0,0,0,184.10599999999997,0,4,
UIREF-0218,FNWFQALKJWWHGK-UHFFFAOYSA-N,Oc1ccc(C2=COc3c(ccc(O)c3O)C2)cc1,2,PubChem,1,Helicobacter pylori,1,Helicobacter pylori,10.1016/j.ejmech.2013.03.016,1,10.1016/j.ejmech.2013.03.016,IC50|Ki,2,6.131861522383445,6.070581074285707,6.193141970481182,0.12256089619547517,Active,True,False,256.257,256.073558864,19,19,2.7794000000000016,70.18740000000003,69.92,4,3,1,3,2,1,0.06666666666666667,656.5909463497773,0,0,4,0,1,2,0,244.16099999999994,3,4,C1=C(c2ccccc2)Cc2ccccc2O1
UIREF-0219,FOXDYWSFBSJBQQ-UHFFFAOYSA-N,ON=C(O)CC(O)c1cccc(Cl)c1Cl,3,PubChem,1,Helicobacter pylori,1,Helicobacter pylori,10.1016/j.ejmech.2013.07.047,1,10.1016/j.ejmech.2013.07.047,IC50|Ki,3,6.638272163982407,6.040958607678906,7.346787486224656,1.30582887854575,Active,True,False,250.08100000000002,248.995948508,15,15,2.7626,57.88910000000002,73.05000000000001,3,3,3,1,1,0,0.2222222222222222,381.6202481118721,0,0,6,0,0,1,0,241.009,3,4,c1ccccc1
UIREF-0220,FOZAJUYUVHXGLZ-UHFFFAOYSA-N,COc1ccc(CCc2cccc(Cl)c2)cc1OC,2,PubChem,1,Helicobacter pylori,1,Helicobacter pylori,10.1016/j.ejmech.2010.08.015,1,10.1016/j.ejmech.2010.08.015,IC50,1,3.6289321377282633,3.6289321377282633,3.6289321377282633,0.0,Inconclusive|Unspecified,False,False,276.76300000000003,276.091707464,19,19,4.142400000000004,78.40600000000005,18.46,2,0,5,2,2,0,0.25,552.1952387103545,0,0,3,0,0,2,0,259.62699999999995,0,2,c1ccc(CCc2ccccc2)cc1
UIREF-0221,FPBWRBBCLLFFBF-UHFFFAOYSA-N,NS(=O)(=O)c1ccc(NC(=S)NC(=O)c2ccc(Cl)cc2[N+](=O)[O-])cc1,2,BindingDB|ChEMBL,2,Canavalia ensiformis,1,Canavalia ensiformis,10.1007/s00044-012-0376-4|CHEMBL3045259,2,CHEMBL3045259,Ki,2,5.252588192113577,5.252588192113577,5.252588192113577,0.0,Active,True,False,414.8520000000001,413.985939132,26,26,2.0224,99.6085,144.43,6,3,4,2,2,0,0.0,992.8967686250862,0,1,12,0,0,2,0,403.7640000000002,4,9,O=C(NC(=S)Nc1ccccc1)c1ccccc1
UIREF-0222,FPBYQPBSPJYQJD-UHFFFAOYSA-N,O=C(NC(=S)Nc1ccc(F)cc1)c1ccccc1,3,BindingDB|ChEMBL|PubChem,3,Canavalia ensiformis,1,Canavalia ensiformis,10.1016/j.ejmech.2013.10.012|CHEMBL3085707,2,10.1016/j.ejmech.2013.10.012,IC50,3,4.3851027839668655,4.3851027839668655,4.3851027839668655,0.0,Active|Unspecified,True,False,274.32,274.057612192,19,19,2.9525000000000015,76.52890000000002,41.13,2,2,2,2,2,0,0.0,584.1547764486286,0,1,5,0,0,2,0,263.23199999999997,2,3,O=C(NC(=S)Nc1ccccc1)c1ccccc1
UIREF-0223,FPDCDPFEDUCBBV-UHFFFAOYSA-N,ON=C(O)CNc1ccc(Br)cc1,2,PubChem,1,Helicobacter pylori,1,Helicobacter pylori,10.1016/j.ejmech.2018.06.065,1,10.1016/j.ejmech.2018.06.065,IC50,1,5.696803942579511,5.696803942579511,5.696803942579511,0.0,Active|Inconclusive,True,False,245.076,243.984739628,13,13,2.2067000000000005,54.48200000000001,64.85000000000001,3,3,3,1,1,0,0.125,297.517265795446,0,0,5,0,0,1,0,236.004,3,4,c1ccccc1
UIREF-0224,FPRFNXQLWQOWED-UHFFFAOYSA-N,COc1ccc(C2COc3cc(O)ccc3C2)cc1,1,PubChem,1,Helicobacter pylori,1,Helicobacter pylori,10.1016/j.ejmech.2013.03.016,1,10.1016/j.ejmech.2013.03.016,IC50,1,3.4461169733561254,3.4461169733561254,3.4461169733561254,0.0,Unspecified,False,False,256.301,256.10994437200003,19,19,3.1195000000000013,73.04080000000003,38.69,3,1,2,3,2,1,0.25,575.0479589951823,0,0,3,0,1,2,0,240.17299999999994,1,3,c1ccc(C2COc3ccccc3C2)cc1
UIREF-0225,FQQLGLURNDNEMF-UHFFFAOYSA-N,ON=C(O)COc1cc(F)cc(F)c1,2,PubChem,1,Helicobacter pylori,1,Helicobacter pylori,10.1016/j.bmc.2018.07.003,1,10.1016/j.bmc.2018.07.003,IC50,1,3.687399560738741,3.687399560738741,3.687399560738741,0.0,Inconclusive|Unspecified,False,False,203.14399999999998,203.039399524,14,14,1.6893,43.70330000000001,62.05000000000001,3,2,3,1,1,0,0.125,334.18967030834256,0,0,6,0,0,1,0,196.08799999999997,2,4,c1ccccc1
UIREF-0226,FRDQZIKNSFHALB-UHFFFAOYSA-N,Oc1[nH]c2ccccc2c1N=NC(=S)Nc1ccccc1C(F)(F)F,2,BindingDB|ChEMBL,2,Canavalia ensiformis,1,Canavalia ensiformis,10.1007/s00044-013-0575-7|CHEMBL3044957,2,CHEMBL3044957,IC50,2,4.480172006224281,4.480172006224281,4.480172006224281,0.0,Active,True,False,364.35200000000003,364.060566632,25,25,5.373000000000003,92.1442,72.77,3,3,2,3,3,0,0.0625,965.4133863092347,0,0,9,1,0,2,0,353.264,3,5,S=C(N=Nc1c[nH]c2ccccc12)Nc1ccccc1
UIREF-0227,FRKKQKDSWAUADS-IZZDOVSWSA-N,COc1cccc(/C=N/NC(N)=S)c1,3,ChEMBL|PubChem,2,Canavalia ensiformis,1,Canavalia ensiformis,10.1016/j.ejmech.2011.09.009|CHEMBL1909545,2,CHEMBL1909545,IC50|Ki,3,6.752026733638194,6.752026733638194,6.896196279044043,0.14416954540584914,Active,True,False,209.274,209.062282972,14,14,0.8623000000000001,60.50910000000001,59.64,3,2,3,1,1,0,0.1111111111111111,351.6652327975252,0,0,5,0,0,1,0,198.18599999999998,3,4,c1ccccc1
UIREF-0228,FRKKQKDSWAUADS-UHFFFAOYSA-N,COc1cccc(C=NNC(N)=S)c1,2,BindingDB,1,Canavalia ensiformis,1,Canavalia ensiformis,10.1016/j.ejmech.2011.09.009,1,10.1016/j.ejmech.2011.09.009,IC50|Ki,2,6.824111506341119,6.752026733638194,6.896196279044043,0.14416954540584914,Active,True,False,209.274,209.062282972,14,14,0.8623000000000001,60.50910000000001,59.64,3,2,3,1,1,0,0.1111111111111111,351.6652327975252,0,0,5,0,0,1,0,198.18599999999998,3,4,c1ccccc1
UIREF-0229,FRYSBZOAUGDHHK-UHFFFAOYSA-N,Clc1ccc(-n2c(-c3c(-c4ccccc4)[nH]c4ccc(Br)cc34)nc(-c3ccccc3)c2-c2ccccc2)cc1,3,BindingDB|ChEMBL|PubChem,3,Canavalia ensiformis,1,Canavalia ensiformis,10.1016/j.ejmech.2015.08.011|CHEMBL3621141,2,10.1016/j.ejmech.2015.08.011,IC50,3,5.33161408331,5.33161408331,5.33161408331,0.0,Active,True,False,600.9470000000002,599.0763875160001,40,40,10.437499999999991,169.87469999999965,33.61,1,1,5,7,7,0,0.0,1942.0051340201803,0,0,5,2,0,5,0,577.763,1,3,c1ccc(-c2nc(-c3c(-c4ccccc4)[nH]c4ccccc34)n(-c3ccccc3)c2-c2ccccc2)cc1
UIREF-0230,FSGQFSVVMZXOLX-UHFFFAOYSA-N,O=C(O)CCn1[se]c2ccccc2c1=O,4,PubChem,1,Helicobacter pylori|Sporosarcina pasteurii,2,Helicobacter pylori,10.1021/acs.jmedchem.6b00986,1,10.1021/acs.jmedchem.6b00986,IC50|Ki,2,5.16871551653337,4.42021640338319,5.917214629683549,1.4969982263003594,Active|Inactive|Unspecified,True,True,270.146,270.97476444800003,15,15,0.5331999999999999,57.40080000000001,59.3,2,1,3,2,2,0,0.2,555.0379971878009,0,0,5,1,0,1,0,261.07399999999996,1,4,O=c1[nH][se]c2ccccc12
UIREF-0231,FSKOQKSDUBTQCK-UHFFFAOYSA-N,ON=C(O)CC(O)c1ccc(F)cc1,2,PubChem,1,Helicobacter pylori,1,Helicobacter pylori,10.1016/j.ejmech.2013.07.047,1,10.1016/j.ejmech.2013.07.047,IC50,1,5.096367483915762,5.096367483915762,5.096367483915762,0.0,Active|Inconclusive,True,False,199.181,199.0644714,14,14,1.5949,47.82710000000002,73.05000000000001,3,3,3,1,1,0,0.2222222222222222,323.33388104417253,0,0,5,0,0,1,0,189.10099999999997,3,4,c1ccccc1
UIREF-0232,FTACWLZLWKJIFH-UHFFFAOYSA-N,C#CCOC(=O)C=Cc1ccc(O)c(O)c1,1,PubChem,1,Sporosarcina pasteurii,1,Sporosarcina pasteurii,10.1016/j.bmcl.2019.02.032,1,10.1016/j.bmcl.2019.02.032,IC50,0,,,,,Inactive,False,True,218.208,218.0579088,16,16,1.2873999999999999,58.59760000000003,66.76,4,2,3,1,1,0,0.08333333333333333,454.57683161976377,0,0,4,0,0,1,0,208.12799999999996,2,4,c1ccccc1
UIREF-0233,FTRFOFPAMKYZPH-UHFFFAOYSA-N,O=C(Nc1ccccc1)c1ccccc1[Se][Se]c1ccccc1C(=O)Nc1ccccc1,5,PubChem,1,Helicobacter pylori|Sporosarcina pasteurii,2,Helicobacter pylori,10.1021/acs.jmedchem.6b00986,1,10.1021/acs.jmedchem.6b00986,IC50|Ki,5,5.173925197299173,4.412289034981089,8.02502800570193,3.6127389707208417,Active|Unspecified,True,False,550.3780000000002,551.98552048,32,32,3.4654000000000016,132.45039999999995,58.2,2,2,7,4,4,0,0.0,1117.7017211152781,0,2,6,0,0,4,0,530.2180000000002,2,4,O=C(Nc1ccccc1)c1ccccc1[Se][Se]c1ccccc1C(=O)Nc1ccccc1
UIREF-0234,FTVWIRXFELQLPI-UHFFFAOYSA-N,O=C1CC(c2ccc(O)cc2)Oc2cc(O)cc(O)c21,1,PubChem,1,Helicobacter pylori,1,Helicobacter pylori,10.1016/j.ejmech.2013.03.016,1,10.1016/j.ejmech.2013.03.016,IC50,1,3.484126156288321,3.484126156288321,3.484126156288321,0.0,Unspecified,False,False,272.25600000000003,272.06847348400004,20,20,2.5099000000000014,70.19490000000002,86.99000000000001,5,3,1,3,2,1,0.13333333333333333,675.40838289424,0,0,5,0,1,2,0,260.15999999999997,3,5,O=C1CC(c2ccccc2)Oc2ccccc21
UIREF-0235,FUEYJZDLYFULHO-UHFFFAOYSA-N,COc1ccc(C2c3c([nH]c(=O)[nH]c3=O)OC(=N)C2C#N)cc1,2,BindingDB|ChEMBL,2,Canavalia ensiformis,1,Canavalia ensiformis,35694689.0|CHEMBL5241112,2,CHEMBL5241112,IC50,2,4.201211286048751,4.201211286048751,4.201211286048751,0.0,Active,True,False,312.285,312.08585486400005,23,23,0.7131499999999995,79.9781,131.82,6,3,2,3,2,1,0.2,920.2186675588681,0,0,8,1,1,1,0,300.189,3,8,N=C1CC(c2ccccc2)c2c([nH]c(=O)[nH]c2=O)O1
UIREF-0236,FUHWMALIDMMHKR-UHFFFAOYSA-N,Cc1ccc(C(c2c[nH]c3ccc(C(=O)NNC(=S)Nc4ccccc4Br)cc23)c2c[nH]c3ccc(C(=O)NNC(=S)Nc4ccccc4Br)cc23)cc1,3,BindingDB|ChEMBL|PubChem,3,Canavalia ensiformis,1,Canavalia ensiformis,10.1016/j.bmc.2017.11.028|CHEMBL4177710,2,10.1016/j.bmc.2017.11.028,IC50,3,5.6020599913279625,5.6020599913279625,5.6020599913279625,0.0,Active,True,False,880.6919999999999,878.045638464,54,54,8.925619999999999,230.65059999999977,137.9,4,8,7,7,7,0,0.05,2398.1011406900025,0,2,14,2,0,5,0,848.4359999999997,8,10,O=C(NNC(=S)Nc1ccccc1)c1ccc2[nH]cc(C(c3ccccc3)c3c[nH]c4ccc(C(=O)NNC(=S)Nc5ccccc5)cc34)c2c1
UIREF-0237,FUYUBQGLJLXLIJ-UHFFFAOYSA-N,COc1ccc(OCCC(O)=NO)cc1,2,PubChem,1,Helicobacter pylori,1,Helicobacter pylori,10.1016/j.bmc.2018.07.003,1,10.1016/j.bmc.2018.07.003,IC50,1,5.078313524516398,5.078313524516398,5.078313524516398,0.0,Active|Inconclusive,True,False,211.217,211.084457896,15,15,1.8097999999999999,54.95630000000002,71.28,4,2,5,1,1,0,0.3,320.69920263576455,0,0,5,0,0,1,0,198.11299999999997,2,5,c1ccccc1
UIREF-0238,FVPSAVQIAUUJOL-UHFFFAOYSA-N,Brc1ccc2[nH]c(-c3ccccc3)c(-c3nc(-c4ccccc4)c(-c4ccccc4)n3-c3ccccc3)c2c1,2,ChEMBL|PubChem,2,Canavalia ensiformis,1,Canavalia ensiformis,10.1016/j.ejmech.2015.08.011|CHEMBL3621141,2,CHEMBL3621141,IC50,0,,,,,Active|Inconclusive,True,False,566.5020000000002,565.115359868,39,39,9.784099999999995,164.86469999999963,33.61,1,1,5,7,7,0,0.0,1888.3605928873687,0,0,4,2,0,5,0,542.3100000000003,1,3,c1ccc(-c2nc(-c3c(-c4ccccc4)[nH]c4ccccc34)n(-c3ccccc3)c2-c2ccccc2)cc1
UIREF-0239,FVWOFQIDLRGOGJ-UHFFFAOYSA-N,O=C(O)C(Cc1ccc(O)c(O)c1)CP(=O)(O)O,2,PubChem,1,Sporosarcina pasteurii,1,Sporosarcina pasteurii,10.1021/acs.jmedchem.0c01143,1,10.1021/acs.jmedchem.0c01143,Ki,2,4.909256854528806,4.647817481888637,5.170696227168975,0.5228787452803374,Active|Unspecified,True,False,276.181,276.039889386,18,18,0.5187999999999999,61.51250000000003,135.29000000000002,4,5,5,1,1,0,0.3,492.9996041730904,0,0,8,0,0,1,0,263.07699999999994,5,7,c1ccccc1
UIREF-0240,FWFSEYBSWVRWGL-UHFFFAOYSA-N,O=C1C=CCCC1,3,PubChem,1,Sporosarcina pasteurii,1,Sporosarcina pasteurii,10.1016/j.bmcl.2017.02.022,1,10.1016/j.bmcl.2017.02.022,Ki,3,6.115771230367396,4.642065152999546,6.573488738635424,1.9314235856358781,Active|Unspecified,True,False,96.12900000000002,96.057514876,7,7,1.2955999999999999,27.99799999999999,17.07,1,0,0,1,0,1,0.5,102.7476472676892,0,0,1,0,0,0,1,88.06499999999998,0,1,O=C1C=CCCC1
UIREF-0241,FWHFUMSNBWCTJW-UHFFFAOYSA-N,NS(=O)(=O)c1ccc(NC(=S)NC(=O)c2cccc([N+](=O)[O-])c2)cc1,2,BindingDB|ChEMBL,2,Canavalia ensiformis,1,Canavalia ensiformis,10.1007/s00044-012-0376-4|CHEMBL3045259,2,CHEMBL3045259,Ki,2,6.346787486224656,6.346787486224656,6.346787486224656,0.0,Active,True,False,380.4070000000001,380.024911484,25,25,1.3689999999999998,94.59850000000002,144.43,6,3,4,2,2,0,0.0,941.9493966362693,0,1,11,0,0,2,0,368.31100000000015,4,9,O=C(NC(=S)Nc1ccccc1)c1ccccc1
UIREF-0242,FWKSHKCNVMHOIW-UHFFFAOYSA-N,CN(C)c1ccc(CNc2ccc(Cl)cc2)cc1,2,PubChem,1,Helicobacter pylori,1,Helicobacter pylori,10.1016/j.bmc.2015.06.014,1,10.1016/j.bmc.2015.06.014,IC50,1,3.3010299956639813,3.3010299956639813,3.3010299956639813,0.0,Inconclusive|Unspecified,False,False,260.768,260.108026224,18,18,4.018100000000002,79.54770000000003,15.27,2,1,4,2,2,0,0.2,488.9069804831437,0,0,3,0,0,2,0,243.63199999999995,1,2,c1ccc(CNc2ccccc2)cc1
UIREF-0243,FXNFHKRTJBSTCS-UHFFFAOYSA-N,O=c1cc(-c2ccccc2)oc2cc(O)c(O)c(O)c12,3,ChEMBL|PubChem,2,Canavalia ensiformis|Helicobacter pylori,2,Canavalia ensiformis,10.1016/j.ejmech.2013.03.016|10.1016/j.ejmech.2015.08.011|CHEMBL3621141,3,CHEMBL3621141,IC50,1,3.536107011014093,3.536107011014093,3.536107011014093,0.0,Active|Inconclusive|Unspecified,True,False,270.24,270.05282342000004,20,20,2.576800000000001,72.9144,90.9,5,3,1,3,3,0,0.0,849.507138680937,0,0,5,1,0,2,0,260.15999999999997,3,5,O=c1cc(-c2ccccc2)oc2ccccc12
UIREF-0244,FXNYWJQKDGBJBU-UHFFFAOYSA-N,Cc1ccc(N=C2C(=O)Nc3ccc(Cl)cc32)cc1N=C1C(=O)Nc2ccc(Cl)cc21,1,ChEMBL,1,Canavalia ensiformis,1,Canavalia ensiformis,CHEMBL3817741,1,CHEMBL3817741,IC50,1,6.958607314841775,6.958607314841775,6.958607314841775,0.0,Active,True,False,449.2970000000002,448.04938104800004,31,31,5.447620000000003,123.7364,82.92,4,2,2,5,3,2,0.043478260869565216,1361.6776087381415,0,2,8,0,2,3,0,435.1850000000002,2,6,O=C1Nc2ccccc2C1=Nc1cccc(N=C2C(=O)Nc3ccccc32)c1
UIREF-0245,FXQQQVCODYDNGH-UHFFFAOYSA-N,O=c1c2ccccc2[se]n1-c1ccc(F)cc1F,3,PubChem,1,Proteus mirabilis|Sporosarcina pasteurii,2,Proteus mirabilis,10.1021/acs.jmedchem.2c01799,1,10.1021/acs.jmedchem.2c01799,IC50|IC90|Ki,2,9.2827155479829,7.769551078621726,10.795880017344075,3.026328938722349,Active,True,False,310.161,310.966091584,18,18,2.3259,66.401,22.0,1,0,1,3,3,0,0.0,791.0307349646105,0,0,5,1,0,2,0,303.105,0,2,O=c1c2ccccc2[se]n1-c1ccccc1
UIREF-0246,FXUOIBSGDDQSJP-UHFFFAOYSA-N,COc1ccccc1C(=O)N=Nc1c(O)n(CC=C(C)C)c2ccccc12,3,ChEMBL|PubChem,2,Helicobacter pylori,1,Helicobacter pylori,10.1016/j.bmcl.2018.08.025|CHEMBL4265894,2,10.1016/j.bmcl.2018.08.025,IC50|MIC,2,4.931814138253839,4.931814138253839,4.931814138253839,0.0,Active|Unspecified,True,False,363.4170000000001,363.158291532,27,27,5.245800000000004,104.8743,76.18,4,1,5,3,3,0,0.19047619047619047,1044.0064933505403,0,1,6,1,0,2,0,342.24900000000014,1,6,O=C(N=Nc1c[nH]c2ccccc12)c1ccccc1
UIREF-0247,FYMGWVWIJDKTBN-UHFFFAOYSA-N,O=C(NNC(=S)Nc1ccccc1)c1ccc(-c2nc3ccccc3s2)cc1,1,BindingDB,1,Canavalia ensiformis,1,Canavalia ensiformis,10.1016/j.bioorg.2016.03.010,1,10.1016/j.bioorg.2016.03.010,IC50,1,4.718058066559175,4.718058066559175,4.718058066559175,0.0,Active,True,False,404.52000000000015,404.07655313199996,28,28,4.594700000000002,118.3206,66.05000000000001,4,3,3,4,4,0,0.0,1091.0865703745053,0,1,7,1,0,3,0,388.39200000000017,3,5,O=C(NNC(=S)Nc1ccccc1)c1ccc(-c2nc3ccccc3s2)cc1
UIREF-0248,FYUAMZSVIOKQMQ-UHFFFAOYSA-N,O=C(Cn1c(C2CC2)nc2cc(Cl)c(Cl)cc21)NN=Cc1cc(Br)ccc1O,3,BindingDB|ChEMBL|PubChem,3,Canavalia ensiformis,1,Canavalia ensiformis,10.1016/j.bmcl.2017.05.019|CHEMBL4033708,2,10.1016/j.bmcl.2017.05.019,IC50,3,6.853871964321762,6.853871964321762,6.853871964321762,0.0,Active,True,False,482.1650000000001,479.97554318000005,28,28,4.838900000000003,113.27150000000003,79.51,4,2,5,4,3,1,0.21052631578947367,1108.996960894505,0,1,9,1,0,2,1,467.0450000000002,2,6,O=C(Cn1c(C2CC2)nc2ccccc21)NN=Cc1ccccc1
UIREF-0249,FYWRYPAXASOPOP-UHFFFAOYSA-N,O=C(NC(=S)Nc1ccc(Cl)cc1Cl)c1ccccc1,3,BindingDB|ChEMBL|PubChem,3,Canavalia ensiformis,1,Canavalia ensiformis,10.1016/j.ejmech.2013.10.012|CHEMBL3085707,2,10.1016/j.ejmech.2013.10.012,IC50,3,4.87942606879415,4.87942606879415,4.87942606879415,0.0,Active|Unspecified,True,False,325.22,323.9890893,20,20,4.120200000000002,86.5909,41.13,2,2,2,2,2,0,0.0,646.8770925467023,0,1,6,0,0,2,0,315.1400000000001,2,3,O=C(NC(=S)Nc1ccccc1)c1ccccc1
UIREF-0250,FYWTUQCTQOOUOD-UHFFFAOYSA-N,Fc1ccc(-n2c(-c3c(-c4ccc(C(F)(F)F)cc4)[nH]c4ccccc34)nc(-c3ccccc3)c2-c2ccccc2)cc1,3,BindingDB|ChEMBL|PubChem,3,Canavalia ensiformis,1,Canavalia ensiformis,10.1016/j.ejmech.2015.08.011|CHEMBL3621141,2,10.1016/j.ejmech.2015.08.011,IC50,3,6.795880017344075,6.795880017344075,6.795880017344075,0.0,Active,True,False,573.5930000000002,573.182810616,43,43,10.179499999999994,162.12469999999965,33.61,1,1,5,7,7,0,0.027777777777777776,2039.1944381240166,0,0,7,2,0,5,0,550.4090000000003,1,3,c1ccc(-c2nc(-c3c(-c4ccccc4)[nH]c4ccccc34)n(-c3ccccc3)c2-c2ccccc2)cc1
UIREF-0251,GAAQCGRQGKKXRN-UHFFFAOYSA-N,COc1ccc(NC(=O)NCc2cn(Cc3ccc(Cl)cc3Cl)nn2)cc1,2,BindingDB|ChEMBL,2,Canavalia ensiformis,1,Canavalia ensiformis,10.1016/j.bmc.2019.07.005|CHEMBL4385639,2,CHEMBL4385639,IC50,2,4.641874714723351,4.641874714723351,4.641874714723351,0.0,Active,True,False,406.273,405.0759301440001,27,27,3.9635000000000025,104.4384,81.07000000000001,4,2,6,3,3,0,0.16666666666666666,927.7563474562176,0,2,9,1,0,2,0,389.13700000000006,2,7,O=C(NCc1cn(Cc2ccccc2)nn1)Nc1ccccc1
UIREF-0252,GAFWMEOUNHOHCU-UHFFFAOYSA-N,CC(C)=CCn1c(O)c(N=NC(=O)c2cccc(Br)c2)c2ccccc21,3,ChEMBL|PubChem,2,Helicobacter pylori,1,Helicobacter pylori,10.1016/j.bmcl.2018.08.025|CHEMBL4265894,2,10.1016/j.bmcl.2018.08.025,IC50|MIC,2,4.559090917934782,4.559090917934782,4.559090917934782,0.0,Active|Unspecified,True,False,412.28700000000003,411.058238916,26,26,5.999700000000004,106.02230000000002,66.94999999999999,3,1,4,3,3,0,0.15,1030.7123722402646,0,1,6,1,0,2,0,394.1430000000001,1,5,O=C(N=Nc1c[nH]c2ccccc12)c1ccccc1
UIREF-0253,GBLVGAJTZKFOJS-UHFFFAOYSA-N,ON=C(O)CCOc1cc(Cl)ccc1Cl,2,PubChem,1,Helicobacter pylori,1,Helicobacter pylori,10.1016/j.bmc.2018.07.003,1,10.1016/j.bmc.2018.07.003,IC50,1,4.882728704344236,4.882728704344236,4.882728704344236,0.0,Inconclusive|Unspecified,False,False,250.08100000000002,248.995948508,15,15,3.1080000000000014,58.42430000000002,62.05000000000001,3,2,4,1,1,0,0.2222222222222222,368.37513134605416,0,0,6,0,0,1,0,241.009,2,4,c1ccccc1
UIREF-0254,GCSCDVSACXBHOQ-UHFFFAOYSA-N,O=C(CCc1cccc(O)c1)c1ccccc1,3,PubChem,1,Sporosarcina pasteurii,1,Sporosarcina pasteurii,10.1016/j.bmcl.2017.02.022,1,10.1016/j.bmcl.2017.02.022,Ki,3,6.22767829327708,4.5718652059712115,6.30715308072277,1.7352878747515588,Active|Unspecified,True,False,226.275,226.099379688,17,17,3.2077000000000018,67.20030000000004,37.3,2,1,4,2,2,0,0.13333333333333333,503.3400862606013,0,0,2,0,0,2,0,212.16299999999995,1,2,O=C(CCc1ccccc1)c1ccccc1
UIREF-0255,GECZYMUBMFBGAQ-UHFFFAOYSA-N,Cc1ccccc1NC(=O)CCSc1nnc(Cc2csc(NC(=O)c3ccccc3)n2)o1,2,ChEMBL|PubChem,2,Helicobacter pylori,1,Helicobacter pylori,10.1016/j.bmc.2018.06.005|CHEMBL4118270,2,CHEMBL4118270,IC50,2,5.126679398184601,5.126679398184601,5.126679398184601,0.0,Active,True,False,479.58700000000016,479.108581532,33,33,4.7985200000000034,128.76290000000003,110.00999999999999,8,2,9,4,4,0,0.17391304347826086,1239.6498300693725,0,2,10,2,0,2,0,458.41900000000027,2,8,O=C(CCSc1nnc(Cc2csc(NC(=O)c3ccccc3)n2)o1)Nc1ccccc1
UIREF-0256,GEOGHKCVFMULFE-UHFFFAOYSA-N,O=c1c(S(=O)(=O)Cc2cccc([N+](=O)[O-])c2)c(O)oc2ccccc12,1,BindingDB,1,Sporosarcina pasteurii,1,Sporosarcina pasteurii,10.1016/j.bioorg.2016.04.005,1,10.1016/j.bioorg.2016.04.005,IC50,1,4.250263684430939,4.250263684430939,4.250263684430939,0.0,Active,True,False,361.3310000000001,361.025622692,25,25,2.380700000000001,88.135,127.72,7,1,4,3,3,0,0.0625,1148.602129148484,0,0,9,1,0,2,0,350.2430000000001,1,8,O=c1c(S(=O)(=O)Cc2ccccc2)coc2ccccc12
UIREF-0257,GFUYRFYLQFSVMT-UHFFFAOYSA-N,N#CC1C(=N)Oc2[nH]c(=O)[nH]c(=O)c2C1c1cccc([N+](=O)[O-])c1,2,BindingDB|ChEMBL,2,Canavalia ensiformis,1,Canavalia ensiformis,35694689.0|CHEMBL5241112,2,CHEMBL5241112,IC50,2,4.00467199092259,4.00467199092259,4.00467199092259,0.0,Active,True,False,327.2560000000001,327.060368388,24,24,0.6127499999999997,80.0805,165.73,7,3,2,3,2,1,0.14285714285714285,1015.1908341963652,0,0,10,1,1,1,0,318.184,3,10,N=C1CC(c2ccccc2)c2c([nH]c(=O)[nH]c2=O)O1
UIREF-0258,GGHTYEVDAXNTJE-UHFFFAOYSA-N,S=C(Nc1ccccc1Cl)Nc1ccccc1SSc1ccccc1NC(=S)Nc1ccccc1Cl,3,BindingDB|ChEMBL|PubChem,3,Canavalia ensiformis,1,Canavalia ensiformis,10.1016/j.bmc.2015.10.017|CHEMBL3627633,2,10.1016/j.bmc.2015.10.017,IC50,3,5.468521082957745,5.468521082957745,5.468521082957745,0.0,Active,True,False,587.6480000000001,585.9947860000001,36,36,9.410599999999999,167.18879999999982,48.12,4,4,7,4,4,0,0.0,1278.4177134884576,0,0,10,0,0,4,0,567.4880000000002,4,4,S=C(Nc1ccccc1)Nc1ccccc1SSc1ccccc1NC(=S)Nc1ccccc1
UIREF-0259,GGIOWXKPUXUIDB-UHFFFAOYSA-N,CCCCCOC(=O)Cc1ccc(O)c(O)c1,1,PubChem,1,Sporosarcina pasteurii,1,Sporosarcina pasteurii,10.1016/j.bmcl.2019.02.032,1,10.1016/j.bmcl.2019.02.032,IC50,1,4.59108197915322,4.59108197915322,4.59108197915322,0.0,Unspecified,False,False,238.283,238.120509056,17,17,2.3737000000000013,63.959600000000044,66.76,4,2,6,1,1,0,0.46153846153846156,373.6822536583102,0,0,4,0,0,1,0,220.13899999999995,2,4,c1ccccc1
UIREF-0260,GGJQDIHTWAEPTQ-AWNIVKPZSA-N,NNC(=O)c1cn(C2CC2)c2cc(N3CCN(CC(=O)Nc4ccc(C(=O)/C=C/c5ccccc5)cc4)CC3)c(F)cc2c1=O,1,PubChem,1,Proteus mirabilis,1,Proteus mirabilis,,0,,IC50,0,,,,,Inactive,False,True,608.6740000000001,608.2547317560001,45,45,3.735800000000003,171.62179999999964,129.76999999999998,7,3,9,6,4,2,0.23529411764705882,1843.0425740461083,0,2,11,1,1,3,1,575.4100000000004,4,10,O=C(CN1CCN(c2ccc3c(=O)ccn(C4CC4)c3c2)CC1)Nc1ccc(C(=O)C=Cc2ccccc2)cc1
UIREF-0261,GGNYHWLRWFSDMB-UHFFFAOYSA-N,O=[N+]([O-])c1ccc(NCc2ccc(O)cc2)cc1,2,PubChem,1,Helicobacter pylori,1,Helicobacter pylori,10.1016/j.bmc.2015.06.014,1,10.1016/j.bmc.2015.06.014,IC50,2,4.817156816387269,4.55129368009492,5.083019952679617,0.531726272584697,Active|Unspecified,True,False,244.25000000000003,244.084792244,18,18,2.9125000000000005,68.52990000000003,75.4,4,2,4,2,2,0,0.07692307692307693,535.167744186994,0,0,5,0,0,2,0,232.15399999999997,2,5,c1ccc(CNc2ccccc2)cc1
UIREF-0262,GHIJFQNFQCCGOJ-UHFFFAOYSA-N,O=C(Cc1ccc(O)c(O)c1)NC1CCCCC1,1,PubChem,1,Sporosarcina pasteurii,1,Sporosarcina pasteurii,10.1016/j.bmcl.2019.02.032,1,10.1016/j.bmcl.2019.02.032,IC50,1,4.945770090136603,4.945770090136603,4.945770090136603,0.0,Unspecified,False,False,249.30999999999995,249.136493468,18,18,2.0892,68.49130000000004,69.56,3,3,3,2,1,1,0.5,425.0473225322404,0,1,4,0,0,1,1,230.15799999999996,3,4,O=C(Cc1ccccc1)NC1CCCCC1
UIREF-0263,GICGDMNAWVFKFI-UHFFFAOYSA-N,Cn1c(Cn2c(C3CC3)nc3cc(Cl)c(Cl)cc32)n[nH]c1=S,3,BindingDB|ChEMBL|PubChem,3,Canavalia ensiformis,1,Canavalia ensiformis,10.1016/j.bmcl.2017.05.019|CHEMBL4033708,2,10.1016/j.bmcl.2017.05.019,IC50,3,6.769551078621726,6.769551078621726,6.769551078621726,0.0,Active,True,False,354.266,353.0268717760001,22,22,4.059890000000002,89.22270000000002,51.43,3,1,3,4,3,1,0.35714285714285715,934.746199843297,0,0,8,2,0,1,1,341.16200000000003,1,5,S=c1[nH]nc(Cn2c(C3CC3)nc3ccccc32)[nH]1
UIREF-0264,GIPVMMFYKWZCCU-UHFFFAOYSA-N,O=C(Cc1c(O)[nH]c(=S)[nH]c1=O)OCc1ccccc1,1,PubChem,1,"Urease, unspecified origin",1,"Urease, unspecified origin",10.1016/j.bmc.2020.115759,1,10.1016/j.bmc.2020.115759,IC50,1,4.126563136777963,4.126563136777963,4.126563136777963,0.0,Unspecified,False,False,292.316,292.051777864,20,20,1.4239899999999999,73.85420000000002,95.17999999999999,5,3,4,2,2,0,0.15384615384615385,721.1412819746462,0,0,7,1,0,1,0,280.22,3,6,O=C(Cc1c[nH]c(=S)[nH]c1=O)OCc1ccccc1
UIREF-0265,GIWDZTXMGZHDRM-UHFFFAOYSA-N,Cc1ccc(C(c2c[nH]c3ccc(C(=O)NNC(=S)NC45CC6CC(CC(C6)C4)C5)cc23)c2c[nH]c3ccc(C(=O)NNC(=S)NC45CC6CC(CC(C6)C4)C5)cc23)cc1,3,BindingDB|ChEMBL|PubChem,3,Canavalia ensiformis,1,Canavalia ensiformis,10.1016/j.bmc.2017.11.028|CHEMBL4177710,2,10.1016/j.bmc.2017.11.028,IC50,3,4.732828271596986,4.732828271596986,4.732828271596986,0.0,Active|Unspecified,True,False,839.1479999999998,838.381114968,60,60,8.293220000000005,243.19859999999946,137.9,4,8,7,13,5,8,0.4583333333333333,2317.0269527314636,0,2,12,2,0,3,8,784.7159999999998,8,10,O=C(NNC(=S)NC12CC3CC(CC(C3)C1)C2)c1ccc2[nH]cc(C(c3ccccc3)c3c[nH]c4ccc(C(=O)NNC(=S)NC56CC7CC(CC(C7)C5)C6)cc34)c2c1
UIREF-0266,GJQKRNOBAXAROI-RGVLZGJSSA-N,C/C(=N\NC(=S)Nc1cccc(F)c1)c1cc2ccccc2o1,1,PubChem,1,"Urease, unspecified origin",1,"Urease, unspecified origin",,0,,IC50,0,,,,,Active,True,False,327.38400000000007,327.08416128799996,23,23,4.282500000000002,94.1814,49.56,3,2,3,3,3,0,0.058823529411764705,855.1856816401735,0,0,6,1,0,2,0,313.27200000000005,2,4,S=C(NN=Cc1cc2ccccc2o1)Nc1ccccc1
UIREF-0267,GJQKRNOBAXAROI-UHFFFAOYSA-N,CC(=NNC(=S)Nc1cccc(F)c1)c1cc2ccccc2o1,1,BindingDB,1,Canavalia ensiformis,1,Canavalia ensiformis,10.1016/j.bioorg.2015.06.004,1,10.1016/j.bioorg.2015.06.004,IC50,1,5.939302159646388,5.939302159646388,5.939302159646388,0.0,Active,True,False,327.38400000000007,327.08416128799996,23,23,4.282500000000002,94.1814,49.56,3,2,3,3,3,0,0.058823529411764705,855.1856816401735,0,0,6,1,0,2,0,313.27200000000005,2,4,S=C(NN=Cc1cc2ccccc2o1)Nc1ccccc1
UIREF-0268,GKANHXJCHWHGHJ-UHFFFAOYSA-N,Oc1ccc(CCc2ccc(O)c(O)c2O)cc1,2,PubChem,1,Helicobacter pylori,1,Helicobacter pylori,10.1016/j.ejmech.2010.08.015,1,10.1016/j.ejmech.2010.08.015,IC50,1,4.494850021680094,4.494850021680094,4.494850021680094,0.0,Inconclusive|Unspecified,False,False,246.26200000000003,246.089208928,18,18,2.294200000000001,66.95120000000003,80.92,4,4,3,2,2,0,0.14285714285714285,546.4656041118582,0,0,4,0,0,2,0,232.14999999999995,4,4,c1ccc(CCc2ccccc2)cc1
UIREF-0269,GKEKTMIHABXYJS-UHFFFAOYSA-N,O=c1[nH]c(=S)[nH]c(O)c1C=Nc1ccc(I)cc1,2,BindingDB|PubChem,2,Canavalia ensiformis,1,Canavalia ensiformis,10.1016/j.bmc.2015.05.038,1,10.1016/j.bmc.2015.05.038,IC50,2,4.383734594718292,4.383734594718292,4.383734594718292,0.0,Active|Unspecified,True,False,373.17500000000007,372.938195496,18,18,2.493290000000001,80.3252,81.24,4,3,2,2,2,0,0.0,703.4636439920534,0,0,7,1,0,1,0,365.111,3,5,O=c1[nH]c(=S)[nH]cc1C=Nc1ccccc1
UIREF-0270,GKEQQJNORHZPLY-MHWRWJLKSA-N,C=CCNC(=S)N/N=C(\C)c1cc2ccccc2o1,1,PubChem,1,"Urease, unspecified origin",1,"Urease, unspecified origin",,0,,IC50,0,,,,,Active,True,False,273.36100000000005,273.0935831,19,19,2.8069000000000006,82.35840000000003,49.56,3,2,4,2,2,0,0.14285714285714285,597.4077144428545,0,0,5,1,0,1,0,258.241,2,4,c1ccc2occc2c1
UIREF-0271,GKEQQJNORHZPLY-UHFFFAOYSA-N,C=CCNC(=S)NN=C(C)c1cc2ccccc2o1,1,BindingDB,1,Canavalia ensiformis,1,Canavalia ensiformis,10.1016/j.bioorg.2015.06.004,1,10.1016/j.bioorg.2015.06.004,IC50,1,6.158640529545146,6.158640529545146,6.158640529545146,0.0,Active,True,False,273.36100000000005,273.0935831,19,19,2.8069000000000006,82.35840000000003,49.56,3,2,4,2,2,0,0.14285714285714285,597.4077144428545,0,0,5,1,0,1,0,258.241,2,4,c1ccc2occc2c1
UIREF-0272,GKQAXDYFHYRLSD-UHFFFAOYSA-N,O=C(NC(=S)NCc1ccccc1)c1ccccc1,3,BindingDB|ChEMBL|PubChem,3,Canavalia ensiformis,1,Canavalia ensiformis,10.1016/j.ejmech.2013.10.012|CHEMBL3085707,2,10.1016/j.ejmech.2013.10.012,IC50,3,4.56304266933055,4.56304266933055,4.56304266933055,0.0,Active|Unspecified,True,False,270.357,270.082684068,19,19,2.4911000000000003,79.78790000000004,41.13,2,2,3,2,2,0,0.06666666666666667,554.8729618797287,0,1,4,0,0,2,0,256.24499999999995,2,3,O=C(NC(=S)NCc1ccccc1)c1ccccc1
UIREF-0273,GKZPMQCLHPWAPT-UHFFFAOYSA-N,COc1ccc(CNc2cccc([N+](=O)[O-])c2)cc1OC,2,PubChem,1,Helicobacter pylori,1,Helicobacter pylori,10.1016/j.bmc.2015.06.014,1,10.1016/j.bmc.2015.06.014,IC50,1,4.297569463554475,4.297569463554475,4.297569463554475,0.0,Inconclusive|Unspecified,False,False,288.30300000000005,288.111006992,21,21,3.224100000000001,79.96910000000003,73.63,5,1,6,2,2,0,0.2,643.3207858941375,0,0,6,0,0,2,0,272.175,1,6,c1ccc(CNc2ccccc2)cc1
UIREF-0274,GLFFIENVELKTEH-UHFFFAOYSA-N,NS(=O)(=O)c1ccc(N=Cc2c(O)[nH]c(=S)[nH]c2=O)cc1,2,ChEMBL|PubChem,2,Canavalia ensiformis,1,Canavalia ensiformis,10.1016/j.ejmech.2022.114273|CHEMBL5137004,2,CHEMBL5137004,IC50,2,5.424812155072339,5.424812155072339,5.424812155072339,0.0,Active,True,False,326.35900000000004,326.0143468,21,21,0.5360900000000002,78.9814,141.4,6,4,3,2,2,0,0.0,910.4747945813551,0,0,10,1,0,1,0,316.27900000000005,5,8,O=c1[nH]c(=S)[nH]cc1C=Nc1ccccc1
UIREF-0275,GLLUKQNJRTURRD-UHFFFAOYSA-N,COC(=O)C(=Cc1ccc(O)c(O)c1)CP(=O)(O)O,2,PubChem,1,Sporosarcina pasteurii,1,Sporosarcina pasteurii,10.1021/acs.jmedchem.0c01143,1,10.1021/acs.jmedchem.0c01143,Ki,2,5.851886856369419,5.667561540084394,6.036212172654444,0.36865063257005026,Active,True,False,288.19199999999995,288.039889386,19,19,0.8318999999999999,66.67570000000002,124.29000000000002,5,4,4,1,1,0,0.18181818181818182,558.162170437726,0,0,8,0,0,1,0,275.08799999999997,4,7,c1ccccc1
UIREF-0276,GLMIVGLUKDPOQS-UHFFFAOYSA-N,CCOC(=O)C1=C(C)N=C(NN)N(C)C1c1cccc(O)c1,1,BindingDB,1,Canavalia ensiformis,1,Canavalia ensiformis,10.1016/j.bioorg.2015.12.007,1,10.1016/j.bioorg.2015.12.007,IC50,1,4.7594507517174005,4.7594507517174005,4.7594507517174005,0.0,Active,True,False,304.35,304.15354049999996,22,22,1.0351000000000004,82.70190000000002,100.17999999999999,7,3,3,2,1,1,0.3333333333333333,639.4296598644225,0,0,7,0,1,1,0,284.19000000000005,4,7,C1=CC(c2ccccc2)NC=N1
UIREF-0277,GLSUOACRAMLJIW-UHFFFAOYSA-N,C=C=CC(=O)OCC,3,PubChem,1,Sporosarcina pasteurii,1,Sporosarcina pasteurii,10.1016/j.bmcl.2017.02.022,1,10.1016/j.bmcl.2017.02.022,Ki,3,5.598599459218455,3.7904849854573692,5.6439741428068775,1.8534891573495083,Active|Unspecified,True,False,112.12799999999999,112.052429496,8,8,0.8906,30.34299999999999,26.3,2,0,2,0,0,0,0.3333333333333333,120.49022499567306,0,0,2,0,0,0,0,104.06399999999998,0,2,
UIREF-0278,GMIBUONZOFCIDT-UHFFFAOYSA-N,Cc1cccc(OCCC(O)=NO)c1,2,PubChem,1,Helicobacter pylori,1,Helicobacter pylori,10.1016/j.bmc.2018.07.003,1,10.1016/j.bmc.2018.07.003,IC50,1,5.471083299722345,5.471083299722345,5.471083299722345,0.0,Active|Inconclusive,True,False,195.21800000000002,195.089543276,14,14,2.1096199999999996,53.141300000000015,62.05,3,2,4,1,1,0,0.3,322.8980789080516,0,0,4,0,0,1,0,182.11399999999998,2,4,c1ccccc1
UIREF-0279,GMIGVZLRNAFOTE-UHFFFAOYSA-N,Cc1cc(C)cc(NCC(O)=NO)c1,2,PubChem,1,Helicobacter pylori,1,Helicobacter pylori,10.1016/j.ejmech.2018.06.065,1,10.1016/j.ejmech.2018.06.065,IC50,1,5.673664139071249,5.673664139071249,5.673664139071249,0.0,Active|Inconclusive,True,False,194.234,194.105527688,14,14,2.0610399999999998,56.256000000000014,64.85,3,3,3,1,1,0,0.3,327.7252768616324,0,0,4,0,0,1,0,180.12199999999999,3,4,c1ccccc1
UIREF-0280,GMQCSFVUKKNJEV-UHFFFAOYSA-N,Cc1cccc(NC(=S)NC(=O)c2ccccc2)c1C,3,BindingDB|ChEMBL|PubChem,3,Canavalia ensiformis,1,Canavalia ensiformis,10.1016/j.ejmech.2013.10.012|CHEMBL3085707,2,10.1016/j.ejmech.2013.10.012,IC50,3,5.498940737782249,5.498940737782249,5.498940737782249,0.0,Active,True,False,284.38400000000007,284.098334132,20,20,3.4302400000000013,86.04490000000003,41.129999999999995,2,2,2,2,2,0,0.125,638.1800614555088,0,1,4,0,0,2,0,268.256,2,3,O=C(NC(=S)Nc1ccccc1)c1ccccc1
UIREF-0281,GNCDADXCRWVSTF-UHFFFAOYSA-N,O=c1c(C(c2c(O)oc3ccccc3c2=O)c2cccc3ccccc23)c(O)oc2ccccc12,3,BindingDB|ChEMBL,2,Canavalia ensiformis,1,Canavalia ensiformis,10.1016/j.bmc.2005.09.048|10.1080/14756360409162452|CHEMBL1144858,3,CHEMBL1144858,IC50,3,4.070000019492821,4.069998998990925,4.075204004202088,0.005205005211163183,Active,True,False,462.45700000000016,462.11033829599995,35,35,5.644000000000005,133.19059999999993,100.88,6,2,3,6,6,0,0.034482758620689655,1774.7182420386737,0,0,6,2,0,4,0,444.31300000000033,2,6,O=c1c(C(c2coc3ccccc3c2=O)c2cccc3ccccc23)coc2ccccc12
UIREF-0282,GNLNPWONIBXOAE-UHFFFAOYSA-N,S=C(Nc1ccc(Cl)cc1)Nc1ccccc1SSc1ccccc1NC(=S)Nc1ccc(Cl)cc1,3,BindingDB|ChEMBL|PubChem,3,Canavalia ensiformis,1,Canavalia ensiformis,10.1016/j.bmc.2015.10.017|CHEMBL3627633,2,10.1016/j.bmc.2015.10.017,IC50,3,5.795880017344075,5.795880017344075,5.795880017344075,0.0,Active,True,False,587.6480000000001,585.994786,36,36,9.410599999999999,167.18879999999982,48.12,4,4,7,4,4,0,0.0,1243.9177134884576,0,0,10,0,0,4,0,567.4880000000002,4,4,S=C(Nc1ccccc1)Nc1ccccc1SSc1ccccc1NC(=S)Nc1ccccc1
UIREF-0283,GOISFZYZVKOVRI-UHFFFAOYSA-N,Cc1ccccc1-n1[se]c2ccccc2c1=O,3,PubChem,1,Proteus mirabilis|Sporosarcina pasteurii,2,Proteus mirabilis,10.1021/acs.jmedchem.2c01799,1,10.1021/acs.jmedchem.2c01799,IC50|IC90|Ki,2,8.025304996677544,7.6020599913279625,8.448550002027124,0.8464900106991617,Active,True,False,288.2080000000001,289.00058527199997,17,17,2.3561199999999998,71.22200000000002,22.0,1,0,1,3,3,0,0.07142857142857142,739.062066321055,0,0,3,1,0,2,0,277.12,0,2,O=c1c2ccccc2[se]n1-c1ccccc1
UIREF-0284,GPKIQTSPOOTBRG-NSHDSACASA-N,C[C@H](NC(=[Se])N(C)C)c1cccc2ccccc12,2,BindingDB|ChEMBL,2,Canavalia ensiformis,1,Canavalia ensiformis,10.1016/j.bmcl.2007.07.085|CHEMBL1140524,2,CHEMBL1140524,Ki,2,7.026872146400302,7.026872146400302,7.026872146400302,0.0,Active,True,False,305.283,306.063519876,18,18,2.3079,79.94670000000005,15.27,2,1,4,2,2,0,0.26666666666666666,557.9270862778206,0,0,3,0,0,2,0,287.139,1,2,c1ccc2ccccc2c1
UIREF-0285,GQMDOLVRXYKGGL-UHFFFAOYSA-N,Oc1ccc(C(=NNC(=S)Nc2cccc(Br)c2)c2ccccc2)cc1,2,BindingDB|ChEMBL,2,Canavalia ensiformis,1,Canavalia ensiformis,10.1016/j.bmc.2019.01.043|CHEMBL4422682,2,CHEMBL4422682,IC50,2,5.060480747381382,5.060480747381382,5.060480747381382,0.0,Active,True,False,426.3390000000001,425.019745232,26,26,4.8937000000000035,113.68619999999997,56.650000000000006,3,3,4,3,3,0,0.0,927.3010358676139,0,0,6,0,0,3,0,410.2110000000002,3,4,S=C(NN=C(c1ccccc1)c1ccccc1)Nc1ccccc1
UIREF-0286,GQMFGWWADOSNMX-UHFFFAOYSA-N,COc1ccc(C2COc3cc(OC)ccc3C2)cc1,1,PubChem,1,Helicobacter pylori,1,Helicobacter pylori,10.1016/j.ejmech.2013.03.016,1,10.1016/j.ejmech.2013.03.016,IC50,1,2.748848656824645,2.748848656824645,2.748848656824645,0.0,Unspecified,False,False,270.328,270.12559443600003,20,20,3.422500000000002,77.92800000000004,27.69,3,0,3,3,2,1,0.29411764705882354,589.6841536920082,0,0,3,0,1,2,0,252.18399999999994,0,3,c1ccc(C2COc3ccccc3C2)cc1
UIREF-0287,GQRCXKTWRYIKBP-UHFFFAOYSA-N,COc1ccc(NCc2ccc(Cl)cc2)cc1,2,PubChem,1,Helicobacter pylori,1,Helicobacter pylori,10.1016/j.bmc.2015.06.014,1,10.1016/j.bmc.2015.06.014,IC50,1,3.3010299956639813,3.3010299956639813,3.3010299956639813,0.0,Inconclusive|Unspecified,False,False,247.72500000000002,247.076391748,17,17,3.960700000000002,71.77270000000003,21.259999999999998,2,1,4,2,2,0,0.14285714285714285,464.5858125246546,0,0,3,0,0,2,0,233.61299999999997,1,2,c1ccc(CNc2ccccc2)cc1
UIREF-0288,GQXLTCORASWCDH-UHFFFAOYSA-N,CCCCc1ccc(O)c(O)c1O,2,PubChem,1,Helicobacter pylori,1,Helicobacter pylori,10.1016/j.ejmech.2010.08.015,1,10.1016/j.ejmech.2010.08.015,IC50,1,4.102372908709558,4.102372908709558,4.102372908709558,0.0,Inconclusive|Unspecified,False,False,182.21899999999997,182.094294308,13,13,2.1460000000000012,50.048400000000036,60.69,3,3,3,1,1,0,0.4,294.46648680841264,0,0,3,0,0,1,0,168.10699999999997,3,3,c1ccccc1
UIREF-0289,GRIGWBIWQDASMQ-DEDYPNTBSA-N,C/C(=N\NC(=S)Nc1ccccc1C)c1cc2ccccc2o1,1,PubChem,1,"Urease, unspecified origin",1,"Urease, unspecified origin",,0,,IC50,0,,,,,Active,True,False,323.42100000000005,323.109233164,23,23,4.451820000000003,98.9604,49.56,3,2,3,3,3,0,0.1111111111111111,849.6138999154676,0,0,5,1,0,2,0,306.285,2,4,S=C(NN=Cc1cc2ccccc2o1)Nc1ccccc1
UIREF-0290,GRIGWBIWQDASMQ-UHFFFAOYSA-N,CC(=NNC(=S)Nc1ccccc1C)c1cc2ccccc2o1,1,BindingDB,1,Canavalia ensiformis,1,Canavalia ensiformis,10.1016/j.bioorg.2015.06.004,1,10.1016/j.bioorg.2015.06.004,IC50,1,6.503070351926786,6.503070351926786,6.503070351926786,0.0,Active,True,False,323.42100000000005,323.109233164,23,23,4.451820000000003,98.9604,49.56,3,2,3,3,3,0,0.1111111111111111,849.6138999154676,0,0,5,1,0,2,0,306.285,2,4,S=C(NN=Cc1cc2ccccc2o1)Nc1ccccc1
UIREF-0291,GRMUEZZJCAAVPG-UHFFFAOYSA-N,S=C(Nc1ccccc1)Nc1ncc(Cl)cc1Cl,3,BindingDB|ChEMBL|PubChem,3,Canavalia ensiformis,1,Canavalia ensiformis,10.1016/j.ejmech.2014.01.001|CHEMBL3120147,2,10.1016/j.ejmech.2014.01.001,IC50,3,4.431446287950558,4.431446287950558,4.431446287950558,0.0,Active|Unspecified,True,False,298.198,296.989423648,18,18,4.197300000000001,80.54240000000001,36.95,2,2,2,2,2,0,0.0,560.5039105141742,0,0,6,1,0,1,0,289.126,2,3,S=C(Nc1ccccc1)Nc1ccccn1
UIREF-0292,GRSPEAHRJCOVAI-UHFFFAOYSA-N,CN(O)C(=O)CC(O)c1cc(Cl)ccc1OCc1ccccc1,1,PubChem,1,Helicobacter pylori,1,Helicobacter pylori,10.1016/j.bmc.2016.07.052,1,10.1016/j.bmc.2016.07.052,IC50,1,4.581698708680254,4.581698708680254,4.581698708680254,0.0,Unspecified,False,False,335.7870000000001,335.092435736,23,23,3.190100000000002,86.35930000000003,70.0,4,2,6,2,2,0,0.23529411764705882,660.8978725784723,0,1,6,0,0,2,0,317.6430000000001,2,5,c1ccc(COc2ccccc2)cc1
UIREF-0293,GRYROFYHQBVWKJ-UHFFFAOYSA-N,S=C(Nc1ccc(Cl)cc1)Nc1cccc(Cl)c1,5,BindingDB|ChEMBL|PubChem,3,Canavalia ensiformis,1,Canavalia ensiformis,10.1016/j.ejmech.2014.01.001|CHEMBL3120147,2,10.1016/j.ejmech.2014.01.001,IC50|Ki,5,4.691862621361961,4.691862621361961,4.7423214251308154,0.05045880376885403,Active|Unspecified,True,False,297.21000000000004,295.99417467999996,18,18,4.802300000000002,82.74740000000001,24.06,1,2,2,2,2,0,0.0,555.1726316891574,0,0,5,0,0,2,0,287.13,2,2,S=C(Nc1ccccc1)Nc1ccccc1
UIREF-0294,GSEALNRYJFBDSA-UHFFFAOYSA-N,ON=C(O)CNc1cc(Cl)cc(Cl)c1,2,PubChem,1,Helicobacter pylori,1,Helicobacter pylori,10.1016/j.ejmech.2018.06.065,1,10.1016/j.ejmech.2018.06.065,IC50,2,5.829084971539745,4.772113295386326,6.886056647693163,2.113943352306837,Active|Unspecified,True,False,235.07,233.996282856,14,14,2.7510000000000003,56.802000000000014,64.85000000000001,3,3,3,1,1,0,0.125,334.944557810506,0,0,6,0,0,1,0,227.00599999999997,3,4,c1ccccc1
UIREF-0295,GTZCVFVGUGFEME-UHFFFAOYSA-N,O=C(O)C=C(CC(=O)O)C(=O)O,1,PubChem,1,Sporosarcina pasteurii,1,Sporosarcina pasteurii,10.1016/j.bmcl.2017.02.022,1,10.1016/j.bmcl.2017.02.022,Ki,1,5.212539525481585,5.212539525481585,5.212539525481585,0.0,Active,True,False,174.108,174.01643791200001,12,12,-0.44329999999999964,35.60739999999999,111.89999999999999,3,3,4,0,0,0,0.16666666666666666,250.7639251168273,0,0,6,0,0,0,0,168.05999999999997,3,6,
UIREF-0296,GUIUAVXKUFIOGP-PKNBQFBNSA-N,COC(=O)/C(=C/c1ccc(Cl)cc1)CCCP(=O)(O)O,3,PubChem,1,Sporosarcina pasteurii,1,Sporosarcina pasteurii,10.1016/j.ejmech.2018.09.074,1,10.1016/j.ejmech.2018.09.074,IC50|Ki,3,4.302770657240282,3.962573502059376,4.371611069949688,0.4090375678903122,Unspecified,False,False,318.693,318.04238792199993,20,20,2.854300000000003,77.59010000000002,83.83000000000001,3,2,6,1,1,0,0.3076923076923077,532.1974266811486,0,0,7,0,0,1,0,302.565,2,5,c1ccccc1
UIREF-0297,GUNHMPKARKINRJ-UHFFFAOYSA-N,O=C(NC(=S)Nc1cccc(F)c1)c1ccccc1,3,BindingDB|ChEMBL|PubChem,3,Canavalia ensiformis,1,Canavalia ensiformis,10.1016/j.ejmech.2013.10.012|CHEMBL3085707,2,10.1016/j.ejmech.2013.10.012,IC50,3,5.453457336521868,5.453457336521868,5.453457336521868,0.0,Active,True,False,274.32,274.057612192,19,19,2.9525000000000015,76.52890000000002,41.13,2,2,2,2,2,0,0.0,601.4047764486287,0,1,5,0,0,2,0,263.23199999999997,2,3,O=C(NC(=S)Nc1ccccc1)c1ccccc1
UIREF-0298,GVHZQIIMGRLFMX-UHFFFAOYSA-N,O=C(NC(=S)Nc1ccccc1)c1ccccc1,3,BindingDB|ChEMBL|PubChem,3,Canavalia ensiformis,1,Canavalia ensiformis,10.1016/j.ejmech.2013.10.012|CHEMBL3085707,2,10.1016/j.ejmech.2013.10.012,IC50,3,4.85078088734462,4.85078088734462,4.85078088734462,0.0,Active|Unspecified,True,False,256.33000000000004,256.067034004,18,18,2.8134000000000015,76.57090000000002,41.13,2,2,2,2,2,0,0.0,540.2351541205121,0,1,4,0,0,2,0,244.23399999999995,2,3,O=C(NC(=S)Nc1ccccc1)c1ccccc1
UIREF-0299,GVWFFULEODWIHN-UHFFFAOYSA-N,Cc1ccc(-n2c(-c3ccc(Cl)cc3)n[nH]c2=S)c(C)c1,2,BindingDB|ChEMBL,2,Canavalia ensiformis,1,Canavalia ensiformis,10.1016/j.ejmech.2010.08.034|CHEMBL1275315,2,CHEMBL1275315,IC50,2,3.767613853868091,3.767613853868091,3.767613853868091,0.0,Active,True,False,315.82900000000006,315.059696128,21,21,4.867130000000003,88.66870000000002,33.61,2,1,2,3,3,0,0.125,846.7038034414612,0,0,5,1,0,2,0,301.71700000000004,1,3,S=c1[nH]nc(-c2ccccc2)n1-c1ccccc1
UIREF-0300,GWGCZWYTTHJCJI-UHFFFAOYSA-N,Cc1ccc(Nc2nnc(C(C)Oc3ccc(Cl)cc3)o2)cc1,1,BindingDB,1,Canavalia ensiformis,1,Canavalia ensiformis,10.1111/cbdd.12297,1,10.1111/cbdd.12297,IC50,1,4.581698708680254,4.581698708680254,4.581698708680254,0.0,Active,True,False,329.78700000000003,329.09310443199996,23,23,4.915020000000004,89.25470000000003,60.18000000000001,5,1,5,3,3,0,0.17647058823529413,769.2923939382223,0,0,6,1,0,2,0,313.6590000000001,1,5,c1ccc(Nc2nnc(COc3ccccc3)o2)cc1
UIREF-0301,GXZKCPVSJVAHGP-UHFFFAOYSA-N,CNCC(=O)NCP(=O)(O)CO,2,PubChem,1,Proteus vulgaris|Sporosarcina pasteurii,2,Proteus vulgaris,10.1021/jm100340m,1,10.1021/jm100340m,IC50,2,4.640649531505455,4.5951662833800615,4.686132779630847,0.09096649625078523,Unspecified,False,False,196.14299999999997,196.061293526,12,12,-1.5002999999999997,43.84750000000001,98.66000000000001,4,4,5,0,0,0,0.8,195.887241290925,0,1,7,0,0,0,0,183.039,4,6,
UIREF-0302,GYAPFWUJHNYJOH-UHFFFAOYSA-N,Nc1[nH]c(=S)nc2c1C(c1ccc(Cl)cc1)C=C(c1cc3ccccc3oc1=O)O2,1,PubChem,1,Escherichia coli,1,Escherichia coli,10.1039/d2md00076h,1,10.1039/d2md00076h,IC50,1,8.308918507877031,8.308918507877031,8.308918507877031,0.0,Active,True,False,435.8920000000002,435.0444399879999,30,30,5.046590000000003,118.2181,94.14,6,2,2,5,4,1,0.045454545454545456,1440.9744611415945,0,0,8,2,1,2,0,421.78000000000026,3,6,O=c1oc2ccccc2cc1C1=CC(c2ccccc2)c2c[nH]c(=S)nc2O1
UIREF-0303,GYXLJFKBGTVCHD-UHFFFAOYSA-N,O=c1c2cccc(O)c2oc2c(O)c(O)ccc12,1,BindingDB,1,Canavalia ensiformis,1,Canavalia ensiformis,10.3109/14756360903179385,1,10.3109/14756360903179385,IC50,1,4.420788219768501,4.420788219768501,4.420788219768501,0.0,Active,True,False,244.20199999999997,244.037173356,18,18,2.0629999999999997,64.98440000000002,90.9,5,3,0,3,3,0,0.0,832.0093942884614,0,0,5,1,0,2,0,236.13799999999995,3,5,O=c1c2ccccc2oc2ccccc12
UIREF-0304,HAROZUBOLLPGLB-NSHDSACASA-N,CNC(=O)c1cn2c3c(c(N4CCN(C)CC4)c(F)cc3c1=O)OC[C@@H]2C,1,PubChem,1,Proteus mirabilis,1,Proteus mirabilis,,0,,IC50,0,,,,,Active,True,False,374.4160000000001,374.175418816,27,27,1.2053999999999996,101.47220000000004,66.81,5,1,2,4,2,2,0.47368421052631576,979.3041997140859,0,1,8,1,2,1,0,351.23200000000014,1,7,O=c1ccn2c3c(c(N4CCNCC4)ccc13)OCC2
UIREF-0305,HATCTQKUSRHYKE-UHFFFAOYSA-N,O=c1c(C(CCc2ccccc2)c2c(O)oc3ccccc3c2=O)c(O)oc2ccccc12,2,BindingDB|ChEMBL,2,Canavalia ensiformis,1,Canavalia ensiformis,10.1016/j.bmc.2005.09.048|CHEMBL1144858,2,CHEMBL1144858,IC50,2,4.170000947747601,4.169999984192581,4.170001911302621,1.9271100395457097e-06,Active,True,False,440.4510000000002,440.1259883599999,33,33,5.075300000000006,124.90360000000004,100.88,6,2,5,5,5,0,0.1111111111111111,1481.00281540916,0,0,6,2,0,3,0,420.2910000000002,2,6,O=c1c(C(CCc2ccccc2)c2coc3ccccc3c2=O)coc2ccccc12
UIREF-0306,HAWUTTAFCUKXLJ-FCHUYYIVSA-N,COc1cc(CC[C@H](C[C@H](CCc2ccc(O)cc2)OC(C)=O)OC(C)=O)ccc1O,1,PubChem,1,"Urease, unspecified origin",1,"Urease, unspecified origin",10.1039/d3md00645j,1,10.1039/d3md00645j,IC50,1,3.6515004297161626,3.6515004297161626,3.6515004297161626,0.0,Unspecified,False,False,430.49700000000024,430.19915329999986,31,31,3.925300000000003,115.13260000000005,102.29,7,2,11,2,2,0,0.4166666666666667,860.7315753994428,0,0,7,0,0,2,0,400.2570000000002,2,7,c1ccc(CCCCCCCc2ccccc2)cc1
UIREF-0307,HBMVZDYCMNXVEQ-UHFFFAOYSA-N,Cn1c2ccccc2c2cc(-c3cc(-c4ccc(F)cc4F)nc(N)n3)ccc21,1,BindingDB,1,Canavalia ensiformis,1,Canavalia ensiformis,10.3109/14756366.2012.740477,1,10.3109/14756366.2012.740477,IC50,1,4.39577394691553,4.39577394691553,4.39577394691553,0.0,Active,True,False,386.4050000000001,386.13430295200004,29,29,5.315900000000003,111.21540000000002,56.730000000000004,3,1,2,5,5,0,0.043478260869565216,1405.4665108885201,0,0,6,2,0,3,0,370.27700000000004,2,4,c1ccc(-c2cc(-c3ccc4[nH]c5ccccc5c4c3)ncn2)cc1
UIREF-0308,HCOVSUWQMKZWAW-UHFFFAOYSA-N,O=[N+]([O-])c1ccc(C2CC(c3ccccc3)=Nc3ccccc3S2)cc1,1,BindingDB,1,Canavalia ensiformis,1,Canavalia ensiformis,10.1080/14756360801945598,1,10.1080/14756360801945598,IC50,1,4.435215615496014,4.435215615496014,4.435215615496014,0.0,Active,True,False,360.43800000000005,360.093248752,26,26,5.952700000000004,105.39240000000001,55.5,4,0,3,4,3,1,0.09523809523809523,968.8159548805361,0,0,5,0,1,3,0,344.31000000000006,0,4,c1ccc(C2=Nc3ccccc3SC(c3ccccc3)C2)cc1
UIREF-0309,HDEKDPVRCOGVAB-UHFFFAOYSA-N,CN(C)CP(=O)(O)CO,2,PubChem,1,Proteus vulgaris|Sporosarcina pasteurii,2,Proteus vulgaris,10.1021/jm100340m,1,10.1021/jm100340m,Ki,2,5.404834150914854,5.301029995663981,5.508638306165727,0.20760831050174566,Active,True,False,153.11799999999997,153.05547987399999,9,9,-0.2743000000000001,35.46509999999999,60.77000000000001,3,2,3,0,0,0,1.0,124.98115537907292,0,0,5,0,0,0,0,141.022,2,4,
UIREF-0310,HDFOROOEQJGIOD-UHFFFAOYSA-N,Cc1ccc(C=NNC(=O)Cc2c(O)[nH]c(=S)[nH]c2=O)cc1,1,PubChem,1,"Urease, unspecified origin",1,"Urease, unspecified origin",10.1016/j.bmc.2020.115759,1,10.1016/j.bmc.2020.115759,IC50,1,4.169475485902741,4.169475485902741,4.169475485902741,0.0,Unspecified,False,False,318.35800000000006,318.07866130799994,22,22,1.1393099999999998,84.5319,110.33999999999997,5,4,4,2,2,0,0.14285714285714285,821.2169735777853,0,1,8,1,0,1,0,304.2460000000001,4,7,O=C(Cc1c[nH]c(=S)[nH]c1=O)NN=Cc1ccccc1
UIREF-0311,HFEDBFLPBKEYFR-UHFFFAOYSA-N,COC(=O)CC(c1ccc(O)c(O)c1)P(=O)(O)O,2,PubChem,1,Sporosarcina pasteurii,1,Sporosarcina pasteurii,10.1021/acs.jmedchem.0c01143,1,10.1021/acs.jmedchem.0c01143,Ki,2,6.690453334686628,6.494850021680094,6.886056647693163,0.3912066260130693,Active,True,False,276.181,276.039889386,18,18,0.8796999999999995,61.18970000000004,124.29000000000002,5,4,4,1,1,0,0.3,492.9996041730904,0,0,8,0,0,1,0,263.07699999999994,4,7,c1ccccc1
UIREF-0312,HFEXTAKSAJFCKR-UHFFFAOYSA-N,O=C(NC(=S)Nc1c(Cl)cc(Cl)cc1Cl)c1ccccc1,3,BindingDB|ChEMBL|PubChem,3,Canavalia ensiformis,1,Canavalia ensiformis,10.1016/j.ejmech.2013.10.012|CHEMBL3085707,2,10.1016/j.ejmech.2013.10.012,IC50,3,5.777283528852417,5.777283528852417,5.777283528852417,0.0,Active,True,False,359.6650000000001,357.950116948,21,21,4.773600000000002,91.60089999999998,41.13,2,2,2,2,2,0,0.0,668.868517374605,0,1,7,0,0,2,0,350.59300000000013,2,3,O=C(NC(=S)Nc1ccccc1)c1ccccc1
UIREF-0313,HFLGBNBLMBSXEM-UHFFFAOYSA-N,CCc1ccc(O)c(O)c1,2,PubChem,1,Helicobacter pylori,1,Helicobacter pylori,10.1016/j.ejmech.2010.08.015,1,10.1016/j.ejmech.2010.08.015,IC50,2,5.035878908421346,4.761953896871205,5.309803919971486,0.5478500231002812,Active|Unspecified,True,False,138.16599999999997,138.06807956,10,10,1.6602,39.149600000000014,40.46,2,2,1,1,1,0,0.25,230.69924244622516,0,0,2,0,0,1,0,128.08599999999998,2,2,c1ccccc1
UIREF-0314,HFOYPXJTHCRMOB-UHFFFAOYSA-N,Oc1[nH]c2ccccc2c1N=NC(=S)Nc1ccc(OC(F)(F)F)cc1,2,BindingDB|ChEMBL,2,Canavalia ensiformis,1,Canavalia ensiformis,10.1007/s00044-013-0575-7|CHEMBL3044957,2,CHEMBL3044957,IC50,2,4.686132779630847,4.686132779630847,4.686132779630847,0.0,Active,True,False,380.35100000000006,380.055481252,26,26,5.2528000000000015,93.8252,82.0,4,3,3,3,3,0,0.0625,967.7804632360348,0,0,10,1,0,2,0,369.26300000000003,3,6,S=C(N=Nc1c[nH]c2ccccc12)Nc1ccccc1
UIREF-0315,HFPGKFDSGPSMAQ-UHFFFAOYSA-N,COC(=O)CNC(=O)c1ccccc1[Se][Se]c1ccccc1C(=O)NCC(=O)OC,5,PubChem,1,Helicobacter pylori|Sporosarcina pasteurii,2,Helicobacter pylori,10.1021/acs.jmedchem.6b00986,1,10.1021/acs.jmedchem.6b00986,IC50|Ki,4,5.058446215224975,4.070581074285707,8.175874166083451,4.105293091797744,Active|Inactive|Unspecified,True,True,542.3080000000001,543.9651789599999,30,30,-1.2335999999999967,112.35840000000003,110.8,6,2,9,2,2,0,0.2,859.5176403034268,0,2,10,0,0,2,0,522.1480000000003,2,8,c1ccc([Se][Se]c2ccccc2)cc1
UIREF-0316,HGBAQCFJDVLIRI-UHFFFAOYSA-N,CCCCCCCCC(=O)c1c(O)c2ccccc2oc1=O,1,BindingDB,1,Sporosarcina pasteurii,1,Sporosarcina pasteurii,10.1016/j.bioorg.2016.04.005,1,10.1016/j.bioorg.2016.04.005,IC50,1,4.510463370517905,4.510463370517905,4.510463370517905,0.0,Active,True,False,302.3700000000001,302.15180918399994,22,22,4.431900000000004,86.47230000000005,67.50999999999999,4,1,8,2,2,0,0.4444444444444444,699.7896405480751,0,0,4,1,0,1,0,280.19399999999996,1,4,O=c1ccc2ccccc2o1
UIREF-0317,HGBQETNPAMDMEL-UHFFFAOYSA-N,CCOc1ccc(CCc2ccc(O)c(O)c2O)cc1OCC,2,PubChem,1,Helicobacter pylori,1,Helicobacter pylori,10.1016/j.ejmech.2010.08.015,1,10.1016/j.ejmech.2010.08.015,IC50,1,4.161150909262744,4.161150909262744,4.161150909262744,0.0,Inconclusive|Unspecified,False,False,318.3690000000001,318.146723804,23,23,3.386000000000003,87.62440000000004,79.15,5,3,7,2,2,0,0.3333333333333333,666.7017878728392,0,0,5,0,0,2,0,296.19300000000004,3,5,c1ccc(CCc2ccccc2)cc1
UIREF-0318,HGOYHFLRLZHSDB-UHFFFAOYSA-N,NCP(=O)(O)CN,2,PubChem,1,Proteus mirabilis|Sporosarcina pasteurii,2,Sporosarcina pasteurii,10.1021/ml500380f,1,10.1021/ml500380f,Ki,2,4.09154808031217,4.086186147616283,4.096910013008056,0.010723865391772947,Unspecified,False,False,124.08,124.040164158,7,7,-0.9108,27.934100000000004,89.34,3,3,2,0,0,0,1.0,85.69058447171099,0,0,5,0,0,0,0,115.008,5,4,
UIREF-0319,HGTSTIDXMIZUEW-UHFFFAOYSA-N,COc1ccccc1NCCC(O)=NO,2,PubChem,1,Helicobacter pylori,1,Helicobacter pylori,10.1016/j.ejmech.2018.06.065,1,10.1016/j.ejmech.2018.06.065,IC50,1,5.785156151952302,5.785156151952302,5.785156151952302,0.0,Active|Inconclusive,True,False,210.23299999999998,210.100442308,15,15,1.8428999999999998,57.951000000000015,74.08,4,3,5,1,1,0,0.3,339.1943151336009,0,0,5,0,0,1,0,196.12099999999998,3,5,c1ccccc1
UIREF-0320,HGXXHEGRYGFCNE-UHFFFAOYSA-N,CCOc1cccc(C=Nc2nc(-c3ccccc3)cs2)c1O,2,BindingDB|PubChem,2,"Canavalia ensiformis|Urease, unspecified origin",2,Canavalia ensiformis,,0,,IC50|Ki,1,5.102372908709558,5.102372908709558,5.102372908709558,0.0,Active,True,False,324.40500000000003,324.09324875199997,23,23,4.665000000000003,94.07980000000003,54.71000000000001,5,1,5,3,3,0,0.1111111111111111,812.8987249927026,0,0,5,1,0,2,0,308.277,1,4,C(=Nc1nc(-c2ccccc2)cs1)c1ccccc1
UIREF-0321,HHUNQGGMAAPGBH-UHFFFAOYSA-N,CC(C)=CCn1c(O)c(N=NC(=O)c2ccc(Br)cc2)c2ccccc21,3,ChEMBL|PubChem,2,Helicobacter pylori,1,Helicobacter pylori,10.1016/j.bmcl.2018.08.025|CHEMBL4265894,2,10.1016/j.bmcl.2018.08.025,IC50|MIC,2,4.0762380391713,4.0762380391713,4.0762380391713,0.0,Active|Unspecified,True,False,412.28700000000003,411.058238916,26,26,5.999700000000005,106.02230000000002,66.94999999999999,3,1,4,3,3,0,0.15,1013.4623722402645,0,1,6,1,0,2,0,394.14300000000014,1,5,O=C(N=Nc1c[nH]c2ccccc12)c1ccccc1
UIREF-0322,HIBMXMJHEPLUAM-RMKNXTFCSA-N,COC(=O)/C(=C/c1ccc(F)cc1)CP(=O)(O)O,2,PubChem,1,Sporosarcina pasteurii,1,Sporosarcina pasteurii,10.1016/j.ejmech.2017.03.070,1,10.1016/j.ejmech.2017.03.070,Ki,2,4.168419136748169,4.135488918941608,4.201349354554731,0.06586043561312316,Unspecified,False,False,274.18399999999997,274.040638334,18,18,1.5598,63.304100000000034,83.83000000000001,3,2,4,1,1,0,0.18181818181818182,502.6697866735077,0,0,7,0,0,1,0,262.08799999999997,2,5,c1ccccc1
UIREF-0323,HIRDUXXMMGEGDH-JLHYYAGUSA-N,Cc1ccc(/C=C(\CCCCP(=O)(O)O)C(=O)O)cc1,3,PubChem,1,Sporosarcina pasteurii,1,Sporosarcina pasteurii,10.1016/j.ejmech.2018.09.074,1,10.1016/j.ejmech.2018.09.074,IC50|Ki,3,5.069050968832477,5.0343280287798935,5.142064735280571,0.10773670650067757,Active,True,False,298.275,298.0970103380001,20,20,2.811020000000002,77.55390000000003,94.83,2,3,7,1,1,0,0.35714285714285715,527.0001741081763,0,0,6,0,0,1,0,279.123,3,5,c1ccccc1
UIREF-0324,HJFQCLUSKVFGHQ-UHFFFAOYSA-N,CC(C)c1ccc(C(c2c(O)c3ccccc3oc2=O)c2c(O)c3ccccc3oc2=O)cc1,3,BindingDB|ChEMBL,2,Canavalia ensiformis,1,Canavalia ensiformis,10.1016/j.bmc.2005.09.048|10.1080/14756360409162452|CHEMBL1144858,3,CHEMBL1144858,IC50,3,4.0800019690359814,4.079999984911641,4.086186147616283,0.0061861627046422285,Active,True,False,454.4780000000002,454.1416384239999,34,34,5.6142000000000065,129.77360000000002,100.88,6,2,4,5,5,0,0.14285714285714285,1541.6138510565502,0,0,6,2,0,3,0,432.30200000000025,2,6,O=c1oc2ccccc2cc1C(c1ccccc1)c1cc2ccccc2oc1=O
UIREF-0325,HJXYSSSQPOWHML-UHFFFAOYSA-N,CCn1c(Cn2c(C3CC3)nc3cc(Cl)c(Cl)cc32)n[nH]c1=S,3,BindingDB|ChEMBL|PubChem,3,Canavalia ensiformis,1,Canavalia ensiformis,10.1016/j.bmcl.2017.05.019|CHEMBL4033708,2,10.1016/j.bmcl.2017.05.019,IC50,3,6.42021640338319,6.42021640338319,6.42021640338319,0.0,Active,True,False,368.29300000000006,367.0425218400001,23,23,4.542790000000003,93.91570000000003,51.43,3,1,4,4,3,1,0.4,950.82250824307,0,0,8,2,0,1,1,353.17300000000006,1,5,S=c1[nH]nc(Cn2c(C3CC3)nc3ccccc32)[nH]1
UIREF-0326,HJZGIXVWMCCKMU-UHFFFAOYSA-N,COc1ccc(F)cc1C(O)CC(O)=NO,2,PubChem,1,Helicobacter pylori,1,Helicobacter pylori,10.1016/j.ejmech.2013.07.047,1,10.1016/j.ejmech.2013.07.047,IC50,1,4.958607314841775,4.958607314841775,4.958607314841775,0.0,Inconclusive|Unspecified,False,False,229.207,229.075036084,16,16,1.6035,54.379100000000015,82.28,4,3,4,1,1,0,0.3,394.4054612175855,0,0,6,0,0,1,0,217.11099999999996,3,5,c1ccccc1
UIREF-0327,HKHRHBIJDSXANU-UHFFFAOYSA-N,O=C(OCCc1ccc(F)cc1)c1cc(O)c(O)c(O)c1,1,PubChem,1,Sporosarcina pasteurii,1,Sporosarcina pasteurii,10.1016/j.bmcl.2019.02.032,1,10.1016/j.bmcl.2019.02.032,IC50,1,3.6865546295735863,3.6865546295735863,3.6865546295735863,0.0,Unspecified,False,False,292.262,292.074701736,21,21,2.3420000000000014,71.82290000000002,86.99000000000001,5,3,4,2,2,0,0.13333333333333333,628.6087073558793,0,0,6,0,0,2,0,279.15799999999996,3,5,O=C(OCCc1ccccc1)c1ccccc1
UIREF-0328,HKJBMDUNSXIAOF-UHFFFAOYSA-N,COc1cc(Br)c(C=C2C(=O)NC(=S)NC2=O)cc1OC,1,PubChem,1,Sporosarcina pasteurii,1,Sporosarcina pasteurii,10.1016/j.bmc.2014.05.057,1,10.1016/j.bmc.2014.05.057,IC50,1,4.325138859262188,4.325138859262188,4.325138859262188,0.0,Unspecified,False,False,371.2120000000001,369.962289932,21,21,1.3805999999999998,84.10640000000001,76.66000000000001,5,2,3,2,1,1,0.15384615384615385,650.3802606713267,0,2,8,0,1,1,0,360.12400000000014,2,6,O=C1NC(=S)NC(=O)C1=Cc1ccccc1
UIREF-0329,HKQYGTCOTHHOMP-UHFFFAOYSA-N,COc1ccc(-c2coc3cc(O)ccc3c2=O)cc1,1,PubChem,1,Helicobacter pylori,1,Helicobacter pylori,10.1016/j.ejmech.2013.03.016,1,10.1016/j.ejmech.2013.03.016,IC50,1,2.6983190507064236,2.6983190507064236,2.6983190507064236,0.0,Unspecified,False,False,268.268,268.073558864,20,20,3.1742000000000017,76.13680000000002,59.67,4,1,2,3,3,0,0.0625,815.9947509008107,0,0,4,1,0,2,0,256.17199999999997,1,4,O=c1c(-c2ccccc2)coc2ccccc12
UIREF-0330,HKRSBCYRZIIQME-UHFFFAOYSA-N,COc1ccccc1C(O)CC(O)=NO,2,PubChem,1,Helicobacter pylori,1,Helicobacter pylori,10.1016/j.ejmech.2013.07.047,1,10.1016/j.ejmech.2013.07.047,IC50,1,4.414539270491499,4.414539270491499,4.414539270491499,0.0,Inconclusive|Unspecified,False,False,211.21699999999998,211.084457896,15,15,1.4644,54.42110000000002,82.28,4,3,4,1,1,0,0.3,351.03055438911724,0,0,5,0,0,1,0,198.11299999999997,3,5,c1ccccc1
UIREF-0331,HLMBWSDLIBEUBX-UHFFFAOYSA-N,O=P(O)(O)CCc1ccc(O)c(O)c1,2,PubChem,1,Helicobacter pylori|Sporosarcina pasteurii,2,Sporosarcina pasteurii,10.1016/j.ejmech.2023.115528,1,10.1016/j.ejmech.2023.115528,IC50|Ki,2,4.8080384855239195,4.575118363368933,5.040958607678906,0.4658402443099732,Active|Unspecified,True,False,218.145,218.034410082,14,14,0.8179999999999996,50.386700000000026,97.99000000000001,3,4,3,1,1,0,0.25,369.9944301272583,0,0,6,0,0,1,0,207.05699999999996,4,5,c1ccccc1
UIREF-0332,HLVSTRRTAQUYKT-UHFFFAOYSA-N,CCOC(=O)C1C(C)=NC(=S)NC1c1ccc(C)cc1,1,BindingDB,1,Canavalia ensiformis,1,Canavalia ensiformis,10.1016/j.bioorg.2015.12.007,1,10.1016/j.bioorg.2015.12.007,IC50,1,4.367542707815276,4.367542707815276,4.367542707815276,0.0,Active,True,False,290.38800000000003,290.108898816,20,20,2.564420000000001,82.88570000000004,50.69,3,1,3,2,1,1,0.4,551.496870407494,0,0,5,0,1,1,0,272.244,1,4,S=C1N=CCC(c2ccccc2)N1
UIREF-0333,HMICCIKAEJHAET-UHFFFAOYSA-N,CCC(Oc1ccc(Br)cc1)c1nnc(Nc2ccc(Br)cc2)o1,1,BindingDB,1,Canavalia ensiformis,1,Canavalia ensiformis,10.1111/cbdd.12297,1,10.1111/cbdd.12297,IC50,1,4.341988603342887,4.341988603342887,4.341988603342887,0.0,Active,True,False,453.13400000000007,450.95310092,24,24,5.868300000000004,99.52470000000002,60.18000000000001,5,1,6,3,3,0,0.17647058823529413,788.3551579821054,0,0,7,1,0,2,0,438.0140000000002,1,5,c1ccc(Nc2nnc(COc3ccccc3)o2)cc1
UIREF-0334,HMMOQHWYJYYROJ-UHFFFAOYSA-N,Oc1[nH]c2ccccc2c1N=NC(=S)Nc1cccc(F)c1,2,BindingDB|ChEMBL,2,Canavalia ensiformis,1,Canavalia ensiformis,10.1007/s00044-013-0575-7|CHEMBL3044957,2,CHEMBL3044957,IC50,2,4.295849483160201,4.295849483160201,4.295849483160201,0.0,Active,True,False,314.345,314.063760192,22,22,4.493300000000001,87.1002,72.77,3,3,2,3,3,0,0.0,874.8598802444083,0,0,7,1,0,2,0,303.257,3,5,S=C(N=Nc1c[nH]c2ccccc12)Nc1ccccc1
UIREF-0335,HMOSVEOPAUPPHT-UHFFFAOYSA-N,NC(=S)NN=Cc1ccc(Br)cc1,2,BindingDB,1,Canavalia ensiformis,1,Canavalia ensiformis,10.1016/j.ejmech.2011.09.009,1,10.1016/j.ejmech.2011.09.009,IC50|Ki,2,6.132044930515309,6.113509274827518,6.1505805862031,0.03707131137558228,Active,True,False,258.144,256.962230356,13,13,1.6162,61.657100000000014,50.41,2,2,2,1,1,0,0.0,320.66595348418105,0,0,5,0,0,1,0,250.07999999999998,3,3,c1ccccc1
UIREF-0336,HMOSVEOPAUPPHT-VZUCSPMQSA-N,NC(=S)N/N=C/c1ccc(Br)cc1,3,ChEMBL|PubChem,2,Canavalia ensiformis,1,Canavalia ensiformis,10.1016/j.ejmech.2011.09.009|CHEMBL1909545,2,CHEMBL1909545,IC50|Ki,3,6.1505805862031,6.113509274827518,6.1505805862031,0.03707131137558228,Active,True,False,258.144,256.962230356,13,13,1.6162,61.657100000000014,50.41,2,2,2,1,1,0,0.0,320.66595348418105,0,0,5,0,0,1,0,250.07999999999998,3,3,c1ccccc1
UIREF-0337,HNMKRXCKXKYTJO-UHFFFAOYSA-N,CN(C)c1ccc(C(c2c(O)c3ccccc3oc2=O)c2c(O)c3ccccc3oc2=O)cc1,3,BindingDB|ChEMBL,2,Canavalia ensiformis,1,Canavalia ensiformis,10.1016/j.bmc.2005.09.048|10.1080/14756360409162452|CHEMBL1144858,3,CHEMBL1144858,IC50,3,4.090000275786018,4.090000008636461,4.096367483915762,0.00636747527930126,Active,True,False,455.4660000000002,455.13688739199995,34,34,4.5568000000000035,130.0116,104.12,7,2,4,5,5,0,0.1111111111111111,1547.8378263157495,0,0,7,2,0,3,0,434.29800000000023,2,7,O=c1oc2ccccc2cc1C(c1ccccc1)c1cc2ccccc2oc1=O
UIREF-0338,HOQAETKABKGWPJ-UHFFFAOYSA-N,O=C(O)CCCn1[se]c2ccccc2c1=O,4,PubChem,1,Helicobacter pylori|Sporosarcina pasteurii,2,Helicobacter pylori,10.1021/acs.jmedchem.6b00986,1,10.1021/acs.jmedchem.6b00986,IC50|Ki,3,4.431798275933005,4.008773924307505,6.093664958194909,2.084891033887404,Active|Inactive|Unspecified,True,True,284.17300000000006,284.99041451200003,16,16,0.9233,62.017800000000015,59.3,2,1,4,2,2,0,0.2727272727272727,569.8585172031176,0,0,5,1,0,1,0,273.085,1,4,O=c1[nH][se]c2ccccc12
UIREF-0339,HPOHTFNGSSOVQC-UHFFFAOYSA-N,CN(O)C(=O)CC(O)c1cc(Cl)ccc1O,1,PubChem,1,Helicobacter pylori,1,Helicobacter pylori,10.1016/j.bmc.2016.07.052,1,10.1016/j.bmc.2016.07.052,IC50,1,4.515700160653214,4.515700160653214,4.515700160653214,0.0,Unspecified,False,False,245.662,245.045485544,16,16,1.3167,57.250100000000025,81.0,4,3,3,1,1,0,0.3,394.4054612175856,0,1,6,0,0,1,0,233.56599999999997,3,5,c1ccccc1
UIREF-0340,HPRNXGQVPZPZNM-UHFFFAOYSA-N,Oc1ccc(CCc2ccc(O)c(O)c2)cc1,2,PubChem,1,Helicobacter pylori,1,Helicobacter pylori,10.1016/j.ejmech.2010.08.015,1,10.1016/j.ejmech.2010.08.015,IC50,2,5.600329725273209,5.376750709602099,5.823908740944319,0.44715803134221943,Active,True,False,230.26300000000003,230.094294308,17,17,2.5886000000000013,65.28640000000003,60.69,3,3,3,2,2,0,0.14285714285714285,503.3758137794322,0,0,3,0,0,2,0,216.15099999999995,3,3,c1ccc(CCc2ccccc2)cc1
UIREF-0341,HPZWCINBEYAGKS-UHFFFAOYSA-N,O=[N+]([O-])c1cccc(CNc2cccc([N+](=O)[O-])c2)c1,2,PubChem,1,Helicobacter pylori,1,Helicobacter pylori,10.1016/j.bmc.2015.06.014,1,10.1016/j.bmc.2015.06.014,IC50,1,4.070581074285707,4.070581074285707,4.070581074285707,0.0,Inconclusive|Unspecified,False,False,273.248,273.07495583200006,20,20,3.115100000000001,73.51950000000002,98.31,5,1,5,2,2,0,0.07692307692307693,600.0694576175113,0,0,7,0,0,2,0,262.15999999999997,1,7,c1ccc(CNc2ccccc2)cc1
UIREF-0342,HQKYMVHLBNIESB-UHFFFAOYSA-N,O=C1NC(=S)NC(=O)C1=Cc1c(O)ccc2ccccc12,1,PubChem,1,Sporosarcina pasteurii,1,Sporosarcina pasteurii,10.1016/j.bmc.2014.05.057,1,10.1016/j.bmc.2014.05.057,IC50,1,4.669586226650809,4.669586226650809,4.669586226650809,0.0,Unspecified,False,False,298.32300000000004,298.04121318,21,21,1.4597,82.4732,78.43,4,3,1,3,2,1,0.0,804.7785788664277,0,2,6,0,1,2,0,288.243,3,5,O=C1NC(=S)NC(=O)C1=Cc1cccc2ccccc12
UIREF-0343,HQMMCPGVUKLQRJ-UHFFFAOYSA-N,CN(C)C(=[Se])NCc1ccc(Br)cc1,2,BindingDB|ChEMBL,2,Canavalia ensiformis,1,Canavalia ensiformis,10.1016/j.bmcl.2007.07.085|CHEMBL1140524,2,CHEMBL1140524,Ki,2,6.8696662315049934,6.8696662315049934,6.8696662315049934,0.0,Active,True,False,320.092,319.942731816,14,14,1.3561999999999996,65.42970000000003,15.27,2,1,4,1,1,0,0.3,308.4029664102151,0,0,4,0,0,1,0,306.98800000000006,1,2,c1ccccc1
UIREF-0344,HRXPOTRLVIPBBO-UHFFFAOYSA-N,COc1cccc(C(=O)NC(=S)Nc2ccc(S(N)(=O)=O)cc2)c1OC,2,BindingDB|ChEMBL,2,Canavalia ensiformis,1,Canavalia ensiformis,10.1007/s00044-012-0376-4|CHEMBL3045259,2,CHEMBL3045259,Ki,2,6.086186147616283,6.086186147616283,6.086186147616283,0.0,Active,True,False,395.46200000000016,395.06096264399997,26,26,1.4779999999999998,101.0481,119.74999999999999,6,3,5,2,2,0,0.125,927.40144370957,0,1,10,0,0,2,0,378.32600000000014,4,8,O=C(NC(=S)Nc1ccccc1)c1ccccc1
UIREF-0345,HRZJERNTYSSDIX-UHFFFAOYSA-N,O=C(C=Cc1ccc(O)c(O)c1)OCCc1ccc([N+](=O)[O-])cc1,1,PubChem,1,Sporosarcina pasteurii,1,Sporosarcina pasteurii,10.1016/j.bmcl.2019.02.032,1,10.1016/j.bmcl.2019.02.032,IC50,0,,,,,Inactive,False,True,329.30800000000005,329.0899372,24,24,2.8051000000000013,86.56500000000001,109.9,6,2,6,2,2,0,0.11764705882352941,767.1502768303784,0,0,7,0,0,2,0,314.18800000000005,2,7,O=C(C=Cc1ccccc1)OCCc1ccccc1
UIREF-0346,HSDCBIHJEGDMDO-BJMVGYQFSA-N,NC(=S)N/N=C/c1ccc([N+](=O)[O-])cc1,3,ChEMBL|PubChem,2,Canavalia ensiformis,1,Canavalia ensiformis,10.1016/j.ejmech.2011.09.009|CHEMBL1909545,2,CHEMBL1909545,IC50|Ki,3,6.262012673666569,6.262012673666569,6.303643611266668,0.041630937600098505,Active,True,False,224.245,224.036796496,15,15,0.7619,60.61150000000001,93.55,4,2,3,1,1,0,0.0,401.60762572881333,0,0,7,0,0,1,0,216.18099999999998,3,6,c1ccccc1
UIREF-0347,HSDCBIHJEGDMDO-UHFFFAOYSA-N,NC(=S)N[N-][CH+]c1ccc([N+](=O)[O-])cc1,2,BindingDB,1,Canavalia ensiformis,1,Canavalia ensiformis,10.1016/j.ejmech.2011.09.009,1,10.1016/j.ejmech.2011.09.009,IC50|Ki,2,6.282828142466618,6.262012673666569,6.303643611266668,0.041630937600098505,Active,True,False,224.245,224.036796496,15,15,1.22659,59.7785,95.28999999999999,3,2,4,1,1,0,0.0,365.4093481291799,0,0,7,0,0,1,0,216.18099999999998,3,6,c1ccccc1
UIREF-0348,HSDDVWZWJRKMCC-HQTKKBOISA-N,O=C(C=Cc1ccc(O)c(O)c1)O[C@@H]1C[C@](O)(C(=O)Nc2ccc(-c3ccc(Cl)cc3[N+](=O)[O-])cc2)CC(O)C1O,2,ChEMBL|PubChem,2,Canavalia ensiformis,1,Canavalia ensiformis,10.1016/j.ejmech.2022.114273|CHEMBL5137004,2,CHEMBL5137004,IC50,2,4.9582126810282485,4.9582126810282485,4.9582126810282485,0.0,Active|Unspecified,True,False,584.9650000000003,584.1197726800001,41,41,3.136800000000004,147.05509999999984,199.69,10,6,7,4,3,1,0.21428571428571427,1510.207533837738,0,1,13,0,0,3,1,559.7650000000003,6,12,O=C(C=Cc1ccccc1)OC1CCCC(C(=O)Nc2ccc(-c3ccccc3)cc2)C1
UIREF-0349,HTWYZAYGZXELNS-UHFFFAOYSA-N,CCCCCCCCCCCCCC(=O)NC(=S)Nc1cccc(Cl)c1,4,ChEMBL|PubChem,2,Canavalia ensiformis,1,Canavalia ensiformis,10.1016/j.ejmech.2022.114273|CHEMBL5137004,2,CHEMBL5137004,IC50|Ki,4,7.542801973935107,7.407823242604133,7.6777807052660805,0.26995746266194764,Active,True,False,397.028,396.200212356,26,26,6.854100000000006,116.89340000000004,41.13,2,2,13,1,1,0,0.6190476190476191,536.4972917203077,0,1,5,0,0,1,0,363.76400000000007,2,3,c1ccccc1
UIREF-0350,HUCKOGGDCTWBMH-UHFFFAOYSA-N,C=C(C(=O)OC)C(OC(C)=O)c1ccc([N+](=O)[O-])cc1,1,PubChem,1,Sporosarcina pasteurii,1,Sporosarcina pasteurii,10.1016/j.ejmech.2017.03.070,1,10.1016/j.ejmech.2017.03.070,IC50,1,3.649751981665837,3.649751981665837,3.649751981665837,0.0,Unspecified,False,False,279.248,279.07428713600007,20,20,1.9282,68.75940000000003,95.74000000000001,6,0,5,1,1,0,0.23076923076923078,548.4847380014609,0,0,7,0,0,1,0,266.14399999999995,0,7,c1ccccc1
UIREF-0351,HUMCGFSHMHWGPJ-UHFFFAOYSA-N,COC(=O)Cn1[se]c2ccccc2c1=O,4,PubChem,1,Helicobacter pylori|Sporosarcina pasteurii,2,Helicobacter pylori,10.1021/acs.jmedchem.6b00986,1,10.1021/acs.jmedchem.6b00986,IC50|Ki,4,5.566667332140188,5.036212172654444,7.075720713938118,2.0395085412836735,Active,True,False,270.146,270.97476444800003,15,15,0.2314999999999997,57.164000000000016,48.3,3,0,2,2,2,0,0.2,555.0379971878009,0,0,5,1,0,1,0,261.07399999999996,0,4,O=c1[nH][se]c2ccccc12
UIREF-0352,HVFVSATWQIUZPE-UHFFFAOYSA-N,CCc1ccc(NC(=O)CCSc2nnc(Cc3csc(NC(=O)c4ccccc4)n3)o2)cc1,2,ChEMBL|PubChem,2,Helicobacter pylori,1,Helicobacter pylori,10.1016/j.bmc.2018.06.005|CHEMBL4118270,2,CHEMBL4118270,IC50,2,4.364717362001788,4.364717362001788,4.364717362001788,0.0,Active|Unspecified,True,False,493.61400000000015,493.124231596,34,34,5.052500000000004,133.40389999999994,110.00999999999999,8,2,10,4,4,0,0.20833333333333334,1239.0040157647024,0,2,10,2,0,2,0,470.4300000000003,2,8,O=C(CCSc1nnc(Cc2csc(NC(=O)c3ccccc3)n2)o1)Nc1ccccc1
UIREF-0353,HVNAOQDFXAOZAP-UHFFFAOYSA-N,O=C1N=c2ccc(Cl)cc2=C1Cc1ccc(C(=O)NN=Cc2cc(O)ccc2O)cc1,2,BindingDB|ChEMBL,2,Canavalia ensiformis,1,Canavalia ensiformis,10.1016/j.bmcl.2015.05.069|CHEMBL3600348,2,CHEMBL3600348,IC50,2,4.274088367704952,4.274088367704952,4.274088367704952,0.0,Active,True,False,433.85100000000006,433.08293367199997,31,31,2.0683,115.62579999999998,111.35000000000001,5,3,5,4,3,1,0.043478260869565216,1348.224825726079,0,2,8,0,1,3,0,417.7230000000002,3,7,O=C1N=c2ccccc2=C1Cc1ccc(C(=O)NN=Cc2ccccc2)cc1
UIREF-0354,HVRKPHQVYDQQIW-UHFFFAOYSA-N,O=[N+]([O-])c1ccc(NC(=S)NN=C(c2ccccc2)c2ccc(O)cc2)cc1,2,BindingDB|ChEMBL,2,Canavalia ensiformis,1,Canavalia ensiformis,10.1016/j.bmc.2019.01.043|CHEMBL4422682,2,CHEMBL4422682,IC50,2,4.583359492661719,4.583359492661719,4.583359492661719,0.0,Active,True,False,392.4400000000001,392.09431137199994,28,28,4.039400000000002,112.64059999999999,99.79,5,3,5,3,3,0,0.0,1003.8854970977466,0,0,8,0,0,3,0,376.3120000000002,3,7,S=C(NN=C(c1ccccc1)c1ccccc1)Nc1ccccc1
UIREF-0355,HWFQKKOSULUUIV-UHFFFAOYSA-N,O=C(NNC(=S)Nc1cccc([N+](=O)[O-])c1)c1ccc(-c2nc3ccccc3s2)cc1,1,BindingDB,1,Canavalia ensiformis,1,Canavalia ensiformis,10.1016/j.bioorg.2016.03.010,1,10.1016/j.bioorg.2016.03.010,IC50,1,5.2441251443275085,5.2441251443275085,5.2441251443275085,0.0,Active,True,False,449.51700000000017,449.06163134,31,31,4.502900000000002,124.975,109.19000000000001,6,3,4,4,4,0,0.0,1254.6796222211067,0,1,10,1,0,3,0,434.3970000000003,3,8,O=C(NNC(=S)Nc1ccccc1)c1ccc(-c2nc3ccccc3s2)cc1
UIREF-0356,HWJWTBUZOTZXFM-YRNVUSSQSA-N,COC(=O)/C(=C/c1ccc(C)cc1)CP(=O)(O)O,2,PubChem,1,Sporosarcina pasteurii,1,Sporosarcina pasteurii,10.1016/j.ejmech.2017.03.070,1,10.1016/j.ejmech.2017.03.070,Ki,2,4.676807940596946,4.669586226650809,4.684029654543083,0.014443427892273597,Unspecified,False,False,270.22099999999995,270.06571021,18,18,1.72912,68.08310000000002,83.83000000000001,3,2,4,1,1,0,0.25,497.70398446986405,0,0,6,0,0,1,0,255.10099999999994,2,5,c1ccccc1
UIREF-0357,HWOQNKROFCCUMG-UHFFFAOYSA-N,CCCCCNCP(=O)(O)CN,2,PubChem,1,Proteus mirabilis|Sporosarcina pasteurii,2,Sporosarcina pasteurii,10.1021/ml500380f,1,10.1021/ml500380f,Ki,2,4.798697379040043,4.721246399047171,4.876148359032914,0.15490195998574308,Unspecified,False,False,194.21499999999997,194.11841447799998,12,12,0.9102999999999999,51.27440000000003,75.35,3,3,7,0,0,0,1.0,152.3418021567622,0,0,5,0,0,0,0,175.063,4,4,
UIREF-0358,HXAUILAKUMPZTC-UHFFFAOYSA-N,ON=C(O)COc1cc(Cl)cc(Cl)c1,2,PubChem,1,Helicobacter pylori,1,Helicobacter pylori,10.1016/j.bmc.2018.07.003,1,10.1016/j.bmc.2018.07.003,IC50,1,5.492144128304169,5.492144128304169,5.492144128304169,0.0,Active|Inconclusive,True,False,236.054,234.980298444,14,14,2.7179,53.80730000000001,62.05000000000001,3,2,3,1,1,0,0.125,334.18967030834256,0,0,6,0,0,1,0,228.998,2,4,c1ccccc1
UIREF-0359,HYADWXPVUPESFA-UHFFFAOYSA-N,CP(=O)(O)CNC(=O)CN,4,PubChem,1,"Proteus vulgaris|Sporosarcina pasteurii|Urease, unspecified origin",3,Proteus vulgaris,10.1021/jm100340m|10.1021/jm800570q,2,10.1021/jm800570q,IC50|Ki,3,4.221848749616356,4.0655015487564325,4.522878745280337,0.45737719652390485,Inactive|Unspecified,False,True,166.117,166.05072884199998,10,10,-1.0810000000000002,37.813399999999994,92.42,3,3,3,0,0,0,0.75,163.8856389575664,0,1,6,0,0,0,0,155.029,4,5,
UIREF-0360,IABGABHQOYYTAP-UHFFFAOYSA-N,O=[N+]([O-])c1ccc(S(=O)(=O)NN=C(c2ccccc2)c2ccc(O)cc2)cc1,1,PubChem,1,"Urease, unspecified origin",1,"Urease, unspecified origin",10.1016/j.ejmech.2022.114273,1,10.1016/j.ejmech.2022.114273,IC50,1,5.4089353929735005,5.4089353929735005,5.4089353929735005,0.0,Active,True,False,397.4120000000001,397.07324158,28,28,3.0313000000000017,103.6057,121.9,6,2,6,3,3,0,0.0,1110.495397754629,0,0,9,0,0,3,0,382.2920000000002,2,8,O=S(=O)(NN=C(c1ccccc1)c1ccccc1)c1ccccc1
UIREF-0361,IALQBZSITFAAKE-UHFFFAOYSA-N,Cn1c2ccccc2c2cc(-c3cc(-c4cccc(N)c4)nc(N)n3)ccc21,1,BindingDB,1,Canavalia ensiformis,1,Canavalia ensiformis,10.3109/14756366.2012.740477,1,10.3109/14756366.2012.740477,IC50,1,4.07727454200674,4.07727454200674,4.07727454200674,0.0,Active,True,False,365.4400000000001,365.1640456080001,28,28,4.619900000000003,115.7118,82.75,4,2,2,5,5,0,0.043478260869565216,1350.2416771753706,0,0,5,2,0,3,0,346.28800000000007,4,5,c1ccc(-c2cc(-c3ccc4[nH]c5ccccc5c4c3)ncn2)cc1
UIREF-0362,IANUKFIYWJQRJO-UHFFFAOYSA-N,Cc1cccc(NC(=S)Nc2ccccc2SSc2ccccc2NC(=S)Nc2cccc(C)c2)c1,3,BindingDB|ChEMBL|PubChem,3,Canavalia ensiformis,1,Canavalia ensiformis,10.1016/j.bmc.2015.10.017|CHEMBL3627633,2,10.1016/j.bmc.2015.10.017,IC50,3,5.431798275933005,5.431798275933005,5.431798275933005,0.0,Active,True,False,546.8120000000001,546.104030832,36,36,8.720640000000001,166.6427999999997,48.12,4,4,7,4,4,0,0.07142857142857142,1268.023208342513,0,0,8,0,0,4,0,520.6040000000003,4,4,S=C(Nc1ccccc1)Nc1ccccc1SSc1ccccc1NC(=S)Nc1ccccc1
UIREF-0363,IBFNZPDYLZCKOS-UHFFFAOYSA-N,ON=C(O)CC(O)c1ccc(C(F)(F)F)cc1,2,PubChem,1,Helicobacter pylori,1,Helicobacter pylori,10.1016/j.ejmech.2013.07.047,1,10.1016/j.ejmech.2013.07.047,IC50,1,5.10292299679058,5.10292299679058,5.10292299679058,0.0,Active|Inconclusive,True,False,249.188,249.06127784,17,17,2.4746000000000006,52.87110000000001,73.05000000000001,3,3,3,1,1,0,0.3,400.2523041384138,0,0,7,0,0,1,0,239.10799999999995,3,4,c1ccccc1
UIREF-0364,IBLSIWCVWWTLGT-UHFFFAOYSA-N,S=C(Nc1cccc(Cl)c1)Nc1ccccc1Cl,3,BindingDB|ChEMBL|PubChem,3,Canavalia ensiformis,1,Canavalia ensiformis,10.1016/j.ejmech.2014.01.001|CHEMBL3120147,2,10.1016/j.ejmech.2014.01.001,IC50,3,4.653647025549361,4.653647025549361,4.653647025549361,0.0,Active|Unspecified,True,False,297.21000000000004,295.99417467999996,18,18,4.802300000000002,82.74740000000001,24.06,1,2,2,2,2,0,0.0,572.4226316891575,0,0,5,0,0,2,0,287.13,2,2,S=C(Nc1ccccc1)Nc1ccccc1
UIREF-0365,ICJNFEMTSFWIKI-UHFFFAOYSA-N,Fc1ccc(NC(=S)Nc2cccc(Cl)c2)cc1,5,BindingDB|ChEMBL|PubChem,3,Canavalia ensiformis,1,Canavalia ensiformis,10.1016/j.ejmech.2014.01.001|CHEMBL3120147,2,10.1016/j.ejmech.2014.01.001,IC50|Ki,5,4.718966632752273,4.718966632752273,4.774174008538107,0.05520737578583379,Active|Unspecified,True,False,280.75500000000005,280.02372522,18,18,4.288000000000002,77.69540000000002,24.06,1,2,2,2,2,0,0.0,557.1726316891574,0,0,5,0,0,2,0,270.675,2,2,S=C(Nc1ccccc1)Nc1ccccc1
UIREF-0366,ICNRQFLODJMZJW-UHFFFAOYSA-N,COc1ccccc1NC(=S)NNC(=O)c1ccc2[nH]cc(C(c3ccc(C)cc3)c3c[nH]c4ccc(C(=O)NNC(=S)Nc5ccccc5OC)cc34)c2c1,3,BindingDB|ChEMBL|PubChem,3,Canavalia ensiformis,1,Canavalia ensiformis,10.1016/j.bmc.2017.11.028|CHEMBL4177710,2,10.1016/j.bmc.2017.11.028,IC50,3,5.075720713938118,5.075720713938118,5.075720713938118,0.0,Active,True,False,782.9520000000001,782.2457436960001,56,56,7.417820000000005,228.35459999999966,156.35999999999999,6,8,9,7,7,0,0.09523809523809523,2428.5982000660633,0,2,14,2,0,5,0,744.6479999999999,8,12,O=C(NNC(=S)Nc1ccccc1)c1ccc2[nH]cc(C(c3ccccc3)c3c[nH]c4ccc(C(=O)NNC(=S)Nc5ccccc5)cc34)c2c1
UIREF-0367,ICXJMRZQQYLVJY-UHFFFAOYSA-N,ON=C(O)CC(O)c1ccc(Cl)cc1Cl,1,PubChem,1,Helicobacter pylori,1,Helicobacter pylori,10.1016/j.bmc.2016.07.052,1,10.1016/j.bmc.2016.07.052,IC50,1,4.872895201635193,4.872895201635193,4.872895201635193,0.0,Unspecified,False,False,250.08100000000002,248.995948508,15,15,2.762600000000001,57.88910000000002,73.05000000000001,3,3,3,1,1,0,0.2222222222222222,381.6202481118721,0,0,6,0,0,1,0,241.009,3,4,c1ccccc1
UIREF-0368,IDRGIWRMWLPKTL-ZRDIBKRKSA-N,COC(=O)/C(=C/c1ccc(OC)cc1)CCCP(=O)(O)O,3,PubChem,1,Sporosarcina pasteurii,1,Sporosarcina pasteurii,10.1016/j.ejmech.2018.09.074,1,10.1016/j.ejmech.2018.09.074,IC50|Ki,3,4.966576244513051,4.452225294612178,5.218963061378869,0.766737766766691,Active|Unspecified,True,False,314.274,314.09192495799994,21,21,2.209500000000001,79.13210000000002,93.06,4,2,7,1,1,0,0.35714285714285715,543.0875894090954,0,0,7,0,0,1,0,295.122,2,6,c1ccccc1
UIREF-0369,IECYSSMVQNMTHW-UHFFFAOYSA-N,Fc1ccc(NC(=S)Nc2ccccc2)c(F)c1,3,BindingDB|ChEMBL|PubChem,3,Canavalia ensiformis,1,Canavalia ensiformis,10.1016/j.ejmech.2014.01.001|CHEMBL3120147,2,10.1016/j.ejmech.2014.01.001,IC50,3,4.614393726401688,4.614393726401688,4.614393726401688,0.0,Active|Unspecified,True,False,264.3,264.05327576,18,18,3.7737000000000016,72.64340000000001,24.06,1,2,2,2,2,0,0.0,558.1726316891574,0,0,5,0,0,2,0,254.21999999999994,2,2,S=C(Nc1ccccc1)Nc1ccccc1
UIREF-0370,IENOOEUXSAPWPN-WOJGMQOQSA-N,COc1ccc(/C=N/c2nc(-c3ccccc3)cs2)cc1,2,BindingDB|PubChem,2,"Canavalia ensiformis|Urease, unspecified origin",2,Canavalia ensiformis,,0,,IC50,1,4.651111276928562,4.651111276928562,4.651111276928562,0.0,Active|Inactive,True,True,294.379,294.082684068,21,21,4.569300000000003,87.79800000000003,34.480000000000004,4,0,4,3,3,0,0.058823529411764705,732.99637946666,0,0,4,1,0,2,0,280.267,0,3,C(=Nc1nc(-c2ccccc2)cs1)c1ccccc1
UIREF-0371,IEPRKVQEAMIZSS-AATRIKPKSA-N,CCOC(=O)/C=C/C(=O)OCC,3,PubChem,1,Sporosarcina pasteurii,1,Sporosarcina pasteurii,10.1016/j.bmcl.2017.02.022,1,10.1016/j.bmcl.2017.02.022,Ki,3,4.920818753952375,4.663540266151471,4.954677021213342,0.29113675506187153,Unspecified,False,False,172.17999999999995,172.073558864,12,12,0.6688,42.40600000000002,52.60000000000001,4,0,4,0,0,0,0.5,163.49688176536182,0,0,4,0,0,0,0,160.08399999999997,0,4,
UIREF-0372,IFENCILDGMZQFE-UDWIEESQSA-N,COc1cccc(NC(=S)N/N=C(\C)c2cc3ccccc3o2)c1,1,PubChem,1,"Urease, unspecified origin",1,"Urease, unspecified origin",,0,,IC50,0,,,,,Active,True,False,339.4200000000001,339.10414778399996,24,24,4.152000000000003,100.7754,58.79,4,2,4,3,3,0,0.1111111111111111,868.9250814593232,0,0,6,1,0,2,0,322.2840000000001,2,5,S=C(NN=Cc1cc2ccccc2o1)Nc1ccccc1
UIREF-0373,IFENCILDGMZQFE-UHFFFAOYSA-N,COc1cccc(NC(=S)NN=C(C)c2cc3ccccc3o2)c1,1,BindingDB,1,Canavalia ensiformis,1,Canavalia ensiformis,10.1016/j.bioorg.2015.06.004,1,10.1016/j.bioorg.2015.06.004,IC50,1,6.991399828238082,6.991399828238082,6.991399828238082,0.0,Active,True,False,339.4200000000001,339.10414778399996,24,24,4.152000000000003,100.7754,58.79,4,2,4,3,3,0,0.1111111111111111,868.9250814593232,0,0,6,1,0,2,0,322.2840000000001,2,5,S=C(NN=Cc1cc2ccccc2o1)Nc1ccccc1
UIREF-0374,IGIGQDMDHXLNRL-UHFFFAOYSA-N,Nn1c(-c2ccc(Br)cc2)n[nH]c1=S,2,ChEMBL|PubChem,2,Canavalia ensiformis,1,Canavalia ensiformis,10.1016/j.ejmech.2022.114273|CHEMBL5137004,2,CHEMBL5137004,IC50,2,5.366531544420413,5.366531544420413,5.366531544420413,0.0,Active,True,False,271.143,269.957479324,14,14,2.08399,60.698100000000004,59.63,3,2,1,2,2,0,0.0,498.8049855139682,0,0,6,1,0,1,0,264.087,3,4,S=c1[nH]nc(-c2ccccc2)[nH]1
UIREF-0375,IGLCIYHMAOZULA-UHFFFAOYSA-N,COc1cccc(NC(=S)NC(=O)c2ccccc2)c1,3,BindingDB|ChEMBL|PubChem,3,Canavalia ensiformis,1,Canavalia ensiformis,10.1016/j.ejmech.2013.10.012|CHEMBL3085707,2,10.1016/j.ejmech.2013.10.012,IC50,3,4.892790030352131,4.892790030352131,4.892790030352131,0.0,Active|Unspecified,True,False,286.356,286.077598688,20,20,2.822000000000001,83.12290000000002,50.36,3,2,3,2,2,0,0.06666666666666667,614.2803953298032,0,1,5,0,0,2,0,272.24399999999997,2,4,O=C(NC(=S)Nc1ccccc1)c1ccccc1
UIREF-0376,IGRXUUQJHWHBCP-UHFFFAOYSA-N,O=[N+]([O-])c1ccc(CNc2cccc(Cl)c2)cc1,2,PubChem,1,Helicobacter pylori,1,Helicobacter pylori,10.1016/j.bmc.2015.06.014,1,10.1016/j.bmc.2015.06.014,IC50,1,3.6261688549261697,3.6261688549261697,3.6261688549261697,0.0,Inconclusive|Unspecified,False,False,262.696,262.050905272,18,18,3.8603000000000023,71.87510000000003,55.17,3,1,4,2,2,0,0.07692307692307693,555.1726316891574,0,0,5,0,0,2,0,251.60799999999998,1,4,c1ccc(CNc2ccccc2)cc1
UIREF-0377,IHLHGMDPGBSBIW-UHFFFAOYSA-N,O=C(C=Cc1ccc(O)c(O)c1)OCc1cn(-c2ccccc2)nn1,1,PubChem,1,Sporosarcina pasteurii,1,Sporosarcina pasteurii,10.1016/j.bmcl.2019.02.032,1,10.1016/j.bmcl.2019.02.032,IC50,0,,,,,Inactive,False,True,337.335,337.10625596000006,25,25,2.4350999999999994,89.96060000000003,97.47,6,2,5,3,3,0,0.05555555555555555,903.6944639454924,0,0,7,1,0,2,0,322.21500000000003,2,7,O=C(C=Cc1ccccc1)OCc1cn(-c2ccccc2)nn1
UIREF-0378,IHOZUQVCUARQLW-UHFFFAOYSA-N,Oc1ccc(C=NN=c2[nH]c(O)cs2)cc1,1,BindingDB,1,Sporosarcina pasteurii,1,Sporosarcina pasteurii,10.1016/j.bioorg.2015.10.005,1,10.1016/j.bioorg.2015.10.005,IC50,1,4.835052627378158,4.835052627378158,4.835052627378158,0.0,Active,True,False,235.26800000000003,235.041547528,16,16,1.4221999999999997,61.59830000000002,80.97,5,3,2,2,2,0,0.0,553.943160783781,0,0,6,1,0,1,0,226.19599999999997,3,5,C(=NN=c1[nH]ccs1)c1ccccc1
UIREF-0379,IHQMLFPEZWJSAC-UHFFFAOYSA-N,CC(C)C(NC(=O)CNC(=S)Nc1ccc(F)cc1)C(=O)NCC(=O)NC(C(=O)N1CCCC1C(=O)N1CCN(c2nsc3ccccc23)CC1)C(C)C,2,BindingDB|ChEMBL,2,Canavalia ensiformis,1,Canavalia ensiformis,10.1016/j.ejmech.2014.09.098|CHEMBL3352339,2,CHEMBL3352339,IC50,2,4.455931955649724,4.455931955649724,4.455931955649724,0.0,Active,True,False,781.9809999999998,781.3203858559999,54,54,2.459400000000003,210.31849999999952,168.11,9,5,13,5,3,2,0.4864864864864865,1831.313640235068,0,5,17,1,2,2,0,733.5969999999999,5,14,O=C(CNC(=O)CNC(=S)Nc1ccccc1)NCC(=O)NCC(=O)N1CCCC1C(=O)N1CCN(c2nsc3ccccc23)CC1
UIREF-0380,IHSXYUYTOBLWIE-FNORWQNLSA-N,O=COc1ccc(/C=C/C(=O)c2ccccc2O)cc1OC=O,1,BindingDB,1,Canavalia ensiformis,1,Canavalia ensiformis,10.1080/14756360801945598,1,10.1080/14756360801945598,IC50,1,4.487983030503873,4.487983030503873,4.487983030503873,0.0,Active,True,False,312.27700000000004,312.06338810399996,23,23,2.3587,81.29730000000004,89.9,6,1,7,2,2,0,0.0,763.4289510821294,0,0,6,0,0,2,0,300.18100000000004,1,6,O=C(C=Cc1ccccc1)c1ccccc1
UIREF-0381,IHUYPPIEMCGLGJ-UHFFFAOYSA-N,O=[N+]([O-])c1cccc(NCCC(O)=NO)c1,2,PubChem,1,Helicobacter pylori,1,Helicobacter pylori,10.1016/j.ejmech.2018.06.065,1,10.1016/j.ejmech.2018.06.065,IC50,1,5.292429823902063,5.292429823902063,5.292429823902063,0.0,Active|Inconclusive,True,False,225.20399999999998,225.074955832,16,16,1.7425,58.05340000000001,107.99000000000001,5,3,5,1,1,0,0.2222222222222222,405.49550074318836,0,0,7,0,0,1,0,214.11599999999999,3,7,c1ccccc1
UIREF-0382,IIFOKIAATXLZIB-UHFFFAOYSA-N,COC(=O)CCc1cccc(O)c1,3,PubChem,1,Sporosarcina pasteurii,1,Sporosarcina pasteurii,10.1016/j.bmcl.2017.02.022,1,10.1016/j.bmcl.2017.02.022,Ki,3,6.115771230367396,4.3325470471100465,6.158640529545146,1.8260934824350992,Active|Unspecified,True,False,180.203,180.078644244,13,13,1.4977999999999998,48.44380000000003,46.53,3,1,3,1,1,0,0.3,293.9762618127396,0,0,3,0,0,1,0,168.10699999999997,1,3,c1ccccc1
UIREF-0383,IIJHJBPTIACYKD-UHFFFAOYSA-N,COc1cc(C=C2C(=O)NC(=S)NC2=O)c(OC)cc1Br,1,PubChem,1,Sporosarcina pasteurii,1,Sporosarcina pasteurii,10.1016/j.bmc.2014.05.057,1,10.1016/j.bmc.2014.05.057,IC50,1,4.363512103646634,4.363512103646634,4.363512103646634,0.0,Unspecified,False,False,371.21200000000005,369.96228993200003,21,21,1.3805999999999998,84.10640000000002,76.66000000000001,5,2,3,2,1,1,0.15384615384615385,650.3802606713267,0,2,8,0,1,1,0,360.124,2,6,O=C1NC(=S)NC(=O)C1=Cc1ccccc1
UIREF-0384,IIXRFPSYENEVAQ-UHFFFAOYSA-N,O=C(NNC(=S)Nc1ccccc1Br)c1ccc(-c2nc3ccccc3s2)cc1,1,BindingDB,1,Canavalia ensiformis,1,Canavalia ensiformis,10.1016/j.bioorg.2016.03.010,1,10.1016/j.bioorg.2016.03.010,IC50,1,5.161150909262744,5.161150909262744,5.161150909262744,0.0,Active,True,False,483.41600000000017,481.9870652,29,29,5.357200000000002,126.02059999999999,66.05000000000001,4,3,3,4,4,0,0.0,1157.7479416852311,0,1,8,1,0,3,0,468.2960000000003,3,5,O=C(NNC(=S)Nc1ccccc1)c1ccc(-c2nc3ccccc3s2)cc1
UIREF-0385,IJBUPJRCSDUQAR-UHFFFAOYSA-N,S=C(Nc1cccc(Cl)c1)Nc1ccc(Cl)c(Cl)c1,6,BindingDB|ChEMBL|PubChem,3,Canavalia ensiformis,1,Canavalia ensiformis,10.1016/j.ejmech.2014.01.001|CHEMBL3120147,2,10.1016/j.ejmech.2014.01.001,IC50|Inhibition|Ki,5,4.957424487559809,4.931814138253839,4.957424487559809,0.02561034930597028,Active|Unspecified,True,False,331.6550000000001,329.955202328,19,19,5.455700000000001,87.75740000000002,24.06,1,2,2,2,2,0,0.0,616.5873665151106,0,0,6,0,0,2,0,322.583,2,2,S=C(Nc1ccccc1)Nc1ccccc1
UIREF-0386,IJQOUSQFVNBLER-YRNVUSSQSA-N,COC(=O)/C(=C/c1ccccc1)CP(=O)(O)CO,4,PubChem,1,Sporosarcina pasteurii,1,Sporosarcina pasteurii,10.1016/j.ejmech.2017.03.070,1,10.1016/j.ejmech.2017.03.070,IC50|Ki,4,3.4977468839574395,3.3325470471100465,3.533132379645891,0.20058533253584443,Unspecified,False,False,270.22099999999995,270.06571021,18,18,1.4631999999999998,68.21310000000003,83.83000000000001,4,2,5,1,1,0,0.25,480.5009540976035,0,0,6,0,0,1,0,255.10099999999994,2,5,c1ccccc1
UIREF-0387,IJSFFKYPKRLYBW-UHFFFAOYSA-N,O=c1c2ccccc2[se]n1-c1ccc(Cl)cc1F,3,PubChem,1,Proteus mirabilis|Sporosarcina pasteurii,2,Proteus mirabilis,10.1021/acs.jmedchem.2c01799,1,10.1021/acs.jmedchem.2c01799,IC50|IC90|Ki,2,7.70547894701161,7.609064892896621,7.801893001126599,0.1928281082299783,Active,True,False,326.616,326.936541044,18,18,2.840200000000001,71.45300000000002,22.0,1,0,1,3,3,0,0.0,793.0307349646105,0,0,5,1,0,2,0,319.56,0,2,O=c1c2ccccc2[se]n1-c1ccccc1
UIREF-0388,IJZTZBAJTOCAKY-UHFFFAOYSA-N,O=C(NC(=S)Nc1ncccn1)c1cccc(Cl)c1,3,BindingDB|ChEMBL|PubChem,3,Canavalia ensiformis,1,Canavalia ensiformis,10.1016/j.bmc.2016.07.042|CHEMBL3826920,2,10.1016/j.bmc.2016.07.042,IC50,3,5.675717544702307,5.675717544702307,5.675717544702307,0.0,Active,True,False,292.75100000000003,292.018559588,19,19,2.2568,77.17090000000002,66.91,4,2,2,2,2,0,0.0,605.6881953487813,0,1,7,1,0,1,0,283.67900000000003,2,5,O=C(NC(=S)Nc1ncccn1)c1ccccc1
UIREF-0389,IKBBUEQKYXSPPA-UHFFFAOYSA-N,NS(=O)(=O)c1ccc(NC(=S)NC(=O)c2ccco2)cc1,2,BindingDB|ChEMBL,2,Canavalia ensiformis,1,Canavalia ensiformis,10.1007/s00044-012-0376-4|CHEMBL3045259,2,CHEMBL3045259,Ki,2,5.943095148663527,5.943095148663527,5.943095148663527,0.0,Active,True,False,325.37100000000004,325.019097832,21,21,1.0538,80.21010000000001,114.42999999999999,5,3,3,2,2,0,0.0,752.3100438822125,0,1,9,1,0,1,0,314.2830000000001,4,7,O=C(NC(=S)Nc1ccccc1)c1ccco1
UIREF-0390,IKCNFEJZJHESQV-UHFFFAOYSA-N,Cc1ccc(Nc2nnc(C(C)Oc3ccc(Cl)c(Cl)c3)o2)cc1,1,BindingDB,1,Canavalia ensiformis,1,Canavalia ensiformis,10.1111/cbdd.12297,1,10.1111/cbdd.12297,IC50,1,4.3872161432802645,4.3872161432802645,4.3872161432802645,0.0,Active,True,False,364.2320000000001,363.05413208,24,24,5.568420000000003,94.26470000000002,60.18000000000001,5,1,5,3,3,0,0.17647058823529413,834.1069862954638,0,0,7,1,0,2,0,349.11200000000014,1,5,c1ccc(Nc2nnc(COc3ccccc3)o2)cc1
UIREF-0391,IKDRFCOUGSBGNI-UHFFFAOYSA-N,NC(=S)NN=Cc1ccc(O)cc1,5,BindingDB|ChEMBL|PubChem,3,Canavalia ensiformis,1,Canavalia ensiformis,10.1016/j.ejmech.2011.09.009|CHEMBL1909545,2,10.1016/j.ejmech.2011.09.009,IC50|Ki,5,6.166215625343521,6.166215625343521,6.407823242604133,0.24160761726061164,Active,True,False,195.247,195.046632908,13,13,0.5593000000000001,55.62190000000002,70.64,3,3,2,1,1,0,0.0,320.66595348418105,0,0,5,0,0,1,0,186.17499999999998,4,4,c1ccccc1
UIREF-0392,ILJHQWSBACOHHA-UHFFFAOYSA-N,Cc1cccc(NC(=O)CCSc2nnc(Cc3csc(NC(=O)c4ccccc4)n3)o2)c1C,2,ChEMBL|PubChem,2,Helicobacter pylori,1,Helicobacter pylori,10.1016/j.bmc.2018.06.005|CHEMBL4118270,2,CHEMBL4118270,IC50,2,4.317313521750232,4.317313521750232,4.317313521750232,0.0,Active|Unspecified,True,False,493.6140000000002,493.124231596,34,34,5.106940000000004,133.49989999999994,110.00999999999999,8,2,9,4,4,0,0.20833333333333334,1286.7726451653095,0,2,10,2,0,2,0,470.4300000000003,2,8,O=C(CCSc1nnc(Cc2csc(NC(=O)c3ccccc3)n2)o1)Nc1ccccc1
UIREF-0393,ILJOQGOHPRYRLB-UHFFFAOYSA-N,CN(O)C(=O)CC(O)c1ccc(Br)cc1,1,PubChem,1,Helicobacter pylori,1,Helicobacter pylori,10.1016/j.bmc.2016.07.052,1,10.1016/j.bmc.2016.07.052,IC50,1,4.010550182333308,4.010550182333308,4.010550182333308,0.0,Unspecified,False,False,274.114,273.000055344,15,15,1.7202000000000002,58.27530000000002,60.769999999999996,3,2,3,1,1,0,0.3,337.0256668869537,0,1,5,0,0,1,0,262.018,2,4,c1ccccc1
UIREF-0394,ILQNZPUDHKOXAJ-CCEZHUSRSA-N,O=c1c(C(/C=C/c2ccccc2)c2c(O)oc3ccccc3c2=O)c(O)oc2ccccc12,2,BindingDB|ChEMBL,2,Canavalia ensiformis,1,Canavalia ensiformis,10.1016/j.bmc.2005.09.048|CHEMBL1144858,2,CHEMBL1144858,IC50,2,4.219999845813265,4.219999701663429,4.219999989963101,2.8829967213539476e-07,Active,True,False,438.4350000000002,438.1103382959999,33,33,5.155900000000005,125.61660000000002,100.88,6,2,4,5,5,0,0.037037037037037035,1527.2785969646534,0,0,6,2,0,3,0,420.2910000000002,2,6,O=c1c(C(C=Cc2ccccc2)c2coc3ccccc3c2=O)coc2ccccc12
UIREF-0395,IMAKHNTVDGLIRY-UHFFFAOYSA-N,C#CC(=O)OC,3,PubChem,1,Sporosarcina pasteurii,1,Sporosarcina pasteurii,10.1016/j.bmcl.2017.02.022,1,10.1016/j.bmcl.2017.02.022,Ki,3,4.296708621881339,3.094743951251549,4.337242168318426,1.2424982170668768,Unspecified,False,False,84.074,84.021129368,6,6,-0.20740000000000003,20.848999999999993,26.3,2,0,0,0,0,0,0.25,88.21143267166839,0,0,2,0,0,0,0,80.042,0,2,
UIREF-0396,IMDAJBBEGQUGJX-UHFFFAOYSA-N,COc1ccccc1NC(=S)Nc1ccccc1SSc1ccccc1NC(=S)Nc1ccccc1OC,3,BindingDB|ChEMBL|PubChem,3,Canavalia ensiformis,1,Canavalia ensiformis,10.1016/j.bmc.2015.10.017|CHEMBL3627633,2,10.1016/j.bmc.2015.10.017,IC50,3,5.769551078621726,5.769551078621726,5.769551078621726,0.0,Active,True,False,578.8100000000002,578.0938600720002,38,38,8.121000000000006,170.27279999999973,66.58,6,4,9,4,4,0,0.07142857142857142,1310.0095301814056,0,0,10,0,0,4,0,552.6020000000002,4,6,S=C(Nc1ccccc1)Nc1ccccc1SSc1ccccc1NC(=S)Nc1ccccc1
UIREF-0397,IMEMHNRBVPDUMM-UHFFFAOYSA-N,ON=C(O)CNc1cccc(Cl)c1,2,PubChem,1,Helicobacter pylori,1,Helicobacter pylori,10.1016/j.ejmech.2018.06.065,1,10.1016/j.ejmech.2018.06.065,IC50,1,5.939302159646388,5.939302159646388,5.939302159646388,0.0,Active|Inconclusive,True,False,200.625,200.035255208,13,13,2.0976,51.792000000000016,64.85000000000001,3,3,3,1,1,0,0.125,314.76726579544606,0,0,5,0,0,1,0,191.553,3,4,c1ccccc1
UIREF-0398,IMKVSWPEZCELRM-CMDGGOBGSA-N,CCOC(=O)/C=C/c1ccc(C)cc1,3,PubChem,1,Sporosarcina pasteurii,1,Sporosarcina pasteurii,10.1016/j.bmcl.2017.02.022,1,10.1016/j.bmcl.2017.02.022,Ki,0,,,,,Inactive,False,True,190.242,190.099379688,14,14,2.571320000000001,56.84600000000003,26.3,2,0,3,1,1,0,0.25,322.6798953040156,0,0,2,0,0,1,0,176.12999999999997,0,2,c1ccccc1
UIREF-0399,IMMZWHMRDYBTNL-CSKARUKUSA-N,O=C(O)/C(=C/c1ccccc1)CCP(=O)(O)O,4,PubChem,1,Sporosarcina pasteurii,1,Sporosarcina pasteurii,10.1016/j.ejmech.2017.03.070,1,10.1016/j.ejmech.2017.03.070,IC50|Ki,4,4.215399687250697,4.078833949362261,4.315154638355588,0.23632068899332648,Unspecified,False,False,256.19399999999996,256.050060146,17,17,1.7224000000000004,63.58290000000003,94.83,2,3,5,1,1,0,0.18181818181818182,460.00995143870244,0,0,6,0,0,1,0,243.08999999999995,3,5,c1ccccc1
UIREF-0400,INZJCFOHFAQVHI-YBFXNURJSA-N,COc1ccc(/C=N/c2nc(-c3ccccc3)cs2)cc1OC,2,BindingDB|PubChem,2,"Canavalia ensiformis|Urease, unspecified origin",2,Canavalia ensiformis,,0,,IC50,1,4.94692155651658,4.94692155651658,4.94692155651658,0.0,Active|Inactive,True,True,324.4050000000001,324.09324875199997,23,23,4.577900000000003,94.35000000000004,43.71000000000001,5,0,5,3,3,0,0.1111111111111111,812.8987249927026,0,0,5,1,0,2,0,308.27700000000004,0,4,C(=Nc1nc(-c2ccccc2)cs1)c1ccccc1
UIREF-0401,IODHNCYHJCBNPJ-UHFFFAOYSA-N,Cc1cccc(Nc2nnc(-c3ccccc3)s2)c1C,2,BindingDB|ChEMBL,2,Canavalia ensiformis,1,Canavalia ensiformis,10.1016/j.ejmech.2010.08.034|CHEMBL1275315,2,CHEMBL1275315,IC50,2,3.3704884657995464,3.3704884657995464,3.3704884657995464,0.0,Active,True,False,281.38400000000007,281.09866848,20,20,4.565540000000002,84.54370000000003,37.81,4,1,3,3,3,0,0.125,719.5967370484694,0,0,4,1,0,2,0,266.264,1,3,c1ccc(Nc2nnc(-c3ccccc3)s2)cc1
UIREF-0402,IPEGQLUMSHJNLI-UHFFFAOYSA-N,O=C(Cc1c(O)[nH]c(=S)[nH]c1=O)NCCNC(=O)Cc1c(O)[nH]c(=S)[nH]c1=O,1,PubChem,1,"Urease, unspecified origin",1,"Urease, unspecified origin",10.1016/j.bmc.2020.115759,1,10.1016/j.bmc.2020.115759,IC50,1,4.525492360883025,4.525492360883025,4.525492360883025,0.0,Unspecified,False,False,428.45200000000017,428.05727423199994,28,28,-1.3928200000000004,101.25179999999999,195.95999999999995,8,8,7,2,2,0,0.2857142857142857,1041.1074867123052,0,2,14,2,0,0,0,412.3240000000002,8,12,O=C(Cc1c[nH]c(=S)[nH]c1=O)NCCNC(=O)Cc1c[nH]c(=S)[nH]c1=O
UIREF-0403,IPFIUNNFYBRNHG-UHFFFAOYSA-N,O=P(O)(CNCc1ccccc1)CNCc1ccccc1,2,PubChem,1,Proteus mirabilis|Sporosarcina pasteurii,2,Sporosarcina pasteurii,10.1021/ml500380f,1,10.1021/ml500380f,Ki,2,4.566133710020813,4.521433504406157,4.610833915635467,0.08940041122931053,Unspecified,False,False,304.33000000000004,304.13406454200003,21,21,2.751400000000001,86.12270000000005,61.36,3,3,8,2,2,0,0.25,525.8455521267621,0,0,5,0,0,2,0,283.16200000000003,3,4,O=[PH](CNCc1ccccc1)CNCc1ccccc1
UIREF-0404,IPKPBBJJLUBSAV-UHFFFAOYSA-N,NC(=S)NN=Cc1cccc(Cl)c1,2,BindingDB,1,Canavalia ensiformis,1,Canavalia ensiformis,10.1016/j.ejmech.2011.09.009,1,10.1016/j.ejmech.2011.09.009,IC50|Ki,2,6.189022589977549,6.173925197299173,6.204119982655925,0.030194785356751908,Active,True,False,213.693,213.012745936,13,13,1.5071,58.967100000000016,50.41,2,2,2,1,1,0,0.0,337.9159534841811,0,0,5,0,0,1,0,205.629,3,3,c1ccccc1
UIREF-0405,IPKPBBJJLUBSAV-VZUCSPMQSA-N,NC(=S)N/N=C/c1cccc(Cl)c1,3,ChEMBL|PubChem,2,Canavalia ensiformis,1,Canavalia ensiformis,10.1016/j.ejmech.2011.09.009|CHEMBL1909545,2,CHEMBL1909545,IC50|Ki,3,6.173925197299173,6.173925197299173,6.204119982655925,0.030194785356751908,Active,True,False,213.693,213.012745936,13,13,1.5071,58.967100000000016,50.41,2,2,2,1,1,0,0.0,337.9159534841811,0,0,5,0,0,1,0,205.629,3,3,c1ccccc1
UIREF-0406,IQHWYKOLGQLQNW-UHFFFAOYSA-N,Oc1[nH]c2ccccc2c1N=NC(=S)Nc1ccc(C(F)(F)F)cc1,2,BindingDB|ChEMBL,2,Canavalia ensiformis,1,Canavalia ensiformis,10.1007/s00044-013-0575-7|CHEMBL3044957,2,CHEMBL3044957,IC50,2,4.295849483160201,4.295849483160201,4.295849483160201,0.0,Active,True,False,364.35200000000003,364.060566632,25,25,5.373000000000002,92.1442,72.77,3,3,2,3,3,0,0.0625,948.1633863092347,0,0,9,1,0,2,0,353.264,3,5,S=C(N=Nc1c[nH]c2ccccc12)Nc1ccccc1
UIREF-0407,IQPNAANSBPBGFQ-UHFFFAOYSA-N,O=c1cc(-c2ccc(O)c(O)c2)oc2cc(O)cc(O)c12,1,PubChem,1,Helicobacter pylori,1,Helicobacter pylori,10.1016/j.ejmech.2013.03.016,1,10.1016/j.ejmech.2013.03.016,IC50,1,4.450996737974212,4.450996737974212,4.450996737974212,0.0,Unspecified,False,False,286.23900000000003,286.04773804,21,21,2.2824000000000004,74.5792,111.13000000000001,6,4,1,3,3,0,0.0,909.9162849554009,0,0,6,1,0,2,0,276.159,4,6,O=c1cc(-c2ccccc2)oc2ccccc12
UIREF-0408,IRIDBTBBLFCNKP-ICJMUVCISA-N,COc1ccc(-c2cc(=NC(=S)Nc3cccc([N+](=O)[O-])c3)c3c(O)cc(O[C@@H]4O[C@H](CO)[C@@H](O)[C@H](O)[C@H]4O[C@@H]4O[C@@H](C)[C@H](O)[C@@H](O)[C@H]4O)cc3o2)cc1O,2,ChEMBL|PubChem,2,Canavalia ensiformis,1,Canavalia ensiformis,10.1016/j.ejmech.2022.114273|CHEMBL5137004,2,CHEMBL5137004,IC50,2,4.8996294548824375,4.8996294548824375,4.8996294548824375,0.0,Active|Unspecified,True,False,787.7530000000005,787.189453104,55,55,0.7559999999999989,192.02849999999975,288.65999999999997,17,9,9,6,4,2,0.37142857142857144,2133.3880382089906,0,0,20,1,2,3,0,750.4570000000002,9,19,S=C(N=c1cc(-c2ccccc2)oc2cc(OC3OCCCC3OC3CCCCO3)ccc12)Nc1ccccc1
UIREF-0409,ITPMTYFRAWWYKM-ZRDIBKRKSA-N,O=C(O)/C(=C/c1ccccc1)CCCCP(=O)(O)O,3,PubChem,1,Sporosarcina pasteurii,1,Sporosarcina pasteurii,10.1016/j.ejmech.2018.09.074,1,10.1016/j.ejmech.2018.09.074,IC50|Ki,3,5.416801226031377,5.310691140876379,5.454692883534176,0.14400174265779686,Active,True,False,284.24799999999993,284.081360274,19,19,2.502600000000002,72.81690000000002,94.83,2,3,7,1,1,0,0.3076923076923077,489.01485729639387,0,0,6,0,0,1,0,267.11199999999997,3,5,c1ccccc1
UIREF-0410,ITUYBOIYBCRGHE-JXMROGBWSA-N,COC(=O)/C(=C/c1ccc(OC)cc1)CP(=O)(O)O,2,PubChem,1,Sporosarcina pasteurii,1,Sporosarcina pasteurii,10.1016/j.ejmech.2017.03.070,1,10.1016/j.ejmech.2017.03.070,Ki,2,3.630883308355987,3.621602099051862,3.6401645176601116,0.018562418608249587,Unspecified,False,False,286.21999999999997,286.06062483,19,19,1.4292999999999998,69.89810000000001,93.06,4,2,5,1,1,0,0.25,513.5260751826136,0,0,7,0,0,1,0,271.09999999999997,2,6,c1ccccc1
UIREF-0411,IUEHFZDOYGZGJN-UHFFFAOYSA-N,O=c1c(C(c2ccc[nH]2)c2c(O)oc3ccccc3c2=O)c(O)oc2ccccc12,2,BindingDB|ChEMBL,2,Canavalia ensiformis,1,Canavalia ensiformis,10.1016/j.bmc.2005.09.048|CHEMBL1144858,2,CHEMBL1144858,IC50,2,4.329997763509504,4.329995488683631,4.330000038335378,4.5496517468990305e-06,Active,True,False,401.37400000000014,401.08993719999995,30,30,3.818900000000001,110.0353,116.67000000000002,6,3,3,5,5,0,0.043478260869565216,1411.8501986500619,0,0,7,3,0,2,0,386.2540000000002,3,7,O=c1c(C(c2ccc[nH]2)c2coc3ccccc3c2=O)coc2ccccc12
UIREF-0412,IULDZUNLFLGBHL-UHFFFAOYSA-N,O=[N+]([O-])c1ccccc1NCCC(O)=NO,2,PubChem,1,Helicobacter pylori,1,Helicobacter pylori,10.1016/j.ejmech.2018.06.065,1,10.1016/j.ejmech.2018.06.065,IC50,1,4.9775716288145135,4.9775716288145135,4.9775716288145135,0.0,Inconclusive|Unspecified,False,False,225.20399999999995,225.074955832,16,16,1.7424999999999997,58.05340000000001,107.99000000000001,5,3,5,1,1,0,0.2222222222222222,405.49550074318824,0,0,7,0,0,1,0,214.11599999999996,3,7,c1ccccc1
UIREF-0413,IVDLHRDIVKTKHX-UHFFFAOYSA-N,O=C(Cc1ccc(O)c(O)c1)OC1CCCCC1,1,PubChem,1,Sporosarcina pasteurii,1,Sporosarcina pasteurii,10.1016/j.bmcl.2019.02.032,1,10.1016/j.bmcl.2019.02.032,IC50,1,4.299988937677887,4.299988937677887,4.299988937677887,0.0,Unspecified,False,False,250.29399999999993,250.120509056,18,18,2.5162000000000004,66.44060000000005,66.76,4,2,3,2,1,1,0.5,421.80221003440386,0,0,4,0,0,1,1,232.14999999999995,2,4,O=C(Cc1ccccc1)OC1CCCCC1
UIREF-0414,IVEMKCFSUXSZIE-UHFFFAOYSA-N,CN(O)C(=O)CC(O)c1ccc(Cl)c(Cl)c1,1,PubChem,1,Helicobacter pylori,1,Helicobacter pylori,10.1016/j.bmc.2016.07.052,1,10.1016/j.bmc.2016.07.052,IC50,1,4.043831569524636,4.043831569524636,4.043831569524636,0.0,Unspecified,False,False,264.108,263.011598572,16,16,2.2645,60.59530000000002,60.769999999999996,3,2,3,1,1,0,0.3,395.6505737154221,0,1,6,0,0,1,0,253.01999999999998,2,4,c1ccccc1
UIREF-0415,IVKAAORVVVROFM-AUWJEWJLSA-N,CCOc1ccc(/C=N\N=c2[nH]c(O)cs2)cc1OC,1,BindingDB,1,Sporosarcina pasteurii,1,Sporosarcina pasteurii,10.1016/j.bioorg.2015.10.005,1,10.1016/j.bioorg.2015.10.005,IC50,1,5.2403321553103694,5.2403321553103694,5.2403321553103694,0.0,Active,True,False,293.34800000000007,293.08341234,20,20,2.1239,77.65450000000003,79.2,6,2,5,2,2,0,0.23076923076923078,660.8761468058058,0,0,7,1,0,1,0,278.228,2,6,C(=NN=c1[nH]ccs1)c1ccccc1
UIREF-0416,IWEMRLDXULCSJJ-UHFFFAOYSA-N,O=C1NC(=S)NC(=O)C1=Cc1cc(Br)c(O)c(Br)c1,1,PubChem,1,Sporosarcina pasteurii,1,Sporosarcina pasteurii,10.1016/j.bmc.2014.05.057,1,10.1016/j.bmc.2014.05.057,IC50,1,4.97469413473523,4.97469413473523,4.97469413473523,0.0,Unspecified,False,False,406.05500000000006,403.846587252,19,19,1.8314999999999997,80.3672,78.43,4,3,1,2,1,1,0.0,597.8226231346206,0,2,8,0,1,1,0,400.00700000000006,3,5,O=C1NC(=S)NC(=O)C1=Cc1ccccc1
UIREF-0417,IWNUQSABOAKNBD-UHFFFAOYSA-N,O=C(O)c1ccc(N=Cc2c(O)[nH]c(=S)[nH]c2=O)cc1,2,BindingDB|PubChem,2,Canavalia ensiformis,1,Canavalia ensiformis,10.1016/j.bmc.2015.05.038,1,10.1016/j.bmc.2015.05.038,IC50,2,5.049148541111453,5.049148541111453,5.049148541111453,0.0,Active,True,False,291.288,291.03137676800003,20,20,1.5868899999999997,74.56750000000001,118.53999999999999,5,4,3,2,2,0,0.0,789.5851134430266,0,0,8,1,0,1,0,282.21600000000007,4,7,O=c1[nH]c(=S)[nH]cc1C=Nc1ccccc1
UIREF-0418,IXELTIFPAMBDTO-UHFFFAOYSA-N,ON=C(O)CNc1cc(Cl)ccc1Cl,2,PubChem,1,Helicobacter pylori,1,Helicobacter pylori,10.1016/j.ejmech.2018.06.065,1,10.1016/j.ejmech.2018.06.065,IC50,1,5.785156151952302,5.785156151952302,5.785156151952302,0.0,Active|Inconclusive,True,False,235.07,233.996282856,14,14,2.7510000000000012,56.802000000000014,64.85000000000001,3,3,3,1,1,0,0.125,355.194557810506,0,0,6,0,0,1,0,227.00599999999997,3,4,c1ccccc1
UIREF-0419,IXRPHBCNJUYSMJ-RMKNXTFCSA-N,O=C(O)/C(=C/c1ccccc1)C[PH](=O)O,4,PubChem,1,Sporosarcina pasteurii,1,Sporosarcina pasteurii,10.1016/j.ejmech.2017.03.070,1,10.1016/j.ejmech.2017.03.070,IC50|Ki,4,3.6563604038135478,3.46344155742847,3.9318141382538387,0.4683725808253687,Unspecified,False,False,226.16799999999998,226.03949546200002,15,15,1.6216,58.14210000000003,74.6,2,2,4,1,1,0,0.1,397.1432322821032,0,0,5,0,0,1,0,215.07999999999996,2,4,c1ccccc1
UIREF-0420,IYRIGGGYPGTKEE-UHFFFAOYSA-N,Cc1ccc(NC(=S)NC(=O)c2cccc(Cl)c2)cc1,3,BindingDB|ChEMBL|PubChem,3,Canavalia ensiformis,1,Canavalia ensiformis,10.1016/j.bmc.2016.07.042|CHEMBL3826920,2,10.1016/j.bmc.2016.07.042,IC50,3,4.906578314837765,4.906578314837765,4.906578314837765,0.0,Active|Unspecified,True,False,304.802,304.043711716,20,20,3.775220000000002,86.31790000000001,41.129999999999995,2,2,2,2,2,0,0.06666666666666667,640.576702521381,0,1,5,0,0,2,0,291.69800000000004,2,3,O=C(NC(=S)Nc1ccccc1)c1ccccc1
UIREF-0421,IYYKHBJTFGKSCO-VMPITWQZSA-N,O=C(O)/C(=C/c1ccc(F)cc1)CP(=O)(O)O,2,PubChem,1,Sporosarcina pasteurii,1,Sporosarcina pasteurii,10.1016/j.ejmech.2017.03.070,1,10.1016/j.ejmech.2017.03.070,Ki,2,4.9410562549160275,4.872895201635193,5.009217308196862,0.13632210656166954,Active|Unspecified,True,False,260.1569999999999,260.02498827000005,17,17,1.4714,58.923900000000025,94.83,2,3,4,1,1,0,0.1,487.92265072701866,0,0,7,0,0,1,0,250.07699999999994,3,5,c1ccccc1
UIREF-0422,IZEIGTLVMJBUQC-UHFFFAOYSA-N,O=C(NC(=S)Nc1ccc(Cl)cc1)c1ccccc1,3,BindingDB|ChEMBL|PubChem,3,Canavalia ensiformis,1,Canavalia ensiformis,10.1016/j.ejmech.2013.10.012|CHEMBL3085707,2,10.1016/j.ejmech.2013.10.012,IC50,3,4.452471423540218,4.452471423540218,4.452471423540218,0.0,Active|Unspecified,True,False,290.77500000000003,290.028061652,19,19,3.466800000000001,81.58090000000001,41.13,2,2,2,2,2,0,0.0,584.1547764486286,0,1,5,0,0,2,0,279.687,2,3,O=C(NC(=S)Nc1ccccc1)c1ccccc1
UIREF-0423,IZKMYJWJZLTCFZ-UHFFFAOYSA-N,CNC(=O)c1cn(C2CC2)c2cc(N3CCN(C(=O)c4ccccc4)CC3)c(F)cc2c1=O,1,PubChem,1,Proteus mirabilis,1,Proteus mirabilis,,0,,IC50,0,,,,,Inactive,False,True,448.4980000000002,448.19106888,33,33,2.797500000000001,124.38570000000004,74.65,4,1,4,5,3,2,0.32,1292.490145800204,0,2,8,1,1,2,1,423.2980000000003,1,7,O=C(c1ccccc1)N1CCN(c2ccc3c(=O)ccn(C4CC4)c3c2)CC1
UIREF-0424,IZLQFPOKCNWPDV-UHFFFAOYSA-N,O=C(CCSc1nnc(Cc2csc(NC(=O)c3ccccc3)n2)o1)Nc1ccccc1,2,ChEMBL|PubChem,2,Helicobacter pylori,1,Helicobacter pylori,10.1016/j.bmc.2018.06.005|CHEMBL4118270,2,CHEMBL4118270,IC50,2,5.530177984021837,5.530177984021837,5.530177984021837,0.0,Active,True,False,465.5600000000001,465.092931468,32,32,4.490100000000003,124.0259,110.01,8,2,9,4,4,0,0.13636363636363635,1178.5264454574126,0,2,10,2,0,2,0,446.4080000000003,2,8,O=C(CCSc1nnc(Cc2csc(NC(=O)c3ccccc3)n2)o1)Nc1ccccc1
UIREF-0425,JAJFQMZJIQDRSX-UHFFFAOYSA-N,COc1cc(O)c(C(=O)CCc2ccccc2)c(OC)c1,1,PubChem,1,Helicobacter pylori,1,Helicobacter pylori,10.1016/j.ejmech.2013.03.016,1,10.1016/j.ejmech.2013.03.016,IC50,1,2.77780395369828,2.77780395369828,2.77780395369828,0.0,Unspecified,False,False,286.327,286.120509056,21,21,3.2249000000000017,80.30430000000004,55.760000000000005,4,1,6,2,2,0,0.23529411764705882,620.1872765270095,0,0,4,0,0,2,0,268.183,1,4,O=C(CCc1ccccc1)c1ccccc1
UIREF-0426,JBEDXEOJJBSVPS-UHFFFAOYSA-N,Oc1ccc(Cl)cc1C=Nc1nc(-c2ccccc2)cs1,2,BindingDB|PubChem,2,"Canavalia ensiformis|Urease, unspecified origin",2,Canavalia ensiformis,,0,,IC50|Ki,1,5.089909454405932,5.089909454405932,5.089909454405932,0.0,Active,True,False,314.797,314.0280616520001,21,21,4.919700000000002,87.9208,45.480000000000004,4,1,3,3,3,0,0.0,783.9808906306841,0,0,5,1,0,2,0,303.709,1,3,C(=Nc1nc(-c2ccccc2)cs1)c1ccccc1
UIREF-0427,JBGYWOJCHNYIKL-UHFFFAOYSA-N,COc1ccc(NC(=S)NCC(=O)NC(C(=O)NCC(=O)NC(C(=O)N2CCCC2C(=O)N2CCN(c3nsc4ccccc34)CC2)C(C)C)C(C)C)cc1,2,BindingDB|ChEMBL,2,Canavalia ensiformis,1,Canavalia ensiformis,10.1016/j.ejmech.2014.09.098|CHEMBL3352339,2,CHEMBL3352339,IC50,2,4.7447274948966935,4.7447274948966935,4.7447274948966935,0.0,Active,True,False,794.0169999999999,793.340372352,55,55,2.3289000000000026,216.91249999999937,177.34000000000003,10,5,14,5,3,2,0.5,1844.9325248817186,0,5,17,1,2,2,0,742.6089999999998,5,15,O=C(CNC(=O)CNC(=S)Nc1ccccc1)NCC(=O)NCC(=O)N1CCCC1C(=O)N1CCN(c2nsc3ccccc23)CC1
UIREF-0428,JBMHWKYBRXNUJF-UHFFFAOYSA-N,COc1cccc(C(=O)N=c2scc(C)n2-c2ccc(S(N)(=O)=O)cc2)c1,1,PubChem,1,Canavalia ensiformis,1,Canavalia ensiformis,,0,,IC50,0,,,,,Active,True,False,403.48500000000007,403.06604802400005,27,27,2.24432,102.64370000000001,103.75,5,1,4,3,3,0,0.1111111111111111,1159.8174601246162,0,1,9,1,0,2,0,386.3490000000001,2,7,O=C(N=c1sccn1-c1ccccc1)c1ccccc1
UIREF-0429,JBMHWKYBRXNUJF-ZZEZOPTASA-N,COc1cccc(C(=O)/N=c2\scc(C)n2-c2ccc(S(N)(=O)=O)cc2)c1,1,BindingDB,1,Canavalia ensiformis,1,Canavalia ensiformis,10.1111/cbdd.12675,1,10.1111/cbdd.12675,IC50,1,7.0915149811213505,7.0915149811213505,7.0915149811213505,0.0,Active,True,False,403.48500000000007,403.06604802400005,27,27,2.24432,102.64370000000001,103.75,5,1,4,3,3,0,0.1111111111111111,1159.8174601246162,0,1,9,1,0,2,0,386.3490000000001,2,7,O=C(N=c1sccn1-c1ccccc1)c1ccccc1
UIREF-0430,JBSLOWBPDRZSMB-BQYQJAHWSA-N,CCCCOC(=O)/C=C/C(=O)OCCCC,3,PubChem,1,Sporosarcina pasteurii,1,Sporosarcina pasteurii,10.1016/j.bmcl.2017.02.022,1,10.1016/j.bmcl.2017.02.022,Ki,3,4.175874166083451,3.0721165896692932,4.270025714300444,1.1979091246311508,Unspecified,False,False,228.28799999999993,228.13615912,16,16,2.2291999999999996,60.87400000000004,52.60000000000001,4,0,8,0,0,0,0.6666666666666666,209.17325948008235,0,0,4,0,0,0,0,208.12799999999996,0,4,
UIREF-0431,JBWKUNVHMFZGMP-UHFFFAOYSA-N,ON=C(O)CCNc1ccccc1,2,PubChem,1,Helicobacter pylori,1,Helicobacter pylori,10.1016/j.ejmech.2018.06.065,1,10.1016/j.ejmech.2018.06.065,IC50,1,5.913640169325252,5.913640169325252,5.913640169325252,0.0,Active|Inconclusive,True,False,180.20700000000002,180.089877624,13,13,1.8342999999999998,51.39900000000002,64.85000000000001,3,3,4,1,1,0,0.2222222222222222,272.2030075914188,0,0,4,0,0,1,0,168.111,3,4,c1ccccc1
UIREF-0432,JCFFBOGPJUBMHM-UHFFFAOYSA-N,O=[N+]([O-])c1cccc(N(CC(O)=NO)S(=O)(=O)c2cc(Cl)ccc2Cl)c1,1,PubChem,1,Helicobacter pylori,1,Helicobacter pylori,10.1016/j.bmcl.2022.129043,1,10.1016/j.bmcl.2022.129043,IC50,1,4.560667306169737,4.560667306169737,4.560667306169737,0.0,Unspecified,False,False,420.23000000000013,418.97456143200003,26,26,3.4426000000000014,95.9405,133.34,6,2,6,2,2,0,0.07142857142857142,980.3974473435787,0,0,12,0,0,2,0,409.1420000000002,2,9,O=S(=O)(Nc1ccccc1)c1ccccc1
UIREF-0433,JDRTYIYDTAPWJY-RUDMXATFSA-N,NC(=S)N/N=C/Cc1ccco1,2,BindingDB|PubChem,2,"Canavalia ensiformis|Urease, unspecified origin",2,Canavalia ensiformis,10.1111/cbdd.12379,1,10.1111/cbdd.12379,IC50,1,6.236572006437063,6.236572006437063,6.236572006437063,0.0,Active,True,False,183.23600000000002,183.046632908,12,12,0.6411000000000001,50.82510000000001,63.55,3,2,3,1,1,0,0.14285714285714285,268.1886725209574,0,0,5,1,0,0,0,174.164,3,4,c1ccoc1
UIREF-0434,JDYWSTPUOHTVLB-UHFFFAOYSA-N,O=C(NC(=S)Nc1cccc(Cl)c1)c1ccccc1,3,BindingDB|ChEMBL|PubChem,3,Canavalia ensiformis,1,Canavalia ensiformis,10.1016/j.ejmech.2013.10.012|CHEMBL3085707,2,10.1016/j.ejmech.2013.10.012,IC50,3,4.563519304990505,4.563519304990505,4.563519304990505,0.0,Active|Unspecified,True,False,290.77500000000003,290.028061652,19,19,3.466800000000001,81.58090000000001,41.13,2,2,2,2,2,0,0.0,601.4047764486287,0,1,5,0,0,2,0,279.687,2,3,O=C(NC(=S)Nc1ccccc1)c1ccccc1
UIREF-0435,JFDIWGDJKHQHED-UHFFFAOYSA-N,Oc1[nH]c2ccccc2c1N=NC#SNc1c(Cl)cc(Cl)cc1Cl,1,BindingDB,1,Canavalia ensiformis,1,Canavalia ensiformis,10.1080/14756360802188420,1,10.1080/14756360802188420,IC50,1,4.543633966870957,4.543633966870957,4.543633966870957,0.0,Active,True,False,399.69000000000005,397.956264948,24,24,6.594400000000001,101.05319999999998,72.77,4,3,2,3,3,0,0.0,983.8523032144963,0,0,9,1,0,2,0,390.61800000000005,3,5,C(N=Nc1c[nH]c2ccccc12)#SNc1ccccc1
UIREF-0436,JFDPDVSJDVQOFC-UHFFFAOYSA-N,COc1cccc(NC(=S)Nc2cccc(Cl)c2)c1,3,BindingDB|ChEMBL|PubChem,3,Canavalia ensiformis,1,Canavalia ensiformis,10.1016/j.ejmech.2014.01.001|CHEMBL3120147,2,10.1016/j.ejmech.2014.01.001,IC50,3,4.611543547299734,4.611543547299734,4.611543547299734,0.0,Active|Unspecified,True,False,292.79100000000005,292.043711716,19,19,4.157500000000002,84.28940000000001,33.29,2,2,3,2,2,0,0.07142857142857142,589.163576900723,0,0,5,0,0,2,0,279.687,2,3,S=C(Nc1ccccc1)Nc1ccccc1
UIREF-0437,JFGOTRURINYVOS-UHFFFAOYSA-N,O=C(NC(=S)Nc1c(Cl)c(Cl)cc(Cl)c1Cl)c1ccccc1,3,BindingDB|ChEMBL|PubChem,3,Canavalia ensiformis,1,Canavalia ensiformis,10.1016/j.ejmech.2013.10.012|CHEMBL3085707,2,10.1016/j.ejmech.2013.10.012,IC50,3,4.1254602029289895,4.1254602029289895,4.1254602029289895,0.0,Active|Unspecified,True,False,394.11000000000007,391.911144596,22,22,5.427000000000001,96.61089999999999,41.13,2,2,2,2,2,0,0.0,711.1178506161107,0,1,8,0,0,2,0,386.04600000000016,2,3,O=C(NC(=S)Nc1ccccc1)c1ccccc1
UIREF-0438,JFHXWMRFXORESD-UHFFFAOYSA-N,S=C(Nc1ccccc1)Nc1ccccn1,3,BindingDB|ChEMBL|PubChem,3,Canavalia ensiformis,1,Canavalia ensiformis,10.1016/j.ejmech.2014.01.001|CHEMBL3120147,2,10.1016/j.ejmech.2014.01.001,IC50,3,4.631527161559638,4.631527161559638,4.631527161559638,0.0,Active|Unspecified,True,False,229.30800000000002,229.067368352,16,16,2.8905000000000003,70.52240000000002,36.95,2,2,2,2,2,0,0.0,412.70479345074943,0,0,4,1,0,1,0,218.21999999999997,2,3,S=C(Nc1ccccc1)Nc1ccccn1
UIREF-0439,JFSZGXCQQFSGSD-UHFFFAOYSA-N,Cc1ccc(C(c2c[nH]c3ccc(C(=O)NNC(=S)Nc4ccc(Cl)c(Cl)c4)cc23)c2c[nH]c3ccc(C(=O)NNC(=S)Nc4ccc(Cl)c(Cl)c4)cc23)cc1,3,BindingDB|ChEMBL|PubChem,3,Canavalia ensiformis,1,Canavalia ensiformis,10.1016/j.bmc.2017.11.028|CHEMBL4177710,2,10.1016/j.bmc.2017.11.028,IC50,3,6.853871964321762,6.853871964321762,6.853871964321762,0.0,Active,True,False,860.68,858.0687249200001,56,56,10.014219999999996,235.29059999999978,137.9,4,8,7,7,7,0,0.05,2504.1808001128716,0,2,16,2,0,5,0,830.4399999999997,8,10,O=C(NNC(=S)Nc1ccccc1)c1ccc2[nH]cc(C(c3ccccc3)c3c[nH]c4ccc(C(=O)NNC(=S)Nc5ccccc5)cc34)c2c1
UIREF-0440,JHLPHCIPYOBQBG-UHFFFAOYSA-N,Cc1ccc(C(c2c[nH]c3ccc(C(=O)NNC(=S)Nc4ccc([N+](=O)[O-])cc4)cc23)c2c[nH]c3ccc(C(=O)NNC(=S)Nc4ccc([N+](=O)[O-])cc4)cc23)cc1,3,BindingDB|ChEMBL|PubChem,3,Canavalia ensiformis,1,Canavalia ensiformis,10.1016/j.bmc.2017.11.028|CHEMBL4177710,2,10.1016/j.bmc.2017.11.028,IC50,3,5.022276394711152,5.022276394711152,5.022276394711152,0.0,Active,True,False,812.894,812.1947707439999,58,58,7.217020000000003,228.55939999999978,224.17999999999998,8,8,9,7,7,0,0.05,2566.7240817529846,0,2,18,2,0,5,0,780.6379999999999,8,16,O=C(NNC(=S)Nc1ccccc1)c1ccc2[nH]cc(C(c3ccccc3)c3c[nH]c4ccc(C(=O)NNC(=S)Nc5ccccc5)cc34)c2c1
UIREF-0441,JHMFYGCCBMZPFM-UHFFFAOYSA-N,CCCCCCCCc1ccc(O)c(O)c1,2,PubChem,1,Helicobacter pylori,1,Helicobacter pylori,10.1016/j.ejmech.2010.08.015,1,10.1016/j.ejmech.2010.08.015,IC50,1,4.236572006437063,4.236572006437063,4.236572006437063,0.0,Inconclusive|Unspecified,False,False,222.32800000000003,222.161979944,16,16,4.000800000000004,66.85160000000005,40.46,2,2,7,1,1,0,0.5714285714285714,307.6036930486419,0,0,2,0,0,1,0,200.15199999999996,2,2,c1ccccc1
UIREF-0442,JIJHFXNUSSOCBY-UHFFFAOYSA-N,CN1C(=O)C2C(c3ccccc3)C(C#N)C(=N)OC2N(C)C1=O,2,BindingDB|ChEMBL,2,Canavalia ensiformis,1,Canavalia ensiformis,35694689.0|CHEMBL5241112,2,CHEMBL5241112,IC50,2,4.005374946231395,4.005374946231395,4.005374946231395,0.0,Active,True,False,312.32900000000006,312.12224037199996,23,23,1.3835499999999998,80.30470000000003,97.49000000000001,5,1,1,3,1,2,0.375,711.785574935271,0,3,7,0,2,1,0,296.201,1,7,N=C1CC(c2ccccc2)C2C(=O)NC(=O)NC2O1
UIREF-0443,JJPYCJHYBIMBPV-UHFFFAOYSA-N,O=C(NNC(=S)Nc1cccc(F)c1)c1ccc(-c2nc3ccccc3s2)cc1,1,BindingDB,1,Canavalia ensiformis,1,Canavalia ensiformis,10.1016/j.bioorg.2016.03.010,1,10.1016/j.bioorg.2016.03.010,IC50,1,5.200659450546418,5.200659450546418,5.200659450546418,0.0,Active,True,False,422.51000000000016,422.06713132,29,29,4.733800000000002,118.2786,66.05000000000001,4,3,3,4,4,0,0.0,1157.7479416852311,0,1,8,1,0,3,0,407.39000000000016,3,5,O=C(NNC(=S)Nc1ccccc1)c1ccc(-c2nc3ccccc3s2)cc1
UIREF-0444,JJUNZBRHHGLJQW-UHFFFAOYSA-N,O=c1c2cc(O)ccc2oc2cc(O)cc(O)c12,1,BindingDB,1,Canavalia ensiformis,1,Canavalia ensiformis,10.3109/14756360903179385,1,10.3109/14756360903179385,IC50,1,3.85876978110342,3.85876978110342,3.85876978110342,0.0,Active,True,False,244.20199999999997,244.037173356,18,18,2.063,64.98440000000002,90.9,5,3,0,3,3,0,0.0,832.0093942884614,0,0,5,1,0,2,0,236.13799999999995,3,5,O=c1c2ccccc2oc2ccccc12
UIREF-0445,JKJHPZBCELSTNU-UHFFFAOYSA-N,COc1ccc(NC(=O)NCC(=O)NC(Cc2ccccc2)C(=O)NCC(=O)NC(C(=O)N2CCCC2C(=O)N2CCN(c3nsc4ccccc34)CC2)C(C)C)cc1,2,BindingDB|ChEMBL,2,Canavalia ensiformis,1,Canavalia ensiformis,10.1016/j.ejmech.2014.09.098|CHEMBL3352339,2,CHEMBL3352339,IC50,2,4.769551078621726,4.769551078621726,4.769551078621726,0.0,Active,True,False,825.9929999999997,825.3632159719999,59,59,2.750700000000003,225.01849999999942,194.41000000000003,10,5,15,6,4,2,0.40476190476190477,2105.740527302757,0,7,17,1,2,3,0,774.5849999999997,5,16,O=C(CNC(=O)C(Cc1ccccc1)NC(=O)CNC(=O)Nc1ccccc1)NCC(=O)N1CCCC1C(=O)N1CCN(c2nsc3ccccc23)CC1
UIREF-0446,JKMBCZRFBXVQLU-UHFFFAOYSA-N,Oc1cc2c(c(O)c1O)C=CC(c1ccccc1)O2,1,PubChem,1,Helicobacter pylori,1,Helicobacter pylori,10.1016/j.ejmech.2013.03.016,1,10.1016/j.ejmech.2013.03.016,IC50,1,4.655607726314889,4.655607726314889,4.655607726314889,0.0,Unspecified,False,False,256.257,256.073558864,19,19,2.950300000000002,70.28140000000003,69.92,4,3,1,3,2,1,0.06666666666666667,646.9403047073903,0,0,4,0,1,2,0,244.16099999999994,3,4,C1=CC(c2ccccc2)Oc2ccccc21
UIREF-0447,JKMSNLXBLAEKNR-UHFFFAOYSA-N,Cc1ccccc1NC(=O)Cc1c(O)[nH]c(=S)[nH]c1=O,1,PubChem,1,"Urease, unspecified origin",1,"Urease, unspecified origin",10.1016/j.bmc.2020.115759,1,10.1016/j.bmc.2020.115759,IC50,1,4.283162276700476,4.283162276700476,4.283162276700476,0.0,Unspecified,False,False,291.332,291.067762276,20,20,1.6277099999999995,77.42490000000001,97.97999999999999,4,4,3,2,2,0,0.15384615384615385,763.9420774494965,0,1,7,1,0,1,0,278.228,4,6,O=C(Cc1c[nH]c(=S)[nH]c1=O)Nc1ccccc1
UIREF-0448,JLBJOFBYSMKPJW-VMPITWQZSA-N,O=C(O)/C(=C/c1ccc(Cl)cc1)CP(=O)(O)O,2,PubChem,1,Sporosarcina pasteurii,1,Sporosarcina pasteurii,10.1016/j.ejmech.2017.03.070,1,10.1016/j.ejmech.2017.03.070,Ki,2,4.749114457050446,4.707743928643524,4.790484985457369,0.08274105681384558,Unspecified,False,False,276.61199999999997,275.99543773,17,17,1.9857000000000005,63.975900000000024,94.83,2,3,4,1,1,0,0.1,487.92265072701866,0,0,7,0,0,1,0,266.5319999999999,3,5,c1ccccc1
UIREF-0449,JLSKRXIRKVRVCD-UHFFFAOYSA-N,Cc1ccc(C=NN=c2[nH]c(O)cs2)cc1,1,BindingDB,1,Sporosarcina pasteurii,1,Sporosarcina pasteurii,10.1016/j.bioorg.2015.10.005,1,10.1016/j.bioorg.2015.10.005,IC50,1,4.35723879673468,4.35723879673468,4.35723879673468,0.0,Active,True,False,233.29600000000005,233.062282972,16,16,2.0250199999999996,64.67050000000002,60.739999999999995,4,2,2,2,2,0,0.09090909090909091,551.1086939276443,0,0,5,1,0,1,0,222.208,2,4,C(=NN=c1[nH]ccs1)c1ccccc1
UIREF-0450,JLZUURJVCYUZLF-UHFFFAOYSA-N,O=[N+]([O-])c1ccc(Nc2nnc(C(O)c3ccccc3)o2)cc1,1,BindingDB,1,Canavalia ensiformis,1,Canavalia ensiformis,10.3109/14756360903389864,1,10.3109/14756360903389864,IC50,1,4.095284454721319,4.095284454721319,4.095284454721319,0.0,Active,True,False,312.285,312.08585486399994,23,23,2.8031000000000006,81.18090000000001,114.32000000000001,7,2,5,3,3,0,0.06666666666666667,801.8589035866997,0,0,8,1,0,2,0,300.189,2,8,c1ccc(Cc2nnc(Nc3ccccc3)o2)cc1
UIREF-0451,JNVOQJJSIDQTDU-UXBLZVDNSA-N,COC(=O)/C(=C/c1ccc(OC)c(OC)c1)CP(=O)(O)O,2,PubChem,1,Sporosarcina pasteurii,1,Sporosarcina pasteurii,10.1021/acs.jmedchem.0c01143,1,10.1021/acs.jmedchem.0c01143,Ki,2,5.993160151354404,5.764471553092451,6.221848749616356,0.45737719652390485,Active,True,False,316.246,316.07118951399997,21,21,1.4378999999999997,76.45010000000002,102.29,5,2,6,1,1,0,0.3076923076923077,588.1826138441404,0,0,8,0,0,1,0,299.11,2,7,c1ccccc1
UIREF-0452,JOEKVBOAWHESKR-UHFFFAOYSA-N,Oc1[nH]c2ccc(F)cc2c1N=NC(=S)Nc1ccc(F)cc1,1,ChEMBL,1,Canavalia ensiformis,1,Canavalia ensiformis,CHEMBL3044957,1,CHEMBL3044957,IC50,0,,,,,Active,True,False,332.33500000000004,332.05433838,23,23,4.632400000000001,87.0582,72.77,3,3,2,3,3,0,0.0,905.7309182245324,0,0,8,1,0,2,0,322.25500000000005,3,5,S=C(N=Nc1c[nH]c2ccccc12)Nc1ccccc1
UIREF-0453,JOFDFFNBHVPHJH-UHFFFAOYSA-N,O=c1[nH]c(=S)[nH]c(O)c1C=C1c2ccccc2Cc2ccccc21,1,PubChem,1,Sporosarcina pasteurii,1,Sporosarcina pasteurii,10.1016/j.bmc.2014.05.057,1,10.1016/j.bmc.2014.05.057,IC50,1,3.8626458886292667,3.8626458886292667,3.8626458886292667,0.0,Unspecified,False,False,334.40000000000015,334.077598688,24,24,3.631190000000002,96.5752,68.88,3,3,1,4,3,1,0.05263157894736842,1045.2611946843267,0,0,5,1,0,2,1,320.28800000000007,3,4,O=c1[nH]c(=S)[nH]cc1C=C1c2ccccc2Cc2ccccc21
UIREF-0454,JOMQVOOZGOMAID-UHFFFAOYSA-N,Oc1[nH]c2ccccc2c1N=NC#SNc1cccc(C(F)(F)F)c1,1,BindingDB,1,Canavalia ensiformis,1,Canavalia ensiformis,10.1080/14756360802188420,1,10.1080/14756360802188420,IC50,1,4.686132779630847,4.686132779630847,4.686132779630847,0.0,Active,True,False,364.35200000000003,364.060566632,25,25,5.653000000000002,91.02520000000001,72.77,4,3,2,3,3,0,0.0625,1001.7629668756841,0,0,9,1,0,2,0,353.264,3,5,C(N=Nc1c[nH]c2ccccc12)#SNc1ccccc1
UIREF-0455,JPMAIQTYHBSOOU-UHFFFAOYSA-N,Oc1ccc(CCc2cccc(Br)c2)c(O)c1O,2,PubChem,1,Helicobacter pylori,1,Helicobacter pylori,10.1016/j.ejmech.2010.08.015,1,10.1016/j.ejmech.2010.08.015,IC50,1,4.2839966563652006,4.2839966563652006,4.2839966563652006,0.0,Inconclusive|Unspecified,False,False,309.15900000000005,308.004806376,18,18,3.3511000000000015,72.98640000000002,60.69,3,3,3,2,2,0,0.14285714285714285,566.9607166096947,0,0,4,0,0,2,0,296.055,3,3,c1ccc(CCc2ccccc2)cc1
UIREF-0456,JQTALLAAZVVMPN-UHFFFAOYSA-N,C=C[CH+]C(=O)[N-]Cc1ccccc1,3,PubChem,1,Sporosarcina pasteurii,1,Sporosarcina pasteurii,10.1016/j.bmcl.2017.02.022,1,10.1016/j.bmcl.2017.02.022,Ki,0,,,,,Inactive,False,True,173.215,173.084063972,13,13,2.4771900000000002,53.00900000000003,31.17,1,0,4,1,1,0,0.09090909090909091,279.4015699609299,0,1,2,0,0,1,0,162.12699999999998,0,2,c1ccccc1
UIREF-0457,JQXRKGPSYZEZTO-YRNVUSSQSA-N,NC(=S)N/N=C/Cc1ccccc1,2,BindingDB|PubChem,2,"Canavalia ensiformis|Urease, unspecified origin",2,Canavalia ensiformis,10.1111/cbdd.12379,1,10.1111/cbdd.12379,IC50,1,5.372634143407268,5.372634143407268,5.372634143407268,0.0,Active,True,False,193.27500000000003,193.067368352,13,13,1.0481,58.55910000000002,50.41,2,2,3,1,1,0,0.1111111111111111,294.9879407824652,0,0,4,0,0,1,0,182.18699999999998,3,3,c1ccccc1
UIREF-0458,JRFZSUMZAUHNSL-UHFFFAOYSA-N,COc1cc(OC)c2c(=O)cc(-c3ccccc3)oc2c1,1,PubChem,1,Helicobacter pylori,1,Helicobacter pylori,10.1016/j.ejmech.2013.03.016,1,10.1016/j.ejmech.2013.03.016,IC50,1,2.6605485586935593,2.6605485586935593,2.6605485586935593,0.0,Unspecified,False,False,282.2950000000001,282.089208928,21,21,3.4772000000000025,81.02400000000002,48.67,4,0,3,3,3,0,0.11764705882352941,834.5281896810578,0,0,4,1,0,2,0,268.183,0,4,O=c1cc(-c2ccccc2)oc2ccccc12
UIREF-0459,JRIQDVMWUWFCHY-UHFFFAOYSA-N,FC(F)(F)c1ccc(NC(=S)Nc2ccccc2SSc2ccccc2NC(=S)Nc2ccc(C(F)(F)F)cc2)cc1,3,BindingDB|ChEMBL|PubChem,3,Canavalia ensiformis,1,Canavalia ensiformis,10.1016/j.bmc.2015.10.017|CHEMBL3627633,2,10.1016/j.bmc.2015.10.017,IC50,3,5.823908740944319,5.823908740944319,5.823908740944319,0.0,Active,True,False,654.7520000000003,654.04749996,42,42,10.141399999999994,167.17279999999982,48.12,4,4,7,4,4,0,0.07142857142857142,1425.027700706948,0,0,14,0,0,4,0,634.5920000000002,4,4,S=C(Nc1ccccc1)Nc1ccccc1SSc1ccccc1NC(=S)Nc1ccccc1
UIREF-0460,JSTCQRCWUFCXPX-UHFFFAOYSA-N,CC(C)C(NC(=O)CNC(=O)Nc1ccc(F)cc1)C(=O)NCC(=O)NC(C(=O)N1CCCC1C(=O)N1CCN(c2nsc3ccccc23)CC1)C(C)C,2,BindingDB|ChEMBL,2,Canavalia ensiformis,1,Canavalia ensiformis,10.1016/j.ejmech.2014.09.098|CHEMBL3352339,2,CHEMBL3352339,IC50,2,4.4089353929735005,4.4089353929735005,4.4089353929735005,0.0,Active,True,False,765.9129999999998,765.3432294759999,54,54,2.294500000000003,203.11649999999946,185.18,9,5,13,5,3,2,0.4864864864864865,1829.4135057051778,0,7,17,1,2,2,0,717.5289999999999,5,15,O=C(CNC(=O)CNC(=O)Nc1ccccc1)NCC(=O)NCC(=O)N1CCCC1C(=O)N1CCN(c2nsc3ccccc23)CC1
UIREF-0461,JTEBOSYLRGEIHI-UHFFFAOYSA-N,O=C(Cc1c(O)[nH]c(=S)[nH]c1=O)NN=Cc1ccccc1O,1,PubChem,1,"Urease, unspecified origin",1,"Urease, unspecified origin",10.1016/j.bmc.2020.115759,1,10.1016/j.bmc.2020.115759,IC50,1,4.032171320669844,4.032171320669844,4.032171320669844,0.0,Unspecified,False,False,320.33000000000004,320.05792586399997,22,22,0.5364899999999999,81.4597,130.57,6,5,4,2,2,0,0.07692307692307693,840.4191136529209,0,1,9,1,0,1,0,308.2340000000001,5,8,O=C(Cc1c[nH]c(=S)[nH]c1=O)NN=Cc1ccccc1
UIREF-0462,JTJRNFGGGCLXSL-UHFFFAOYSA-N,O=c1c2ccccc2[se]n1-c1cccc(F)c1,3,PubChem,1,Proteus mirabilis|Sporosarcina pasteurii,2,Proteus mirabilis,10.1021/acs.jmedchem.2c01799,1,10.1021/acs.jmedchem.2c01799,IC50|IC90|Ki,2,8.388052236969852,8.052566278112948,8.723538195826755,0.6709719177138069,Active,True,False,292.171,292.975513396,17,17,2.1868,66.44300000000001,22.0,1,0,1,3,3,0,0.0,744.2593188940273,0,0,4,1,0,2,0,284.10699999999997,0,2,O=c1c2ccccc2[se]n1-c1ccccc1
UIREF-0463,JTRYLILEHXWAAR-UHFFFAOYSA-N,Cc1ccc(C=NNC(=O)c2ccc(C=C3C(=O)Nc4ccc(Cl)cc43)cc2)cc1,2,BindingDB|ChEMBL,2,Canavalia ensiformis,1,Canavalia ensiformis,10.1016/j.bmcl.2015.05.069|CHEMBL3600348,2,CHEMBL3600348,IC50,2,4.308918507877031,4.308918507877031,4.308918507877031,0.0,Active,True,False,415.88000000000017,415.10875449599996,30,30,4.905020000000004,120.63389999999998,70.56,3,2,4,4,3,1,0.041666666666666664,1180.0778476128364,0,2,6,0,1,3,0,397.7360000000002,2,5,O=C1Nc2ccccc2C1=Cc1ccc(C(=O)NN=Cc2ccccc2)cc1
UIREF-0464,JUDCNWPXYMSGHM-UHFFFAOYSA-N,O=[N+]([O-])c1ccc(NCc2ccc(Cl)cc2)cc1,2,PubChem,1,Helicobacter pylori,1,Helicobacter pylori,10.1016/j.bmc.2015.06.014,1,10.1016/j.bmc.2015.06.014,IC50,2,4.393360685003603,4.076755981369724,4.709965388637482,0.6332094072677581,Unspecified,False,False,262.696,262.050905272,18,18,3.8603000000000023,71.87510000000003,55.17,3,1,4,2,2,0,0.07692307692307693,537.9226316891575,0,0,5,0,0,2,0,251.60799999999998,1,4,c1ccc(CNc2ccccc2)cc1
UIREF-0465,JUEDDYGDNNQQSN-UHFFFAOYSA-N,ON=C(O)CC(O)c1cc(Cl)cc(Cl)c1O,2,PubChem,1,Helicobacter pylori,1,Helicobacter pylori,10.1016/j.ejmech.2013.07.047,1,10.1016/j.ejmech.2013.07.047,IC50,2,5.516788327028153,5.050609993355087,5.982966660701219,0.9323566673461325,Active,True,False,266.08,264.990863128,16,16,2.4682,59.55390000000002,93.28000000000002,4,4,3,1,1,0,0.2222222222222222,422.2151667773778,0,0,7,0,0,1,0,257.008,4,5,c1ccccc1
UIREF-0466,JUMQPEQCYCKQAL-UHFFFAOYSA-N,CN(C)CP(=O)(O)CN,2,PubChem,1,Proteus mirabilis|Sporosarcina pasteurii,2,Sporosarcina pasteurii,10.1021/ml500380f,1,10.1021/ml500380f,Ki,2,4.9721121284856356,4.61261017366127,5.33161408331,0.7190039096487295,Active|Unspecified,True,False,152.13399999999996,152.071464286,9,9,-0.3079,37.43369999999999,66.56,3,2,3,0,0,0,1.0,125.73604288123637,0,0,5,0,0,0,0,139.02999999999997,3,4,
UIREF-0467,JVEFENUPWLDANX-UHFFFAOYSA-N,O=C(O)c1ccc(Cl)c(N=Cc2c(O)[nH]c(=S)[nH]c2=O)c1,2,BindingDB|PubChem,2,Canavalia ensiformis,1,Canavalia ensiformis,10.1016/j.bmc.2015.05.038,1,10.1016/j.bmc.2015.05.038,IC50,2,4.5741398549221595,4.5741398549221595,4.5741398549221595,0.0,Active|Unspecified,True,False,325.733,324.992404416,21,21,2.24029,79.5775,118.53999999999999,5,4,3,2,2,0,0.0,856.3115357151872,0,0,9,1,0,1,0,317.66900000000004,4,7,O=c1[nH]c(=S)[nH]cc1C=Nc1ccccc1
UIREF-0468,JVUKFVCFTFCWOD-WOJGMQOQSA-N,CSc1ccc(/C=N/c2nc(-c3ccccc3)cs2)cc1,2,BindingDB|PubChem,2,"Canavalia ensiformis|Urease, unspecified origin",2,Canavalia ensiformis,,0,,IC50,1,5.157390760389438,5.157390760389438,5.157390760389438,0.0,Active,True,False,310.447,310.059840448,21,21,5.282600000000003,93.02700000000003,25.25,4,0,4,3,3,0,0.058823529411764705,730.99637946666,0,0,4,1,0,2,0,296.335,0,2,C(=Nc1nc(-c2ccccc2)cs1)c1ccccc1
UIREF-0469,JXFOYKYTLHQTPZ-UHFFFAOYSA-N,O=C(Cc1ccc(O)c(O)c1)OCc1cn(-c2ccccc2)nn1,1,PubChem,1,Sporosarcina pasteurii,1,Sporosarcina pasteurii,10.1016/j.bmcl.2019.02.032,1,10.1016/j.bmcl.2019.02.032,IC50,1,4.13608262304214,4.13608262304214,4.13608262304214,0.0,Unspecified,False,False,325.324,325.10625596000006,24,24,1.9643999999999995,84.63060000000003,97.47,6,2,5,3,3,0,0.11764705882352941,846.0518097980685,0,0,7,1,0,2,0,310.204,2,7,O=C(Cc1ccccc1)OCc1cn(-c2ccccc2)nn1
UIREF-0470,JXUMDFKSHKHXPW-UHFFFAOYSA-N,Oc1csc(NN=Cc2c[nH]c3ccccc23)n1,1,BindingDB,1,Sporosarcina pasteurii,1,Sporosarcina pasteurii,10.1016/j.bioorg.2015.10.005,1,10.1016/j.bioorg.2015.10.005,IC50,1,4.2888679276931585,4.2888679276931585,4.2888679276931585,0.0,Active,True,False,258.30600000000004,258.05753194,18,18,2.776,73.29420000000002,73.3,5,3,3,3,3,0,0.0,700.745743453758,0,0,6,2,0,1,0,248.22599999999997,3,5,C(=NNc1nccs1)c1c[nH]c2ccccc12
UIREF-0471,JYBGVILDMQPKEE-UHFFFAOYSA-N,Cc1ccc(NC(=O)CCSc2nnc(Cc3csc(NC(=O)c4ccccc4)n3)o2)cc1,2,ChEMBL|PubChem,2,Helicobacter pylori,1,Helicobacter pylori,10.1016/j.bmc.2018.06.005|CHEMBL4118270,2,CHEMBL4118270,IC50,2,4.534914712442567,4.534914712442567,4.534914712442567,0.0,Active|Unspecified,True,False,479.58700000000016,479.108581532,33,33,4.7985200000000034,128.7629,110.00999999999999,8,2,9,4,4,0,0.17391304347826086,1222.3998300693725,0,2,10,2,0,2,0,458.41900000000027,2,8,O=C(CCSc1nnc(Cc2csc(NC(=O)c3ccccc3)n2)o1)Nc1ccccc1
UIREF-0472,JYIHYSLONMTFBD-UHFFFAOYSA-N,NCC(=O)NCP(=O)(O)CO,2,PubChem,1,Proteus vulgaris|Sporosarcina pasteurii,2,Proteus vulgaris,10.1021/jm100340m,1,10.1021/jm100340m,IC50|Ki,2,4.603629107082625,4.070581074285707,5.136677139879544,1.066096065593837,Active|Unspecified,True,False,182.11599999999999,182.045643462,11,11,-1.7610000000000003,38.975200000000015,112.65,4,4,4,0,0,0,0.75,182.93087160050476,0,1,7,0,0,0,0,171.028,5,6,
UIREF-0473,JYZRJSXLGQYLJB-UHFFFAOYSA-N,COc1ccc(C)cc1-n1[se]c2ccccc2c1=O,3,PubChem,1,Proteus mirabilis|Sporosarcina pasteurii,2,Proteus mirabilis,10.1021/acs.jmedchem.2c01799,1,10.1021/acs.jmedchem.2c01799,IC50|IC90|Ki,2,8.038124195982054,7.928117992693874,8.148130399270233,0.2200124065763589,Active,True,False,318.23400000000004,319.011149956,19,19,2.36472,77.77400000000003,31.23,2,0,2,3,3,0,0.13333333333333333,801.2559436489869,0,0,4,1,0,2,0,305.13000000000005,0,3,O=c1c2ccccc2[se]n1-c1ccccc1
UIREF-0474,JZRJKIUKSNODGA-UHFFFAOYSA-N,CC(C)C(N)C(=O)NCP(C)(=O)O,3,PubChem,1,"Proteus vulgaris|Sporosarcina pasteurii|Urease, unspecified origin",3,"Urease, unspecified origin",10.1021/jm800570q,1,10.1021/jm800570q,IC50|Ki,2,3.261986548682247,3.209714835966758,3.314258261397736,0.10454342543097805,Inactive|Unspecified,False,True,208.19799999999998,208.09767903399998,13,13,-0.05640000000000012,51.57240000000003,92.42,3,3,4,0,0,0,0.8571428571428571,223.77754441388302,0,1,6,0,0,0,0,191.06199999999998,4,5,
UIREF-0475,KAXRJQOMBMBSPV-DEDYPNTBSA-N,CCCCCCCCn1c2ccc(C(C)=O)cc2c2cc(C(=O)/C=C/c3ccc(N(C)C)cc3)ccc21,3,BindingDB|ChEMBL|PubChem,3,Canavalia ensiformis,1,Canavalia ensiformis,10.1016/j.bmc.2019.115123|CHEMBL4665672,2,10.1016/j.bmc.2019.115123,IC50,3,3.8267554409384337,3.8267554409384337,3.8267554409384337,0.0,Active|Unspecified,True,False,494.67900000000026,494.293328456,37,37,8.319700000000006,156.95799999999969,42.31,3,0,12,4,4,0,0.3333333333333333,1424.5151264975175,0,0,4,1,0,3,0,456.37500000000034,0,4,O=C(C=Cc1ccccc1)c1ccc2[nH]c3ccccc3c2c1
UIREF-0476,KBEBGUQPQBELIU-CMDGGOBGSA-N,CCOC(=O)/C=C/c1ccccc1,3,PubChem,1,Sporosarcina pasteurii,1,Sporosarcina pasteurii,10.1016/j.bmcl.2017.02.022,1,10.1016/j.bmcl.2017.02.022,Ki,0,,,,,Inactive,False,True,176.215,176.083729624,13,13,2.2629,52.10900000000003,26.3,2,0,3,1,1,0,0.18181818181818182,288.21840549259923,0,0,2,0,0,1,0,164.11899999999997,0,2,c1ccccc1
UIREF-0477,KBYCKXXXKHZZIE-UHFFFAOYSA-N,COc1cccc(-n2[se]c3ccccc3c2=O)c1,3,PubChem,1,Proteus mirabilis|Sporosarcina pasteurii,2,Proteus mirabilis,10.1021/acs.jmedchem.2c01799,1,10.1021/acs.jmedchem.2c01799,IC50|IC90|Ki,2,8.454959190980588,7.939302159646388,8.97061622231479,1.031314062668402,Active,True,False,304.20700000000005,304.995499892,18,18,2.0563,73.03700000000002,31.23,2,0,2,3,3,0,0.07142857142857142,757.5750218822898,0,0,4,1,0,2,0,293.119,0,3,O=c1c2ccccc2[se]n1-c1ccccc1
UIREF-0478,KCFRFKHQYUQKMR-UXBLZVDNSA-N,Cc1ccc(/C=C(\CP(=O)(O)O)C(=O)O)cc1,4,PubChem,1,Proteus mirabilis|Sporosarcina pasteurii,2,Sporosarcina pasteurii,10.1016/j.ejmech.2017.03.070|10.1021/acs.jmedchem.0c01143,2,10.1016/j.ejmech.2017.03.070,Ki,4,6.2276807716883305,6.17134010346468,6.314258261397736,0.14291815793305584,Active,True,False,256.194,256.050060146,17,17,1.6407199999999997,63.70290000000003,94.83,2,3,4,1,1,0,0.18181818181818182,483.088183870882,0,0,6,0,0,1,0,243.08999999999995,3,5,c1ccccc1
UIREF-0479,KDIOCIVEYUHICX-UHFFFAOYSA-N,COc1ccc(C2C=Cc3c(OC)c(OC)c(OC)c(OC)c3O2)cc1,1,PubChem,1,Helicobacter pylori,1,Helicobacter pylori,10.1016/j.ejmech.2013.03.016,1,10.1016/j.ejmech.2013.03.016,IC50,1,2.3796557002455065,2.3796557002455065,2.3796557002455065,0.0,Unspecified,False,False,358.3900000000001,358.14163842399995,26,26,3.8765000000000027,98.04700000000005,55.38000000000001,6,0,6,3,2,1,0.3,810.2864985686664,0,0,6,0,1,2,0,336.2140000000001,0,6,C1=CC(c2ccccc2)Oc2ccccc21
UIREF-0480,KDPOBFZFJRZCKF-UHFFFAOYSA-N,O=c1c(C(c2c(O)oc3ccccc3c2=O)c2c[nH]c3ccccc23)c(O)oc2ccccc12,2,BindingDB|ChEMBL,2,Canavalia ensiformis,1,Canavalia ensiformis,10.1016/j.bmc.2005.09.048|CHEMBL1144858,2,CHEMBL1144858,IC50,2,4.209998240460317,4.209996479609511,4.210000001311123,3.5217016121080746e-06,Active,True,False,451.4340000000002,451.10558726399995,34,34,4.972100000000003,127.54129999999998,116.66999999999999,6,3,3,6,6,0,0.037037037037037035,1743.148514487112,0,0,7,3,0,3,0,434.2980000000003,3,7,O=c1c(C(c2coc3ccccc3c2=O)c2c[nH]c3ccccc23)coc2ccccc12
UIREF-0481,KDUCJDPLLLQTHX-UHFFFAOYSA-N,COC(=O)C1C(C)=NC(=S)NC1c1ccccc1,1,BindingDB,1,Canavalia ensiformis,1,Canavalia ensiformis,10.1016/j.bioorg.2015.12.007,1,10.1016/j.bioorg.2015.12.007,IC50,1,4.443697499232713,4.443697499232713,4.443697499232713,0.0,Active,True,False,262.334,262.077598688,18,18,1.8659,73.53170000000003,50.69,3,1,2,2,1,1,0.3076923076923077,498.9725250413642,0,0,5,0,1,1,0,248.22199999999998,1,4,S=C1N=CCC(c2ccccc2)N1
UIREF-0482,KEAKFQPSPBTACW-UHFFFAOYSA-N,Cc1ccc(C(c2c[nH]c3ccc(C(=O)NNC(=S)Nc4ccc(C(F)(F)F)cc4)cc23)c2c[nH]c3ccc(C(=O)NNC(=S)Nc4ccc(C(F)(F)F)cc4)cc23)cc1,3,BindingDB|ChEMBL|PubChem,3,Canavalia ensiformis,1,Canavalia ensiformis,10.1016/j.bmc.2017.11.028|CHEMBL4177710,2,10.1016/j.bmc.2017.11.028,IC50,3,6.301029995663981,6.301029995663981,6.301029995663981,0.0,Active,True,False,858.8940000000001,858.199383584,60,60,9.43822,225.25459999999975,137.9,4,8,7,7,7,0,0.09523809523809523,2563.974142751103,0,2,18,2,0,5,0,826.6379999999999,8,10,O=C(NNC(=S)Nc1ccccc1)c1ccc2[nH]cc(C(c3ccccc3)c3c[nH]c4ccc(C(=O)NNC(=S)Nc5ccccc5)cc34)c2c1
UIREF-0483,KEXYXTJVCOEYQW-UHFFFAOYSA-N,CCOc1ccc(NC(=O)CCSc2nnc(Cc3csc(NC(=O)c4ccccc4)n3)o2)cc1,2,ChEMBL|PubChem,2,Helicobacter pylori,1,Helicobacter pylori,10.1016/j.bmc.2018.06.005|CHEMBL4118270,2,CHEMBL4118270,IC50,2,4.633763876281707,4.633763876281707,4.633763876281707,0.0,Active|Unspecified,True,False,509.61300000000017,509.11914621600005,35,35,4.888800000000003,135.19489999999993,119.24000000000001,9,2,11,4,4,0,0.20833333333333334,1258.432220889073,0,2,11,2,0,2,0,486.4290000000003,2,9,O=C(CCSc1nnc(Cc2csc(NC(=O)c3ccccc3)n2)o1)Nc1ccccc1
UIREF-0484,KHDJXKNWFZQZHT-UHFFFAOYSA-N,CCCCCCCCc1ccc(O)c(O)c1O,2,PubChem,1,Helicobacter pylori,1,Helicobacter pylori,10.1016/j.ejmech.2010.08.015,1,10.1016/j.ejmech.2010.08.015,IC50,1,3.987162775294828,3.987162775294828,3.987162775294828,0.0,Inconclusive|Unspecified,False,False,238.32700000000003,238.156894564,17,17,3.706400000000004,68.51640000000003,60.69,3,3,7,1,1,0,0.5714285714285714,347.5657132898219,0,0,3,0,0,1,0,216.15099999999995,3,3,c1ccccc1
UIREF-0485,KHDMCDUZDGFFDN-UHFFFAOYSA-N,Oc1[nH]c2ccccc2c1N=NC#SNc1c(F)cccc1F,1,BindingDB,1,Canavalia ensiformis,1,Canavalia ensiformis,10.1080/14756360802188420,1,10.1080/14756360802188420,IC50,1,4.480172006224281,4.480172006224281,4.480172006224281,0.0,Active,True,False,332.33500000000004,332.05433838,23,23,4.912400000000001,85.9392,72.77,4,3,2,3,3,0,0.0,938.7506601178866,0,0,8,1,0,2,0,322.25500000000005,3,5,C(N=Nc1c[nH]c2ccccc12)#SNc1ccccc1
UIREF-0486,KHEJUDWLDAHDQQ-UHFFFAOYSA-N,Cc1cccnc1NC(=S)Nc1ccccc1,3,BindingDB|ChEMBL|PubChem,3,Canavalia ensiformis,1,Canavalia ensiformis,10.1016/j.ejmech.2014.01.001|CHEMBL3120147,2,10.1016/j.ejmech.2014.01.001,IC50,3,4.5968794788241825,4.5968794788241825,4.5968794788241825,0.0,Active|Unspecified,True,False,243.33500000000004,243.083018416,17,17,3.198920000000001,75.25940000000003,36.95,2,2,2,2,2,0,0.07692307692307693,511.0828413567315,0,0,4,1,0,1,0,230.23099999999997,2,3,S=C(Nc1ccccc1)Nc1ccccn1
UIREF-0487,KHJPZPOQXBURPJ-UHFFFAOYSA-N,NS(=O)(=O)c1ccc(CCN=Cc2c(O)[nH]c(=S)[nH]c2=O)cc1,2,BindingDB|ChEMBL,2,Canavalia ensiformis,1,Canavalia ensiformis,10.1016/j.bmc.2019.01.043|CHEMBL4422682,2,CHEMBL4422682,IC50,2,4.940815382368629,4.940815382368629,4.940815382368629,0.0,Active,True,False,354.413,354.045646928,23,23,0.44708999999999993,87.8924,141.4,6,4,5,2,2,0,0.15384615384615385,943.175192234194,0,0,10,1,0,1,0,340.30100000000004,5,8,O=c1[nH]c(=S)[nH]cc1C=NCCc1ccccc1
UIREF-0488,KJHGRSFROPLPID-UHFFFAOYSA-N,S=C(Nc1ccccc1)Nc1ccc(Br)cc1,3,BindingDB|ChEMBL|PubChem,3,Canavalia ensiformis,1,Canavalia ensiformis,10.1016/j.ejmech.2014.01.001|CHEMBL3120147,2,10.1016/j.ejmech.2014.01.001,IC50,3,4.465212641370508,4.465212641370508,4.465212641370508,0.0,Active|Unspecified,True,False,307.216,305.982631452,17,17,4.258000000000002,80.42740000000002,24.06,1,2,2,2,2,0,0.0,496.5877288588948,0,0,4,0,0,2,0,296.12800000000004,2,2,S=C(Nc1ccccc1)Nc1ccccc1
UIREF-0489,KJJQEPNJKGAYBQ-UHFFFAOYSA-N,O=C(Cc1ccc(O)c(O)c1)OCCc1ccc([N+](=O)[O-])cc1,1,PubChem,1,Sporosarcina pasteurii,1,Sporosarcina pasteurii,10.1016/j.bmcl.2019.02.032,1,10.1016/j.bmcl.2019.02.032,IC50,1,5.105130343254747,5.105130343254747,5.105130343254747,0.0,Active,True,False,317.297,317.0899372,23,23,2.3343999999999996,81.23500000000001,109.9,6,2,6,2,2,0,0.1875,711.0104417647403,0,0,7,0,0,2,0,302.177,2,7,O=C(Cc1ccccc1)OCCc1ccccc1
UIREF-0490,KKKQSDGDCNBMFN-UHFFFAOYSA-N,COc1ccccc1-n1[se]c2ccccc2c1=O,3,PubChem,1,Proteus mirabilis|Sporosarcina pasteurii,2,Proteus mirabilis,10.1021/acs.jmedchem.2c01799,1,10.1021/acs.jmedchem.2c01799,IC50|IC90|Ki,2,8.324310593670468,8.27083521030723,8.377785977033705,0.10695076672647552,Active,True,False,304.20700000000005,304.995499892,18,18,2.0563,73.03700000000003,31.23,2,0,2,3,3,0,0.07142857142857142,757.5750218822898,0,0,4,1,0,2,0,293.119,0,3,O=c1c2ccccc2[se]n1-c1ccccc1
UIREF-0491,KKQXKTNOMAZUTK-UHFFFAOYSA-N,C=C(C(=O)OC)C(OC(C)=O)c1ccc(C)cc1,1,PubChem,1,Sporosarcina pasteurii,1,Sporosarcina pasteurii,10.1016/j.ejmech.2017.03.070,1,10.1016/j.ejmech.2017.03.070,IC50,1,3.480172006224281,3.480172006224281,3.480172006224281,0.0,Unspecified,False,False,248.278,248.104858992,18,18,2.3284200000000004,66.84200000000004,52.6,4,0,4,1,1,0,0.2857142857142857,459.18726503188543,0,0,4,0,0,1,0,232.14999999999995,0,4,c1ccccc1
UIREF-0492,KKSGTYQQZYHRDO-UHFFFAOYSA-N,Cc1ccc(NC(=S)NNC(=O)c2ccc(-c3nc4ccccc4s3)cc2)cc1,1,BindingDB,1,Canavalia ensiformis,1,Canavalia ensiformis,10.1016/j.bioorg.2016.03.010,1,10.1016/j.bioorg.2016.03.010,IC50,1,4.982966660701219,4.982966660701219,4.982966660701219,0.0,Active,True,False,418.54700000000014,418.09220319599996,29,29,4.903120000000003,123.0576,66.05,4,3,3,4,4,0,0.045454545454545456,1134.6291119535647,0,1,7,1,0,3,0,400.4030000000002,3,5,O=C(NNC(=S)Nc1ccccc1)c1ccc(-c2nc3ccccc3s2)cc1
UIREF-0493,KLCVXJYTHLGMCP-UHFFFAOYSA-N,Cc1cccc(-n2c(-c3ccccc3)n[nH]c2=S)c1C,2,BindingDB|ChEMBL,2,Canavalia ensiformis,1,Canavalia ensiformis,10.1016/j.ejmech.2010.08.034|CHEMBL1275315,2,CHEMBL1275315,IC50,2,4.0655015487564325,4.0655015487564325,4.0655015487564325,0.0,Active,True,False,281.38400000000007,281.09866848,20,20,4.213730000000003,83.65870000000002,33.61,2,1,2,3,3,0,0.125,800.0893494206098,0,0,4,1,0,2,0,266.264,1,3,S=c1[nH]nc(-c2ccccc2)n1-c1ccccc1
UIREF-0494,KMHQUDRVQGBYJY-UHFFFAOYSA-N,Cc1cc(C)cc(OCC(O)=NO)c1,2,PubChem,1,Helicobacter pylori,1,Helicobacter pylori,10.1016/j.bmc.2018.07.003,1,10.1016/j.bmc.2018.07.003,IC50,1,4.377785977033705,4.377785977033705,4.377785977033705,0.0,Inconclusive|Unspecified,False,False,195.21800000000002,195.089543276,14,14,2.02794,53.26130000000002,62.05,3,2,3,1,1,0,0.3,326.9703893594689,0,0,4,0,0,1,0,182.11399999999998,2,4,c1ccccc1
UIREF-0495,KMRDEISJTGZABX-UHFFFAOYSA-N,ON=C(O)CC(O)c1ccccc1,2,PubChem,1,Helicobacter pylori,1,Helicobacter pylori,10.1016/j.ejmech.2013.07.047,1,10.1016/j.ejmech.2013.07.047,IC50,1,4.806875401645539,4.806875401645539,4.806875401645539,0.0,Inconclusive|Unspecified,False,False,181.19100000000003,181.073893212,13,13,1.4557999999999998,47.869100000000024,73.05000000000001,3,3,3,1,1,0,0.2222222222222222,284.1711052507959,0,0,4,0,0,1,0,170.10299999999998,3,4,c1ccccc1
UIREF-0496,KMRDXSMLSSULCJ-UHFFFAOYSA-N,CCCCCCCCCCCC(=O)NC(=S)Nc1ccc(S(N)(=O)=O)cc1,2,BindingDB|ChEMBL,2,Canavalia ensiformis,1,Canavalia ensiformis,10.1007/s00044-012-0376-4|CHEMBL3045259,2,CHEMBL3045259,Ki,2,5.886056647693163,5.886056647693163,5.886056647693163,0.0,Active,True,False,413.6090000000001,413.180683852,27,27,4.067900000000002,114.02260000000004,101.28999999999999,4,3,12,1,1,0,0.5789473684210527,688.6563558363401,0,1,8,0,0,1,0,382.36100000000016,4,6,c1ccccc1
UIREF-0497,KODXKOWHPOTHRF-UHFFFAOYSA-N,S=C(Nc1cccc(Cl)c1)Nc1cccnc1Cl,2,ChEMBL|PubChem,2,Canavalia ensiformis,1,Canavalia ensiformis,10.1016/j.ejmech.2014.01.001|CHEMBL3120147,2,CHEMBL3120147,IC50,0,,,,,Active|Inactive,True,True,298.198,296.989423648,18,18,4.197300000000001,80.54240000000001,36.95,2,2,2,2,2,0,0.0,574.7539105141743,0,0,6,1,0,1,0,289.126,2,3,S=C(Nc1ccccc1)Nc1cccnc1
UIREF-0498,KOMIFYDHCIMPGO-NYYWCZLTSA-N,COc1cc(/C=C/C(=O)c2ccc(NC(=O)CN3CCN(c4cc5c(cc4F)c(=O)c(C(=O)NN)cn5C4CC4)CC3)cc2)cc(OC)c1OC,1,PubChem,1,Proteus mirabilis,1,Proteus mirabilis,,0,,IC50,0,,,,,Inactive,False,True,698.752,698.2864258080001,51,51,3.7616000000000023,191.27779999999964,157.46,10,3,12,6,4,2,0.2972972972972973,2043.74947987098,0,2,14,1,1,3,1,659.44,4,13,O=C(CN1CCN(c2ccc3c(=O)ccn(C4CC4)c3c2)CC1)Nc1ccc(C(=O)C=Cc2ccccc2)cc1
UIREF-0499,KOOHZTIQNWRPSE-UHFFFAOYSA-N,S=C(Nc1ccccc1)Nc1cccc(Br)c1,5,BindingDB|ChEMBL|PubChem,3,Canavalia ensiformis,1,Canavalia ensiformis,10.1016/j.ejmech.2014.01.001|CHEMBL3120147,2,10.1016/j.ejmech.2014.01.001,IC50|Ki,5,4.73754891026957,4.73754891026957,4.807432546663454,0.06988363639388417,Active|Unspecified,True,False,307.216,305.982631452,17,17,4.258000000000001,80.42740000000002,24.06,1,2,2,2,2,0,0.0,513.8377288588949,0,0,4,0,0,2,0,296.128,2,2,S=C(Nc1ccccc1)Nc1ccccc1
UIREF-0500,KORPTUAPBPPTMA-UHFFFAOYSA-N,N#CC1C(=N)Oc2[nH]c(=O)[nH]c(=O)c2C1c1ccc(Br)cc1,2,BindingDB|ChEMBL,2,Canavalia ensiformis,1,Canavalia ensiformis,35694689.0|CHEMBL5241112,2,CHEMBL5241112,IC50,2,4.289797985344615,4.289797985344615,4.289797985344615,0.0,Active,True,False,361.155,359.985802248,22,22,1.4670499999999997,81.1261,122.58999999999997,5,3,1,3,2,1,0.14285714285714285,907.410797817204,0,0,8,1,1,1,0,352.08299999999997,3,7,N=C1CC(c2ccccc2)c2c([nH]c(=O)[nH]c2=O)O1
UIREF-0501,KPEJLJGZAWYPBC-UHFFFAOYSA-N,COc1ccc(O)c(C=C2C(=O)NC(=S)NC2=O)c1,1,PubChem,1,Sporosarcina pasteurii,1,Sporosarcina pasteurii,10.1016/j.bmc.2014.05.057,1,10.1016/j.bmc.2014.05.057,IC50,1,4.485452247339714,4.485452247339714,4.485452247339714,0.0,Unspecified,False,False,278.289,278.0361278,19,19,0.3151,71.5192,87.66,5,3,2,2,1,1,0.08333333333333333,587.746988425057,0,2,7,0,1,1,0,268.209,3,6,O=C1NC(=S)NC(=O)C1=Cc1ccccc1
UIREF-0502,KPMOOYLZHQDMLP-UHFFFAOYSA-N,Cc1ccc(C(c2c[nH]c3ccc(C(=O)NNC(=S)Nc4ccccc4C)cc23)c2c[nH]c3ccc(C(=O)NNC(=S)Nc4ccccc4C)cc23)cc1,3,BindingDB|ChEMBL|PubChem,3,Canavalia ensiformis,1,Canavalia ensiformis,10.1016/j.bmc.2017.11.028|CHEMBL4177710,2,10.1016/j.bmc.2017.11.028,IC50,3,5.481486060122112,5.481486060122112,5.481486060122112,0.0,Active,True,False,750.9540000000001,750.255914456,54,54,8.017460000000005,224.7245999999997,137.9,4,8,7,7,7,0,0.09523809523809523,2386.500932728789,0,2,12,2,0,5,0,712.65,8,10,O=C(NNC(=S)Nc1ccccc1)c1ccc2[nH]cc(C(c3ccccc3)c3c[nH]c4ccc(C(=O)NNC(=S)Nc5ccccc5)cc34)c2c1
UIREF-0503,KQBFDOOXBWNUPB-YYDJUVGSSA-N,O=S(=O)(Cl)c1ccc(/N=c2/oc(-c3ccc(Cl)cc3)cn2Cc2ccccc2)cc1,1,ChEMBL,1,Canavalia ensiformis,1,Canavalia ensiformis,CHEMBL2434823,1,CHEMBL2434823,IC50,0,,,,,Active,True,False,459.35400000000016,458.025868732,30,30,5.609700000000005,117.39179999999999,64.57,4,0,5,4,4,0,0.045454545454545456,1325.9104365319288,0,0,8,1,0,3,0,443.2260000000003,0,5,c1ccc(Cn2cc(-c3ccccc3)oc2=Nc2ccccc2)cc1
UIREF-0504,KQOVQKHBCWQFCJ-UHFFFAOYSA-N,O=C(O)c1ccccc1[Se][Se]c1ccccc1C(=O)O,4,PubChem,1,Helicobacter pylori|Sporosarcina pasteurii,2,Helicobacter pylori,10.1021/acs.jmedchem.6b00986,1,10.1021/acs.jmedchem.6b00986,IC50|Ki,2,3.2981944072578613,3.1001794975729036,3.496209316942819,0.39602981936991544,Inactive|Unspecified,False,True,400.1500000000001,401.89095139999995,20,20,0.3571999999999997,77.57860000000005,74.6,2,2,5,2,2,0,0.0,597.6270925467024,0,0,6,0,0,2,0,390.07000000000016,2,4,c1ccc([Se][Se]c2ccccc2)cc1
UIREF-0505,KRPIERJODNQEGY-UHFFFAOYSA-N,ON=C(O)CCNc1cc(Cl)cc(Cl)c1,2,PubChem,1,Helicobacter pylori,1,Helicobacter pylori,10.1016/j.ejmech.2018.06.065,1,10.1016/j.ejmech.2018.06.065,IC50,2,6.387733468696957,5.4089353929735005,7.366531544420413,1.9575961514469125,Active,True,False,249.097,248.01193292,15,15,3.1411000000000007,61.41900000000002,64.85000000000001,3,3,4,1,1,0,0.2222222222222222,348.8800188482176,0,0,6,0,0,1,0,239.017,3,4,c1ccccc1
UIREF-0506,KRURFQLWMTZXRZ-UHFFFAOYSA-N,COC(=O)C(CP(=O)(O)CC(C(=O)OC)c1ccc(O)c(O)c1)c1ccc(O)c(O)c1,2,PubChem,1,Helicobacter pylori|Sporosarcina pasteurii,2,Sporosarcina pasteurii,10.1016/j.ejmech.2023.115528,1,10.1016/j.ejmech.2023.115528,IC50|Ki,2,4.548373591553021,3.9746941347352296,5.1220530483708115,1.147358913635582,Active|Unspecified,True,False,454.36800000000017,454.1028835659999,31,31,1.9928000000000006,108.61650000000002,170.82,9,5,8,2,2,0,0.3,941.5153006098697,0,0,11,0,0,2,0,431.1840000000003,5,10,O=[PH](CCc1ccccc1)CCc1ccccc1
UIREF-0507,KSEBMYQBYZTDHS-UHFFFAOYSA-N,COc1cc(C=CC(=O)O)ccc1O,1,PubChem,1,Sporosarcina pasteurii,1,Sporosarcina pasteurii,10.1016/j.bmcl.2019.02.032,1,10.1016/j.bmcl.2019.02.032,IC50,0,,,,,Inactive,False,True,194.186,194.0579088,14,14,1.4986,51.328600000000016,66.76,3,2,3,1,1,0,0.1,368.38478965282144,0,0,4,0,0,1,0,184.10599999999997,2,4,c1ccccc1
UIREF-0508,KSKRYQVHJQRUNC-UHFFFAOYSA-N,O=c1c(Cc2c(O)oc3ccccc3c2=O)c(O)oc2ccccc12,4,BindingDB|ChEMBL|PubChem,3,Canavalia ensiformis,1,Canavalia ensiformis,10.1016/j.bmc.2005.09.048|10.1016/j.ejmech.2022.114273|CHEMBL1144858|CHEMBL5137004,4,CHEMBL1144858,IC50,4,4.821809689520954,4.819988880942282,4.823619307756729,0.0036304268144471408,Active|Unspecified,True,False,336.2990000000001,336.063388104,25,25,2.9014000000000006,91.10360000000001,100.88,6,2,2,4,4,0,0.05263157894736842,1135.0684424393062,0,0,6,2,0,2,0,324.2030000000001,2,6,O=c1c(Cc2coc3ccccc3c2=O)coc2ccccc12
UIREF-0509,KUQBJVVFIOVIFZ-UHFFFAOYSA-N,Oc1[nH]c2ccccc2c1N=NC#SNc1ccc(F)cc1F,2,BindingDB,1,Canavalia ensiformis,1,Canavalia ensiformis,10.1080/14756360802188420,1,10.1080/14756360802188420,IC50,2,4.321028766932471,4.319664486585436,4.3223930472795065,0.0027285606940701257,Active,True,False,332.33500000000004,332.05433838,23,23,4.912400000000001,85.93920000000001,72.77,4,3,2,3,3,0,0.0,959.0006601178865,0,0,8,1,0,2,0,322.255,3,5,C(N=Nc1c[nH]c2ccccc12)#SNc1ccccc1
UIREF-0510,KUVXUHFPWFJGLS-UHFFFAOYSA-N,O=c1c2ccccc2[se]n1-c1cc(Cl)ccc1Cl,3,PubChem,1,Proteus mirabilis|Sporosarcina pasteurii,2,Proteus mirabilis,10.1021/acs.jmedchem.2c01799,1,10.1021/acs.jmedchem.2c01799,IC50|IC90|Ki,2,7.62479980682688,7.575935474582512,7.673664139071248,0.09772866448873607,Active,True,False,343.071,342.906990504,18,18,3.3545000000000016,76.50500000000001,22.0,1,0,1,3,3,0,0.0,791.0307349646105,0,0,5,1,0,2,0,336.0150000000001,0,2,O=c1c2ccccc2[se]n1-c1ccccc1
UIREF-0511,KVASAAINBJZLRT-UHFFFAOYSA-N,CCCCCC(c1c(O)c2ccccc2oc1=O)c1c(O)c2ccccc2oc1=O,2,BindingDB|ChEMBL,2,Canavalia ensiformis,1,Canavalia ensiformis,10.1016/j.bmc.2005.09.048|CHEMBL1144858,2,CHEMBL1144858,IC50,2,4.060000892539785,4.059999994991732,4.060001790087838,1.7950961055390735e-06,Active,True,False,406.43400000000014,406.14163842399995,30,30,5.0228000000000055,114.28260000000003,100.88,6,2,6,4,4,0,0.25,1232.10142217071,0,0,6,2,0,2,0,384.25800000000015,2,6,O=c1oc2ccccc2cc1Cc1cc2ccccc2oc1=O
UIREF-0512,KVKCOUJPRHORPD-UHFFFAOYSA-N,CC(C)=CCn1c(O)c(N=NC(=O)c2cc(C)cc(C)c2)c2ccccc21,3,ChEMBL|PubChem,2,Helicobacter pylori,1,Helicobacter pylori,10.1016/j.bmcl.2018.08.025|CHEMBL4265894,2,10.1016/j.bmcl.2018.08.025,IC50|MIC,2,5.3585258894959,5.3585258894959,5.3585258894959,0.0,Active,True,False,361.4450000000001,361.179026976,27,27,5.854040000000006,107.79630000000003,66.94999999999999,3,1,4,3,3,0,0.22727272727272727,1050.3465720395914,0,1,5,1,0,2,0,338.2610000000001,1,5,O=C(N=Nc1c[nH]c2ccccc12)c1ccccc1
UIREF-0513,KVKWHMOAONXZTB-UHFFFAOYSA-N,CC(C)c1ccc(C=Nc2nc(-c3ccccc3)cs2)cc1,2,BindingDB|PubChem,2,"Canavalia ensiformis|Urease, unspecified origin",2,Canavalia ensiformis,,0,,IC50|Ki,1,4.838631997765025,4.838631997765025,4.838631997765025,0.0,Active|Inactive,True,True,306.434,306.11906957599996,22,22,5.684100000000004,95.33500000000004,25.25,3,0,4,3,3,0,0.15789473684210525,755.6439851090862,0,0,3,1,0,2,0,288.28999999999996,0,2,C(=Nc1nc(-c2ccccc2)cs1)c1ccccc1
UIREF-0514,KVMCKGFRMZUYTP-UHFFFAOYSA-N,COC(=O)C1=C(C)N=C(NN)N(C)C1c1ccc(C)cc1,1,BindingDB,1,Canavalia ensiformis,1,Canavalia ensiformis,10.1016/j.bioorg.2015.12.007,1,10.1016/j.bioorg.2015.12.007,IC50,1,4.749579997691106,4.749579997691106,4.749579997691106,0.0,Active,True,False,288.35100000000006,288.15862588,21,21,1.2478200000000008,81.15710000000003,79.94999999999999,6,2,2,2,1,1,0.3333333333333333,604.604561820134,0,0,6,0,1,1,0,268.19100000000003,3,6,C1=CC(c2ccccc2)NC=N1
UIREF-0515,KWIXXCKVDIPUDX-PKNBQFBNSA-N,COC(=O)/C(=C/c1ccc(OC)cc1)CCP(=O)(O)O,2,PubChem,1,Sporosarcina pasteurii,1,Sporosarcina pasteurii,10.1016/j.ejmech.2017.03.070,1,10.1016/j.ejmech.2017.03.070,Ki,2,3.5100346979456476,3.4854522473397136,3.5346171485515816,0.049164901211868006,Unspecified,False,False,300.24699999999996,300.076274894,20,20,1.8194,74.51510000000002,93.06,4,2,6,1,1,0,0.3076923076923077,528.2972921512585,0,0,7,0,0,1,0,283.111,2,6,c1ccccc1
UIREF-0516,KXQKPKWJNCYPEY-UHFFFAOYSA-N,O=C(CNC(=O)OCc1ccccc1)NCP(=O)(O)CO,2,PubChem,1,Proteus vulgaris|Sporosarcina pasteurii,2,Proteus vulgaris,10.1021/jm100340m,1,10.1021/jm100340m,IC50,2,5.372363747448347,5.301029995663981,5.443697499232712,0.14266750356873104,Active,True,False,316.25000000000006,316.082422894,21,21,0.20670000000000027,74.55050000000001,124.96000000000001,5,4,7,1,1,0,0.3333333333333333,521.7387532945298,0,2,9,0,0,1,0,299.11400000000003,4,8,c1ccccc1
UIREF-0517,KZADPOZHGFTYPB-UHFFFAOYSA-N,NS(=O)(=O)c1ccc(NC(=S)NC(=O)Cc2ccccc2)cc1,2,BindingDB|ChEMBL,2,Canavalia ensiformis,1,Canavalia ensiformis,10.1007/s00044-012-0376-4|CHEMBL3045259,2,CHEMBL3045259,Ki,2,5.795880017344075,5.795880017344075,5.795880017344075,0.0,Active,True,False,349.437,349.05548334,23,23,1.3897,92.3246,101.28999999999999,4,3,4,2,2,0,0.06666666666666667,803.6205629404085,0,1,8,0,0,2,0,334.3170000000001,4,6,O=C(Cc1ccccc1)NC(=S)Nc1ccccc1
UIREF-0518,KZAYTOCJLPKWMX-UHFFFAOYSA-N,NCP(=O)(O)CNC1CCCCC1,2,PubChem,1,Proteus mirabilis|Sporosarcina pasteurii,2,Sporosarcina pasteurii,10.1021/ml500380f,1,10.1021/ml500380f,Ki,0,,,,,Inactive,False,True,206.22599999999994,206.118414478,13,13,1.0527999999999993,53.75540000000004,75.35000000000001,3,3,4,1,0,1,1.0,192.58304809254213,0,0,5,0,0,0,1,187.07399999999998,4,4,C1CCCCC1
UIREF-0519,KZJHIWWUCORXIF-UHFFFAOYSA-N,ON=C(O)CC(O)c1cccc(C(F)(F)F)c1,2,PubChem,1,Helicobacter pylori,1,Helicobacter pylori,10.1016/j.ejmech.2013.07.047,1,10.1016/j.ejmech.2013.07.047,IC50,2,5.540246528706233,5.166852888087215,5.913640169325252,0.7467872812380367,Active,True,False,249.188,249.06127784,17,17,2.4746000000000006,52.87110000000001,73.05000000000001,3,3,3,1,1,0,0.3,417.50230413841376,0,0,7,0,0,1,0,239.10799999999995,3,4,c1ccccc1
UIREF-0520,KZMUGOJAHSAGHO-UHFFFAOYSA-N,O=c1c(C(c2ccncc2)c2c(O)oc3ccccc3c2=O)c(O)oc2ccccc12,3,BindingDB|ChEMBL,2,Canavalia ensiformis,1,Canavalia ensiformis,10.1016/j.bmc.2005.09.048|10.1080/14756360409162452|CHEMBL1144858,3,CHEMBL1144858,IC50,3,4.229999967073058,4.069050968832477,4.23000269597146,0.16095172713898265,Active,True,False,413.38500000000016,413.08993719999995,31,31,3.8858000000000024,113.47960000000003,113.77000000000001,7,2,3,5,5,0,0.041666666666666664,1453.0624818802692,0,0,7,3,0,2,0,398.2650000000002,2,7,O=c1c(C(c2ccncc2)c2coc3ccccc3c2=O)coc2ccccc12
UIREF-0521,KZNIFHPLKGYRTM-UHFFFAOYSA-N,O=c1cc(-c2ccc(O)cc2)oc2cc(O)cc(O)c12,1,PubChem,1,Helicobacter pylori,1,Helicobacter pylori,10.1016/j.ejmech.2013.03.016,1,10.1016/j.ejmech.2013.03.016,IC50,1,3.860120913598763,3.860120913598763,3.860120913598763,0.0,Unspecified,False,False,270.24,270.05282342000004,20,20,2.576800000000001,72.91440000000001,90.9,5,3,1,3,3,0,0.0,846.5071386809369,0,0,5,1,0,2,0,260.15999999999997,3,5,O=c1cc(-c2ccccc2)oc2ccccc12
UIREF-0522,KZTQXHJTRKKEEJ-UHFFFAOYSA-N,NS(=O)(=O)c1ccc(NC(=S)NC(=O)c2cc([N+](=O)[O-])ccc2Cl)cc1,2,BindingDB|ChEMBL,2,Canavalia ensiformis,1,Canavalia ensiformis,10.1007/s00044-012-0376-4|CHEMBL3045259,2,CHEMBL3045259,Ki,2,6.356547323513812,6.356547323513812,6.356547323513812,0.0,Active,True,False,414.8520000000001,413.985939132,26,26,2.0224,99.60849999999999,144.43,6,3,4,2,2,0,0.0,992.8967686250862,0,1,12,0,0,2,0,403.7640000000001,4,9,O=C(NC(=S)Nc1ccccc1)c1ccccc1
UIREF-0523,KZULWIHHNWYETK-UHFFFAOYSA-N,Cc1ccc(NC(=S)NC(=O)c2ccccc2)cc1,3,BindingDB|ChEMBL|PubChem,3,Canavalia ensiformis,1,Canavalia ensiformis,10.1016/j.ejmech.2013.10.012|CHEMBL3085707,2,10.1016/j.ejmech.2013.10.012,IC50,3,5.20551195334083,5.20551195334083,5.20551195334083,0.0,Active,True,False,270.357,270.082684068,19,19,3.1218200000000014,81.30790000000003,41.129999999999995,2,2,2,2,2,0,0.06666666666666667,578.8543864233072,0,1,4,0,0,2,0,256.24499999999995,2,3,O=C(NC(=S)Nc1ccccc1)c1ccccc1
UIREF-0524,LACCDVUKXFKUJZ-UHFFFAOYSA-N,O=C(Cc1ccc(O)c(O)c1)NCCc1ccc([N+](=O)[O-])cc1,1,PubChem,1,Sporosarcina pasteurii,1,Sporosarcina pasteurii,10.1016/j.bmcl.2019.02.032,1,10.1016/j.bmcl.2019.02.032,IC50,1,3.5279753022997182,3.5279753022997182,3.5279753022997182,0.0,Unspecified,False,False,316.31300000000005,316.105921612,23,23,1.9073999999999998,83.28570000000002,112.70000000000002,5,3,6,2,2,0,0.1875,712.9105762946305,0,1,7,0,0,2,0,300.18500000000006,3,7,O=C(Cc1ccccc1)NCCc1ccccc1
UIREF-0525,LAVPWYRENKSWJM-UHFFFAOYSA-N,CCCCc1ccc(O)c(O)c1,2,PubChem,1,Helicobacter pylori,1,Helicobacter pylori,10.1016/j.ejmech.2010.08.015,1,10.1016/j.ejmech.2010.08.015,IC50,2,4.76072396651697,4.419075024324381,5.102372908709558,0.6832978843851771,Active|Unspecified,True,False,166.21999999999997,166.099379688,12,12,2.4404000000000012,48.38360000000004,40.46,2,2,3,1,1,0,0.4,256.01553398962693,0,0,2,0,0,1,0,152.10799999999998,2,2,c1ccccc1
UIREF-0526,LBFLQDGYVVOVEZ-UHFFFAOYSA-N,Cc1ncc([N+](=O)[O-])n1Cc1cn(Cc2ccc(F)cc2)nn1,2,ChEMBL|PubChem,2,Canavalia ensiformis,1,Canavalia ensiformis,10.1016/j.ejmech.2022.114273|CHEMBL5137004,2,CHEMBL5137004,IC50,2,5.704432900037521,5.704432900037521,5.704432900037521,0.0,Active,True,False,316.296,316.1084018760001,23,23,1.9269199999999997,78.24440000000003,91.67,5,0,5,3,3,0,0.21428571428571427,839.3319844744484,0,0,9,2,0,1,0,303.192,0,8,c1ccc(Cn2cc(Cn3ccnc3)nn2)cc1
UIREF-0527,LDCRTTXIJACKKU-ARJAWSKDSA-N,COC(=O)/C=C\C(=O)OC,3,PubChem,1,Sporosarcina pasteurii,1,Sporosarcina pasteurii,10.1016/j.bmcl.2017.02.022,1,10.1016/j.bmcl.2017.02.022,Ki,0,,,,,Inactive,False,True,144.12599999999998,144.042258736,10,10,-0.11140000000000017,33.172,52.60000000000001,4,0,2,0,0,0,0.3333333333333333,141.13075145540293,0,0,4,0,0,0,0,136.06199999999998,0,4,
UIREF-0528,LDCRTTXIJACKKU-ONEGZZNKSA-N,COC(=O)/C=C/C(=O)OC,3,PubChem,1,Sporosarcina pasteurii,1,Sporosarcina pasteurii,10.1016/j.bmcl.2017.02.022,1,10.1016/j.bmcl.2017.02.022,Ki,3,4.663540266151471,3.507239610973162,4.671620396561262,1.1643807855880999,Unspecified,False,False,144.12599999999998,144.042258736,10,10,-0.11140000000000017,33.172,52.60000000000001,4,0,2,0,0,0,0.3333333333333333,141.13075145540293,0,0,4,0,0,0,0,136.06199999999998,0,4,
UIREF-0529,LDFPASXSXPFVGY-UHFFFAOYSA-N,Cc1ccc(NC(=S)NNC(=O)c2ccc3[nH]cc(C(c4ccc(C)cc4)c4c[nH]c5ccc(C(=O)NNC(=S)Nc6ccc(C)cc6)cc45)c3c2)cc1,3,BindingDB|ChEMBL|PubChem,3,Canavalia ensiformis,1,Canavalia ensiformis,10.1016/j.bmc.2017.11.028|CHEMBL4177710,2,10.1016/j.bmc.2017.11.028,IC50,3,5.376750709602099,5.376750709602099,5.376750709602099,0.0,Active,True,False,750.9540000000002,750.255914456,54,54,8.017460000000005,224.72459999999967,137.89999999999998,4,8,7,7,7,0,0.09523809523809523,2352.0009327287894,0,2,12,2,0,5,0,712.6499999999999,8,10,O=C(NNC(=S)Nc1ccccc1)c1ccc2[nH]cc(C(c3ccccc3)c3c[nH]c4ccc(C(=O)NNC(=S)Nc5ccccc5)cc34)c2c1
UIREF-0530,LDTSXKSVUXHVSK-UHFFFAOYSA-N,CC(C)=CCn1c(O)c(N=NC(=O)c2ccc(Oc3ccccc3)cc2)c2ccccc21,3,ChEMBL|PubChem,2,Helicobacter pylori,1,Helicobacter pylori,10.1016/j.bmcl.2018.08.025|CHEMBL4265894,2,10.1016/j.bmcl.2018.08.025,IC50|MIC,2,4.6439741428068775,4.6439741428068775,4.6439741428068775,0.0,Active|Unspecified,True,False,425.4880000000001,425.173941596,32,32,7.029500000000006,124.83830000000002,76.17999999999999,4,1,6,4,4,0,0.11538461538461539,1299.6670455513042,0,1,6,1,0,3,0,402.30400000000026,1,6,O=C(N=Nc1c[nH]c2ccccc12)c1ccc(Oc2ccccc2)cc1
UIREF-0531,LEDIFDZZCITBEP-ZRDIBKRKSA-N,COc1ccc(/C=C(\CCCCP(=O)(O)O)C(=O)O)cc1,3,PubChem,1,Sporosarcina pasteurii,1,Sporosarcina pasteurii,10.1016/j.ejmech.2018.09.074,1,10.1016/j.ejmech.2018.09.074,IC50|Ki,3,4.838631997765025,4.779891911959945,5.031050319018657,0.2511584070587123,Active|Unspecified,True,False,314.27399999999994,314.091924958,21,21,2.5112000000000014,79.36890000000002,104.06000000000002,3,3,8,1,1,0,0.35714285714285715,543.0875894090954,0,0,7,0,0,1,0,295.122,3,6,c1ccccc1
UIREF-0532,LELJAUCKWPVRTJ-UHFFFAOYSA-N,CC(C)C(NC(=O)CNC(=S)Nc1ccccc1F)C(=O)NCC(=O)NC(C(=O)N1CCCC1C(=O)N1CCN(c2nsc3ccccc23)CC1)C(C)C,2,BindingDB|ChEMBL,2,Canavalia ensiformis,1,Canavalia ensiformis,10.1016/j.ejmech.2014.09.098|CHEMBL3352339,2,CHEMBL3352339,IC50,2,4.3979400086720375,4.3979400086720375,4.3979400086720375,0.0,Active,True,False,781.9809999999998,781.3203858559999,54,54,2.4594000000000023,210.31849999999952,168.11,9,5,13,5,3,2,0.4864864864864865,1848.5636402350679,0,5,17,1,2,2,0,733.5969999999999,5,14,O=C(CNC(=O)CNC(=S)Nc1ccccc1)NCC(=O)NCC(=O)N1CCCC1C(=O)N1CCN(c2nsc3ccccc23)CC1
UIREF-0533,LFUVACDYVZZJCD-UHFFFAOYSA-N,Oc1ccccc1C=Nc1nc(-c2ccccc2)cs1,2,BindingDB|PubChem,2,"Canavalia ensiformis|Urease, unspecified origin",2,Canavalia ensiformis,,0,,IC50,1,4.905528871358356,4.905528871358356,4.905528871358356,0.0,Active|Inactive,True,True,280.35200000000003,280.067034004,20,20,4.266300000000003,82.91080000000002,45.480000000000004,4,1,3,3,3,0,0.0,734.9975029278694,0,0,4,1,0,2,0,268.2559999999999,1,3,C(=Nc1nc(-c2ccccc2)cs1)c1ccccc1
UIREF-0534,LGWXIQSQLZRLGC-UHFFFAOYSA-N,O=c1c(C(c2cccc([N+](=O)[O-])c2)c2c(O)oc3ccccc3c2=O)c(O)oc2ccccc12,3,BindingDB|ChEMBL,2,Canavalia ensiformis,1,Canavalia ensiformis,10.1016/j.bmc.2005.09.048|10.1080/14756360409162452|CHEMBL1144858,3,CHEMBL1144858,IC50,3,4.090000275786018,4.090000008636461,4.124360062995832,0.03436005435937073,Active,True,False,457.3940000000002,457.07976643999996,34,34,4.399000000000003,122.33900000000003,144.01999999999998,8,2,4,5,5,0,0.04,1617.4370879685994,0,0,9,2,0,3,0,442.2740000000003,2,9,O=c1c(C(c2ccccc2)c2coc3ccccc3c2=O)coc2ccccc12
UIREF-0535,LHUUWTZLUNLJFG-UHFFFAOYSA-N,Clc1cc2nc(C3CC3)[nH]c2cc1Cl,3,BindingDB|ChEMBL|PubChem,3,Canavalia ensiformis,1,Canavalia ensiformis,10.1016/j.bmcl.2017.05.019|CHEMBL4033708,2,10.1016/j.bmcl.2017.05.019,IC50,3,6.769551078621726,6.769551078621726,6.769551078621726,0.0,Active,True,False,227.094,226.006453616,14,14,3.7471000000000014,58.08870000000001,28.68,1,1,1,3,2,1,0.3,461.0364618412483,0,0,4,1,0,1,1,219.02999999999997,1,2,c1ccc2[nH]c(C3CC3)nc2c1
UIREF-0536,LIPMYNSREYDLKH-UHFFFAOYSA-N,COc1cc(OC)c(-c2cc(-c3ccc4c(c3)c3ccccc3n4C)nc(N)n2)c(OC)c1,1,BindingDB,1,Canavalia ensiformis,1,Canavalia ensiformis,10.3109/14756366.2012.740477,1,10.3109/14756366.2012.740477,IC50,1,4.132532512140949,4.132532512140949,4.132532512140949,0.0,Active,True,False,440.5030000000002,440.1848406280001,33,33,5.063500000000005,130.95539999999997,84.42,6,1,5,5,5,0,0.15384615384615385,1482.022411281591,0,0,7,2,0,3,0,416.31100000000015,2,7,c1ccc(-c2cc(-c3ccc4[nH]c5ccccc5c4c3)ncn2)cc1
UIREF-0537,LJLOTHHWPINGNI-UHFFFAOYSA-N,CN(O)C(=O)CC(O)c1cccc(F)c1,1,PubChem,1,Helicobacter pylori,1,Helicobacter pylori,10.1016/j.bmc.2016.07.052,1,10.1016/j.bmc.2016.07.052,IC50,1,4.147520006363144,4.147520006363144,4.147520006363144,0.0,Unspecified,False,False,213.208,213.080121464,15,15,1.0968000000000002,50.533300000000025,60.769999999999996,3,2,3,1,1,0,0.3,354.27566688695373,0,1,5,0,0,1,0,201.11199999999997,2,4,c1ccccc1
UIREF-0538,LJLXJBBGIPYQDM-UHFFFAOYSA-N,CCc1ccc(O)c(O)c1O,2,PubChem,1,Helicobacter pylori,1,Helicobacter pylori,10.1016/j.ejmech.2010.08.015,1,10.1016/j.ejmech.2010.08.015,IC50,1,4.468521082957745,4.468521082957745,4.468521082957745,0.0,Inconclusive|Unspecified,False,False,154.16499999999996,154.06299418,11,11,1.3657999999999997,40.81440000000001,60.69,3,3,1,1,1,0,0.25,268.28483507740066,0,0,3,0,0,1,0,144.08499999999998,3,3,c1ccccc1
UIREF-0539,LKSSBNKQWHOUQV-UHFFFAOYSA-N,O=C(C=Cc1ccc(O)c(O)c1)OCCc1ccc(F)cc1,1,PubChem,1,Sporosarcina pasteurii,1,Sporosarcina pasteurii,10.1016/j.bmcl.2019.02.032,1,10.1016/j.bmcl.2019.02.032,IC50,0,,,,,Inactive,False,True,302.301,302.09543718000003,22,22,3.0360000000000023,79.86860000000003,66.76,4,2,5,2,2,0,0.11764705882352941,677.5583352159857,0,0,5,0,0,2,0,287.181,2,4,O=C(C=Cc1ccccc1)OCCc1ccccc1
UIREF-0540,LKWCVLQAAIHERM-UHFFFAOYSA-N,Oc1ccc(C=NN=c2[nH]c(O)cs2)c(O)c1,1,BindingDB,1,Sporosarcina pasteurii,1,Sporosarcina pasteurii,10.1016/j.bioorg.2015.10.005,1,10.1016/j.bioorg.2015.10.005,IC50,1,5.055024091587953,5.055024091587953,5.055024091587953,0.0,Active,True,False,251.26700000000002,251.036462148,17,17,1.1277999999999997,63.26310000000002,101.2,6,4,2,2,2,0,0.0,615.2538382004079,0,0,7,1,0,1,0,242.19499999999996,4,6,C(=NN=c1[nH]ccs1)c1ccccc1
UIREF-0541,LKYDZVCFMVHUST-UHFFFAOYSA-N,CCCCCCc1ccc(O)c(O)c1,2,PubChem,1,Helicobacter pylori,1,Helicobacter pylori,10.1016/j.ejmech.2010.08.015,1,10.1016/j.ejmech.2010.08.015,IC50,2,4.509557645785456,4.1090204030103115,4.910094888560602,0.8010744855502905,Unspecified,False,False,194.274,194.130679816,14,14,3.220600000000003,57.617600000000046,40.46,2,2,5,1,1,0,0.5,281.65026016439094,0,0,2,0,0,1,0,176.12999999999997,2,2,c1ccccc1
UIREF-0542,LLGGNOZPJJRMGJ-UHFFFAOYSA-N,Oc1[nH]c2ccc(F)cc2c1N=NC(=S)Nc1ccccc1F,2,BindingDB|ChEMBL,2,Canavalia ensiformis,1,Canavalia ensiformis,10.1007/s00044-013-0575-7|CHEMBL3044957,2,CHEMBL3044957,IC50,2,4.423658649794207,4.423658649794207,4.423658649794207,0.0,Active,True,False,332.33500000000004,332.05433838,23,23,4.632400000000001,87.0582,72.77,3,3,2,3,3,0,0.0,922.9809182245325,0,0,8,1,0,2,0,322.25500000000005,3,5,S=C(N=Nc1c[nH]c2ccccc12)Nc1ccccc1
UIREF-0543,LLNIRUOKORBVLD-UHFFFAOYSA-N,O=[N+]([O-])c1cccc(N(CC(O)=NO)S(=O)(=O)c2ccc(F)cc2)c1,1,PubChem,1,Helicobacter pylori,1,Helicobacter pylori,10.1016/j.bmcl.2022.129043,1,10.1016/j.bmcl.2022.129043,IC50,1,5.47755576649368,5.47755576649368,5.47755576649368,0.0,Active,True,False,369.33000000000004,369.043084324,25,25,2.2749000000000006,85.87850000000002,133.34,6,2,6,2,2,0,0.07142857142857142,914.4192569602053,0,0,11,0,0,2,0,357.23400000000015,2,9,O=S(=O)(Nc1ccccc1)c1ccccc1
UIREF-0544,LLRJOBJZEOGDLA-BJMVGYQFSA-N,NC(=S)N/N=C/c1cccc([N+](=O)[O-])c1,3,ChEMBL|PubChem,2,Canavalia ensiformis,1,Canavalia ensiformis,10.1016/j.ejmech.2011.09.009|CHEMBL1909545,2,CHEMBL1909545,IC50|Ki,3,6.991399828238082,6.991399828238082,7.045757490560675,0.05435766232259276,Active,True,False,224.245,224.036796496,15,15,0.7619,60.61150000000001,93.55,4,2,3,1,1,0,0.0,418.8576257288132,0,0,7,0,0,1,0,216.18099999999998,3,6,c1ccccc1
UIREF-0545,LLRJOBJZEOGDLA-UHFFFAOYSA-N,NC(=S)N[N-][CH+]c1cccc([N+](=O)[O-])c1,2,BindingDB,1,Canavalia ensiformis,1,Canavalia ensiformis,10.1016/j.ejmech.2011.09.009,1,10.1016/j.ejmech.2011.09.009,IC50|Ki,2,7.018578659399378,6.991399828238082,7.045757490560675,0.05435766232259276,Active,True,False,224.245,224.036796496,15,15,1.22659,59.7785,95.28999999999999,3,2,4,1,1,0,0.0,382.65934812917976,0,0,7,0,0,1,0,216.18099999999998,3,6,c1ccccc1
UIREF-0546,LMBJXUVFEMMYGH-UHFFFAOYSA-N,CCC(Oc1ccc(Br)cc1)c1nnc(Nc2ccc(F)cc2)o1,1,BindingDB,1,Canavalia ensiformis,1,Canavalia ensiformis,10.1111/cbdd.12297,1,10.1111/cbdd.12297,IC50,1,5.116338564846382,5.116338564846382,5.116338564846382,0.0,Active,True,False,392.22800000000007,391.03316704,24,24,5.244900000000004,91.78270000000002,60.18000000000001,5,1,6,3,3,0,0.17647058823529413,790.3551579821054,0,0,7,1,0,2,0,377.1080000000002,1,5,c1ccc(Nc2nnc(COc3ccccc3)o2)cc1
UIREF-0547,LMHWHOMBZPNVCV-UHFFFAOYSA-N,Cc1ccc(C(c2c[nH]c3ccc(C(=O)NNC(=S)Nc4cccc([N+](=O)[O-])c4)cc23)c2c[nH]c3ccc(C(=O)NNC(=S)Nc4cccc([N+](=O)[O-])c4)cc23)cc1,3,BindingDB|ChEMBL|PubChem,3,Canavalia ensiformis,1,Canavalia ensiformis,10.1016/j.bmc.2017.11.028|CHEMBL4177710,2,10.1016/j.bmc.2017.11.028,IC50,3,5.119186407719209,5.119186407719209,5.119186407719209,0.0,Active,True,False,812.894,812.1947707439999,58,58,7.217020000000004,228.55939999999978,224.17999999999998,8,8,9,7,7,0,0.05,2601.2240817529846,0,2,18,2,0,5,0,780.6379999999999,8,16,O=C(NNC(=S)Nc1ccccc1)c1ccc2[nH]cc(C(c3ccccc3)c3c[nH]c4ccc(C(=O)NNC(=S)Nc5ccccc5)cc34)c2c1
UIREF-0548,LNAKBECIBOQFRQ-UHFFFAOYSA-N,ON=C(O)CNc1cccc(Cl)c1Cl,2,PubChem,1,Helicobacter pylori,1,Helicobacter pylori,10.1016/j.ejmech.2018.06.065,1,10.1016/j.ejmech.2018.06.065,IC50,1,4.8297382846050425,4.8297382846050425,4.8297382846050425,0.0,Inconclusive|Unspecified,False,False,235.07,233.996282856,14,14,2.7510000000000012,56.802000000000014,64.85000000000001,3,3,3,1,1,0,0.125,355.194557810506,0,0,6,0,0,1,0,227.006,3,4,c1ccccc1
UIREF-0549,LNIGBUSWLZDUPU-UHFFFAOYSA-N,ON=C(O)CC(O)c1ccc(Cl)cc1,2,PubChem,1,Helicobacter pylori,1,Helicobacter pylori,10.1016/j.ejmech.2013.07.047,1,10.1016/j.ejmech.2013.07.047,IC50,1,5.4698003017969175,5.4698003017969175,5.4698003017969175,0.0,Active|Inconclusive,True,False,215.63600000000002,215.03492086,14,14,2.1092,52.87910000000002,73.05000000000001,3,3,3,1,1,0,0.2222222222222222,323.33388104417253,0,0,5,0,0,1,0,205.55599999999998,3,4,c1ccccc1
UIREF-0550,LNTHITQWFMADLM-UHFFFAOYSA-N,O=C(O)c1cc(O)c(O)c(O)c1,1,PubChem,1,Sporosarcina pasteurii,1,Sporosarcina pasteurii,10.1016/j.bmcl.2019.02.032,1,10.1016/j.bmcl.2019.02.032,IC50,0,,,,,Inactive,False,True,170.11999999999998,170.021523292,12,12,0.5015999999999998,38.39570000000001,97.99000000000001,4,4,1,1,1,0,0.0,307.56377472599723,0,0,5,0,0,1,0,164.07199999999997,4,5,c1ccccc1
UIREF-0551,LPEMHSPVVVSEFY-UHFFFAOYSA-N,CC(C)=CCn1c(O)c(N=NC(=O)c2ccc(C(C)C)cc2)c2ccccc21,3,ChEMBL|PubChem,2,Helicobacter pylori,1,Helicobacter pylori,10.1016/j.bmcl.2018.08.025|CHEMBL4265894,2,10.1016/j.bmcl.2018.08.025,IC50|MIC,2,4.826813731587726,4.826813731587726,4.826813731587726,0.0,Active|Unspecified,True,False,375.4720000000001,375.19467704,28,28,6.360600000000006,112.41130000000004,66.94999999999999,3,1,5,3,3,0,0.2608695652173913,1053.3910054216633,0,1,5,1,0,2,0,350.2720000000001,1,5,O=C(N=Nc1c[nH]c2ccccc12)c1ccccc1
UIREF-0552,LPNBCGIVZXHHHO-UHFFFAOYSA-N,COc1ccc(-c2coc3cc(OC)ccc3c2=O)cc1,1,PubChem,1,Helicobacter pylori,1,Helicobacter pylori,10.1016/j.ejmech.2013.03.016,1,10.1016/j.ejmech.2013.03.016,IC50,1,2.4525945403325107,2.4525945403325107,2.4525945403325107,0.0,Unspecified,False,False,282.295,282.089208928,21,21,3.4772000000000025,81.02400000000003,48.67,4,0,3,3,3,0,0.11764705882352941,831.5281896810577,0,0,4,1,0,2,0,268.183,0,4,O=c1c(-c2ccccc2)coc2ccccc12
UIREF-0553,LPRZNPSHGSXUER-UHFFFAOYSA-N,CCC(Oc1ccc(Br)cc1)c1nnc(Nc2ccc(Cl)cc2)o1,1,BindingDB,1,Canavalia ensiformis,1,Canavalia ensiformis,10.1111/cbdd.12297,1,10.1111/cbdd.12297,IC50,1,4.242603971206976,4.242603971206976,4.242603971206976,0.0,Active,True,False,408.6830000000001,407.0036165,24,24,5.759200000000003,96.83470000000001,60.18000000000001,5,1,6,3,3,0,0.17647058823529413,790.3551579821054,0,0,7,1,0,2,0,393.5630000000002,1,5,c1ccc(Nc2nnc(COc3ccccc3)o2)cc1
UIREF-0554,LPYXWGMUVRGUOY-REOHCLBHSA-N,OC[C@H](O)c1oc(O)c(O)c1O,2,ChEMBL|PubChem,2,Canavalia ensiformis,1,Canavalia ensiformis,10.1016/j.ejmech.2022.114273|CHEMBL5137004,2,CHEMBL5137004,IC50,2,5.066006836168757,5.066006836168757,5.066006836168757,0.0,Active,True,False,176.124,176.032087976,12,12,-0.5779000000000001,35.748000000000005,114.29,6,5,2,1,1,0,0.3333333333333333,277.8108319623798,0,0,6,1,0,0,0,168.05999999999997,5,6,c1ccoc1
UIREF-0555,LQEHHFTZKROWFV-UHFFFAOYSA-N,COc1ccc(-c2cc(-c3ccc4c(c3)c3ccccc3n4C)nc(N)n2)cc1,1,BindingDB,1,Canavalia ensiformis,1,Canavalia ensiformis,10.3109/14756366.2012.740477,1,10.3109/14756366.2012.740477,IC50,1,4.020451625295905,4.020451625295905,4.020451625295905,0.0,Active,True,False,380.45100000000014,380.16371126000007,29,29,5.046300000000005,117.85140000000001,65.96000000000001,4,1,3,5,5,0,0.08333333333333333,1353.2174693380427,0,0,5,2,0,3,0,360.29100000000005,2,5,c1ccc(-c2cc(-c3ccc4[nH]c5ccccc5c4c3)ncn2)cc1
UIREF-0556,LQIRYLGIIOELHT-UHFFFAOYSA-N,CN(O)C(=O)CC(O)c1cccc(Cl)c1,1,PubChem,1,Helicobacter pylori,1,Helicobacter pylori,10.1016/j.bmc.2016.07.052,1,10.1016/j.bmc.2016.07.052,IC50,1,4.318758762624412,4.318758762624412,4.318758762624412,0.0,Unspecified,False,False,229.663,229.050570924,15,15,1.6111000000000002,55.585300000000025,60.769999999999996,3,2,3,1,1,0,0.3,354.27566688695373,0,1,5,0,0,1,0,217.56699999999998,2,4,c1ccccc1
UIREF-0557,LQOYLPSTYSVVDG-UHFFFAOYSA-N,O=[N+]([O-])c1cccc(NCc2ccc(Cl)cc2)c1,2,PubChem,1,Helicobacter pylori,1,Helicobacter pylori,10.1016/j.bmc.2015.06.014,1,10.1016/j.bmc.2015.06.014,IC50,1,4.2403321553103694,4.2403321553103694,4.2403321553103694,0.0,Inconclusive|Unspecified,False,False,262.69599999999997,262.050905272,18,18,3.8603000000000023,71.87510000000003,55.17,3,1,4,2,2,0,0.07692307692307693,555.1726316891575,0,0,5,0,0,2,0,251.60799999999998,1,4,c1ccc(CNc2ccccc2)cc1
UIREF-0558,LRMXIYJORHWOCX-UHFFFAOYSA-N,COc1cccc(C(O)CC(O)=NO)c1,2,PubChem,1,Helicobacter pylori,1,Helicobacter pylori,10.1016/j.ejmech.2013.07.047,1,10.1016/j.ejmech.2013.07.047,IC50,1,4.634512015109101,4.634512015109101,4.634512015109101,0.0,Inconclusive|Unspecified,False,False,211.21699999999998,211.084457896,15,15,1.4644,54.42110000000002,82.28,4,3,4,1,1,0,0.3,351.03055438911724,0,0,5,0,0,1,0,198.11299999999997,3,5,c1ccccc1
UIREF-0559,LSSMJBVPRRZPSB-VDIBOKMOSA-N,COc1ccc(/C=C/C=N/c2nc(-c3ccccc3)cs2)cc1,2,BindingDB|PubChem,2,"Canavalia ensiformis|Urease, unspecified origin",2,Canavalia ensiformis,,0,,IC50,1,4.435807539373802,4.435807539373802,4.435807539373802,0.0,Active|Inactive,True,True,320.417,320.098334132,23,23,5.2344000000000035,97.73,34.480000000000004,4,0,5,3,3,0,0.05263157894736842,804.9007193197853,0,0,4,1,0,2,0,304.289,0,3,C(=Cc1ccccc1)C=Nc1nc(-c2ccccc2)cs1
UIREF-0560,LUEHNHVFDCZTGL-UHFFFAOYSA-N,CC#CC(=O)O,3,PubChem,1,Sporosarcina pasteurii,1,Sporosarcina pasteurii,10.1016/j.bmcl.2017.02.022,1,10.1016/j.bmcl.2017.02.022,Ki,3,3.9613798380502976,2.9461535731477477,4.010995384301463,1.0648418111537152,Unspecified,False,False,84.07399999999998,84.021129368,6,6,0.0943,21.085799999999995,37.3,1,1,0,0,0,0,0.25,104.4518303660921,0,0,2,0,0,0,0,80.04199999999999,1,2,
UIREF-0561,LVTLEBUFTDITNA-UHFFFAOYSA-N,COc1ccc(-c2nc(C(=O)NC3CCCCC3)cs2)cc1,1,PubChem,1,"Urease, unspecified origin",1,"Urease, unspecified origin",10.1016/j.ejmech.2022.114273,1,10.1016/j.ejmech.2022.114273,IC50,1,5.739928612014925,5.739928612014925,5.739928612014925,0.0,Active,True,False,316.42599999999993,316.12454888,22,22,3.8812000000000024,88.44120000000004,51.22,4,1,4,3,2,1,0.4117647058823529,630.3634243149781,0,1,5,1,0,1,1,296.266,1,4,O=C(NC1CCCCC1)c1csc(-c2ccccc2)n1
UIREF-0562,LVXHHFQWRVNTRZ-UHFFFAOYSA-N,COc1cccc(C=C2C(=O)NC(=S)NC2=O)c1O,1,PubChem,1,Sporosarcina pasteurii,1,Sporosarcina pasteurii,10.1016/j.bmc.2014.05.057,1,10.1016/j.bmc.2014.05.057,IC50,1,4.716698771296451,4.716698771296451,4.716698771296451,0.0,Unspecified,False,False,278.289,278.0361278,19,19,0.3150999999999999,71.5192,87.66000000000001,5,3,2,2,1,1,0.08333333333333333,587.7469884250571,0,2,7,0,1,1,0,268.209,3,6,O=C1NC(=S)NC(=O)C1=Cc1ccccc1
UIREF-0563,LWMLMZTWMCRWFM-UHFFFAOYSA-N,COc1ccc(NC(=S)NNC(=O)c2ccc(-c3nc4ccccc4s3)cc2)cc1,1,BindingDB,1,Canavalia ensiformis,1,Canavalia ensiformis,10.1016/j.bioorg.2016.03.010,1,10.1016/j.bioorg.2016.03.010,IC50,1,4.866461091629782,4.866461091629782,4.866461091629782,0.0,Active,True,False,434.5460000000001,434.087117816,30,30,4.603300000000003,124.87259999999999,75.28,5,3,4,4,4,0,0.045454545454545456,1154.9794689401658,0,1,8,1,0,3,0,416.4020000000002,3,6,O=C(NNC(=S)Nc1ccccc1)c1ccc(-c2nc3ccccc3s2)cc1
UIREF-0564,LXTVKBFWHDKLEN-UHFFFAOYSA-N,O=c1c(C(c2cccc(O)c2)c2c(O)oc3ccccc3c2=O)c(O)oc2ccccc12,2,BindingDB|ChEMBL,2,Canavalia ensiformis,1,Canavalia ensiformis,10.1016/j.bmc.2005.09.048|CHEMBL1144858,2,CHEMBL1144858,IC50,2,4.139998777082064,4.139997578098902,4.1399999760652255,2.3979663232864823e-06,Active,True,False,428.3960000000002,428.0896028519999,32,32,4.196400000000002,117.34940000000002,121.11000000000001,7,3,3,5,5,0,0.04,1511.9117772770296,0,0,7,2,0,3,0,412.26800000000026,3,7,O=c1c(C(c2ccccc2)c2coc3ccccc3c2=O)coc2ccccc12
UIREF-0565,LXVCVHUDJAFWES-UHFFFAOYSA-N,CCCCOC(=O)Cc1ccc(O)c(O)c1,1,PubChem,1,Sporosarcina pasteurii,1,Sporosarcina pasteurii,10.1016/j.bmcl.2019.02.032,1,10.1016/j.bmcl.2019.02.032,IC50,1,6.175874166083451,6.175874166083451,6.175874166083451,0.0,Active,True,False,224.256,224.104858992,16,16,1.9836000000000007,59.34260000000004,66.76,4,2,5,1,1,0,0.4166666666666667,360.0364349184168,0,0,4,0,0,1,0,208.12799999999996,2,4,c1ccccc1
UIREF-0566,LYTCLIUKWBYCDZ-UHFFFAOYSA-N,Oc1csc(=NN=Cc2cc(Cl)cc(Cl)c2O)[nH]1,1,BindingDB,1,Sporosarcina pasteurii,1,Sporosarcina pasteurii,10.1016/j.bioorg.2015.10.005,1,10.1016/j.bioorg.2015.10.005,IC50,1,4.573326111978627,4.573326111978627,4.573326111978627,0.0,Active,True,False,304.158,302.963602824,18,18,2.7290000000000005,71.6183,80.97,5,3,2,2,2,0,0.0,663.3826703209808,0,0,8,1,0,1,0,297.10200000000003,3,5,C(=NN=c1[nH]ccs1)c1ccccc1
UIREF-0567,LZINONGUZHPZQD-UHFFFAOYSA-N,Cc1ccc(C(c2c[nH]c3ccc(C(=O)NNC(=S)Nc4cccc(C)c4)cc23)c2c[nH]c3ccc(C(=O)NNC(=S)Nc4cccc(C)c4)cc23)cc1,3,BindingDB|ChEMBL|PubChem,3,Canavalia ensiformis,1,Canavalia ensiformis,10.1016/j.bmc.2017.11.028|CHEMBL4177710,2,10.1016/j.bmc.2017.11.028,IC50,3,5.292429823902063,5.292429823902063,5.292429823902063,0.0,Active,True,False,750.9540000000001,750.255914456,54,54,8.017460000000005,224.7245999999997,137.9,4,8,7,7,7,0,0.09523809523809523,2386.500932728789,0,2,12,2,0,5,0,712.65,8,10,O=C(NNC(=S)Nc1ccccc1)c1ccc2[nH]cc(C(c3ccccc3)c3c[nH]c4ccc(C(=O)NNC(=S)Nc5ccccc5)cc34)c2c1
UIREF-0568,LZJAUAHHHSKTAK-UHFFFAOYSA-N,ON=C(O)CC(O)c1cc(Cl)ccc1O,3,PubChem,1,Helicobacter pylori,1,Helicobacter pylori,10.1016/j.bmc.2016.07.052|10.1016/j.ejmech.2013.07.047,2,10.1016/j.ejmech.2013.07.047,IC50,3,5.892790030352131,4.94692155651658,5.958607314841775,1.0116857583251946,Active|Unspecified,True,False,231.63500000000002,231.02983548,15,15,1.8148,54.54390000000002,93.28000000000002,4,4,3,1,1,0,0.2222222222222222,380.37513561403557,0,0,6,0,0,1,0,221.55499999999998,4,5,c1ccccc1
UIREF-0569,LZOQJBQVXOVQNR-UHFFFAOYSA-N,COc1ccc(C(=O)NNC(=O)c2cc(Cl)cc(Cl)c2)cc1,1,PubChem,1,"Urease, unspecified origin",1,"Urease, unspecified origin",10.1016/j.ejmech.2022.114273,1,10.1016/j.ejmech.2022.114273,IC50,1,6.060480747381382,6.060480747381382,6.060480747381382,0.0,Active,True,False,339.178,338.022497604,22,22,3.0768000000000004,84.3884,67.43,3,2,3,2,2,0,0.06666666666666667,682.1837895274509,0,2,7,0,0,2,0,327.08200000000005,2,5,O=C(NNC(=O)c1ccccc1)c1ccccc1
UIREF-0570,MAFXZTRBLKCZGV-DEDYPNTBSA-N,C/C(=N\NC(=S)Nc1ccc(C)cc1)c1cc2ccccc2o1,1,PubChem,1,"Urease, unspecified origin",1,"Urease, unspecified origin",,0,,IC50,0,,,,,Active,True,False,323.42100000000005,323.109233164,23,23,4.451820000000003,98.9604,49.56,3,2,3,3,3,0,0.1111111111111111,832.3638999154676,0,0,5,1,0,2,0,306.285,2,4,S=C(NN=Cc1cc2ccccc2o1)Nc1ccccc1
UIREF-0571,MAFXZTRBLKCZGV-UHFFFAOYSA-N,CC(=NNC(=S)Nc1ccc(C)cc1)c1cc2ccccc2o1,1,BindingDB,1,Canavalia ensiformis,1,Canavalia ensiformis,10.1016/j.bioorg.2015.06.004,1,10.1016/j.bioorg.2015.06.004,IC50,1,5.459670525209127,5.459670525209127,5.459670525209127,0.0,Active,True,False,323.42100000000005,323.109233164,23,23,4.451820000000003,98.9604,49.56,3,2,3,3,3,0,0.1111111111111111,832.3638999154676,0,0,5,1,0,2,0,306.285,2,4,S=C(NN=Cc1cc2ccccc2o1)Nc1ccccc1
UIREF-0572,MALZRMQGYYVSLD-UHFFFAOYSA-N,ON=C(O)CNc1cc(F)cc(F)c1,2,PubChem,1,Helicobacter pylori,1,Helicobacter pylori,10.1016/j.ejmech.2018.06.065,1,10.1016/j.ejmech.2018.06.065,IC50,1,5.291579099865287,5.291579099865287,5.291579099865287,0.0,Active|Inconclusive,True,False,202.16,202.055383936,14,14,1.7224,46.69800000000001,64.85000000000001,3,3,3,1,1,0,0.125,334.944557810506,0,0,6,0,0,1,0,194.09599999999998,3,4,c1ccccc1
UIREF-0573,MBUSGHOSZOHWHT-UHFFFAOYSA-N,Cc1ccccc1OCC(O)=NO,2,PubChem,1,Helicobacter pylori,1,Helicobacter pylori,10.1016/j.bmc.2018.07.003,1,10.1016/j.bmc.2018.07.003,IC50,1,3.813608784304507,3.813608784304507,3.813608784304507,0.0,Inconclusive|Unspecified,False,False,181.191,181.073893212,13,13,1.71952,48.52430000000001,62.05,3,2,3,1,1,0,0.2222222222222222,309.48305328030176,0,0,4,0,0,1,0,170.10299999999998,2,4,c1ccccc1
UIREF-0574,MBVZXZZGEOYGIX-UHFFFAOYSA-N,O=[N+]([O-])c1ccccc1NCc1ccc(O)c(O)c1,2,PubChem,1,Helicobacter pylori,1,Helicobacter pylori,10.1016/j.bmc.2015.06.014,1,10.1016/j.bmc.2015.06.014,IC50,1,4.345823458122039,4.345823458122039,4.345823458122039,0.0,Inconclusive|Unspecified,False,False,260.24899999999997,260.079706864,19,19,2.618100000000001,70.19470000000001,95.63000000000001,5,3,4,2,2,0,0.07692307692307693,613.3422540172741,0,0,6,0,0,2,0,248.15299999999993,3,6,c1ccc(CNc2ccccc2)cc1
UIREF-0575,MBXUUEOPBQVIGU-VZUCSPMQSA-N,NC(=S)N/N=C/Cc1cccnc1,2,BindingDB|PubChem,2,"Canavalia ensiformis|Urease, unspecified origin",2,Canavalia ensiformis,10.1111/cbdd.12379,1,10.1111/cbdd.12379,IC50,1,5.617982957425132,5.617982957425132,5.617982957425132,0.0,Active,True,False,194.26300000000003,194.06261732,13,13,0.4430999999999999,56.35410000000002,63.3,3,2,3,1,1,0,0.125,296.27215329760946,0,0,5,1,0,0,0,184.183,3,4,c1ccncc1
UIREF-0576,MCOMSYCLUGORMY-UHFFFAOYSA-N,Oc1cc(O)c2c(c1)OC(c1ccc(O)c(O)c1)C=C2,1,PubChem,1,Helicobacter pylori,1,Helicobacter pylori,10.1016/j.ejmech.2013.03.016,1,10.1016/j.ejmech.2013.03.016,IC50,1,5.354577730650908,5.354577730650908,5.354577730650908,0.0,Active,True,False,272.256,272.06847348400004,20,20,2.655900000000001,71.94620000000002,90.15,5,4,1,3,2,1,0.06666666666666667,705.6503278385774,0,0,5,0,1,2,0,260.15999999999997,4,5,C1=CC(c2ccccc2)Oc2ccccc21
UIREF-0577,MDCTXWNNDLXVLU-UHFFFAOYSA-N,CCCCCCCCCCCCCCc1ccc(O)c(O)c1O,2,PubChem,1,Helicobacter pylori,1,Helicobacter pylori,10.1016/j.ejmech.2010.08.015,1,10.1016/j.ejmech.2010.08.015,IC50,1,3.6020599913279625,3.6020599913279625,3.6020599913279625,0.0,Inconclusive|Unspecified,False,False,322.489,322.25079494799996,23,23,6.047000000000008,96.21840000000006,60.69,3,3,13,1,1,0,0.7,429.1401170044858,0,0,3,0,0,1,0,288.217,3,3,c1ccccc1
UIREF-0578,MDGZMNKOMWCJJU-UHFFFAOYSA-N,O=C(O)c1ccc([N+](=O)[O-])cc1N=Cc1c(O)[nH]c(=S)[nH]c1=O,3,BindingDB|PubChem,2,"Canavalia ensiformis|Urease, unspecified origin",2,Canavalia ensiformis,10.1016/j.bmc.2015.05.038|10.1016/j.ejmech.2022.114273,2,10.1016/j.bmc.2015.05.038,IC50,3,5.069050968832477,5.069050968832477,5.069050968832477,0.0,Active,True,False,336.2850000000001,336.016454976,23,23,1.4950899999999996,81.22190000000002,161.67999999999998,7,4,4,2,2,0,0.0,945.2975889821784,0,0,11,1,0,1,0,328.221,4,10,O=c1[nH]c(=S)[nH]cc1C=Nc1ccccc1
UIREF-0579,MDMCODCJMHTFIZ-UHFFFAOYSA-N,COc1cc(O)c(C(=O)CCc2ccccc2)c(O)c1,1,PubChem,1,Helicobacter pylori,1,Helicobacter pylori,10.1016/j.ejmech.2013.03.016,1,10.1016/j.ejmech.2013.03.016,IC50,1,3.009661145212399,3.009661145212399,3.009661145212399,0.0,Unspecified,False,False,272.29999999999995,272.104858992,20,20,2.921900000000001,75.41710000000003,66.76,4,2,5,2,2,0,0.1875,582.123979259604,0,0,4,0,0,2,0,256.17199999999997,2,4,O=C(CCc1ccccc1)c1ccccc1
UIREF-0580,MDVLJOPKLFHRKD-UHFFFAOYSA-N,CCC(C)NC(=O)Cc1ccc(O)c(O)c1,1,PubChem,1,Sporosarcina pasteurii,1,Sporosarcina pasteurii,10.1016/j.bmcl.2019.02.032,1,10.1016/j.bmcl.2019.02.032,IC50,1,4.473660722610156,4.473660722610156,4.473660722610156,0.0,Unspecified,False,False,223.27200000000002,223.120843404,16,16,1.555,61.37130000000004,69.56,3,3,4,1,1,0,0.4166666666666667,376.5266641820713,0,1,4,0,0,1,0,206.13599999999997,3,4,c1ccccc1
UIREF-0581,MEHUDKOPOVDBRE-UHFFFAOYSA-N,CN(C)CP(C)(=O)O,1,PubChem,1,Sporosarcina pasteurii,1,Sporosarcina pasteurii,10.1016/j.bmc.2023.117512,1,10.1016/j.bmc.2023.117512,Ki,1,6.207608310501746,6.207608310501746,6.207608310501746,0.0,Active,True,False,137.119,137.060565254,8,8,0.4056999999999999,34.303299999999986,40.540000000000006,2,1,2,0,0,0,1.0,106.6059378176129,0,0,4,0,0,0,0,125.02299999999998,1,3,
UIREF-0582,MELHZLFWWQZYCN-UHFFFAOYSA-N,Cc1ccc(OC(C)c2nnc(Nc3ccc(Br)cc3)o2)cc1,1,BindingDB,1,Canavalia ensiformis,1,Canavalia ensiformis,10.1111/cbdd.12297,1,10.1111/cbdd.12297,IC50,1,4.446116973356125,4.446116973356125,4.446116973356125,0.0,Active,True,False,374.23800000000006,373.04258885199994,23,23,5.0241200000000035,91.94470000000001,60.18000000000001,5,1,5,3,3,0,0.17647058823529413,769.2923939382223,0,0,6,1,0,2,0,358.11000000000007,1,5,c1ccc(Nc2nnc(COc3ccccc3)o2)cc1
UIREF-0583,MEPIQQPWCFEGTP-UHFFFAOYSA-N,ON=C(O)CCNc1ccccc1Cl,2,PubChem,1,Helicobacter pylori,1,Helicobacter pylori,10.1016/j.ejmech.2018.06.065,1,10.1016/j.ejmech.2018.06.065,IC50,2,6.24402491481225,5.228412519118745,7.259637310505756,2.031224791387011,Active,True,False,214.65200000000002,214.050905272,14,14,2.4877000000000002,56.40900000000002,64.85000000000001,3,3,4,1,1,0,0.2222222222222222,328.3429223461079,0,0,5,0,0,1,0,203.564,3,4,c1ccccc1
UIREF-0584,METKIMKYRPQLGS-UHFFFAOYSA-N,CC(C)NCC(O)COc1ccc(CC(N)=O)cc1,1,ChEMBL,1,Canavalia ensiformis,1,Canavalia ensiformis,CHEMBL5137004,1,CHEMBL5137004,IC50,1,4.191383964573008,4.191383964573008,4.191383964573008,0.0,Active,True,False,266.34099999999995,266.163042564,19,19,0.45210000000000006,73.98090000000003,84.57999999999998,4,3,8,1,1,0,0.5,390.18247960279086,0,1,5,0,0,1,0,244.16499999999996,4,5,c1ccccc1
UIREF-0585,METOZACMNDDNJU-UHFFFAOYSA-N,Cc1cccc(C=C2C(=O)NC(=S)NC2=O)n1,1,PubChem,1,Sporosarcina pasteurii,1,Sporosarcina pasteurii,10.1016/j.bmc.2014.05.057,1,10.1016/j.bmc.2014.05.057,IC50,1,4.795880017344075,4.795880017344075,4.795880017344075,0.0,Unspecified,False,False,247.27900000000002,247.041547528,17,17,0.3043199999999998,65.83440000000002,71.09,4,2,1,2,1,1,0.09090909090909091,529.4024545877544,0,2,6,1,1,0,0,238.20699999999997,2,5,O=C1NC(=S)NC(=O)C1=Cc1ccccn1
UIREF-0586,MFTYXACSMBSOSF-RGVLZGJSSA-N,C/C(=N\NC(=S)Nc1cccc(Br)c1)c1cc2ccccc2o1,1,PubChem,1,"Urease, unspecified origin",1,"Urease, unspecified origin",,0,,IC50,0,,,,,Inactive,False,True,388.29000000000013,387.00409516799994,23,23,4.905900000000003,101.9234,49.56,3,2,3,3,3,0,0.058823529411764705,855.1856816401735,0,0,6,1,0,2,0,374.1780000000002,2,4,S=C(NN=Cc1cc2ccccc2o1)Nc1ccccc1
UIREF-0587,MFTYXACSMBSOSF-UHFFFAOYSA-N,CC(=NNC(=S)Nc1cccc(Br)c1)c1cc2ccccc2o1,1,BindingDB,1,Canavalia ensiformis,1,Canavalia ensiformis,10.1016/j.bioorg.2015.06.004,1,10.1016/j.bioorg.2015.06.004,IC50,1,4.962573502059376,4.962573502059376,4.962573502059376,0.0,Active,True,False,388.29000000000013,387.00409516799994,23,23,4.905900000000003,101.9234,49.56,3,2,3,3,3,0,0.058823529411764705,855.1856816401735,0,0,6,1,0,2,0,374.1780000000002,2,4,S=C(NN=Cc1cc2ccccc2o1)Nc1ccccc1
UIREF-0588,MFZLDFGYSZEWDW-UHFFFAOYSA-N,Cc1cccc(Nc2nnc(-c3ccc(Cl)cc3)s2)c1C,2,BindingDB|ChEMBL,2,Canavalia ensiformis,1,Canavalia ensiformis,10.1016/j.ejmech.2010.08.034|CHEMBL1275315,2,CHEMBL1275315,IC50,2,3.315558612374393,3.315558612374393,3.315558612374393,0.0,Active,True,False,315.82900000000006,315.059696128,21,21,5.218940000000003,89.55370000000003,37.81,4,1,3,3,3,0,0.125,765.4481956714404,0,0,5,1,0,2,0,301.71700000000004,1,3,c1ccc(Nc2nnc(-c3ccccc3)s2)cc1
UIREF-0589,MIPCSXPBTPSDBY-UHFFFAOYSA-N,O=C(NC(=S)Nc1ccccc1C(F)(F)F)c1cccc(Cl)c1,3,BindingDB|ChEMBL|PubChem,3,Canavalia ensiformis,1,Canavalia ensiformis,10.1016/j.bmc.2016.07.042|CHEMBL3826920,2,10.1016/j.bmc.2016.07.042,IC50,3,5.253365801062421,5.253365801062421,5.253365801062421,0.0,Active,True,False,358.77200000000005,358.01544628,23,23,4.485600000000002,86.58290000000001,41.13,2,2,2,2,2,0,0.06666666666666667,749.4970024679167,0,1,8,0,0,2,0,348.69200000000006,2,3,O=C(NC(=S)Nc1ccccc1)c1ccccc1
UIREF-0590,MIQHREQNKZCLBT-UHFFFAOYSA-N,N#CC1C(=N)Oc2[nH]c(=O)[nH]c(=O)c2C1c1c(Cl)cccc1Cl,2,BindingDB|ChEMBL,2,Canavalia ensiformis,1,Canavalia ensiformis,35694689.0|CHEMBL5241112,2,CHEMBL5241112,IC50,2,4.3872161432802645,4.3872161432802645,4.3872161432802645,0.0,Active,True,False,351.149,349.997345476,23,23,2.01135,83.44609999999999,122.58999999999997,5,3,1,3,2,1,0.14285714285714285,952.958389652568,0,0,9,1,1,1,0,343.08500000000004,3,7,N=C1CC(c2ccccc2)c2c([nH]c(=O)[nH]c2=O)O1
UIREF-0591,MIQSXLGNOMATLN-UHFFFAOYSA-N,O=C(Nc1ccccc1)Nc1ccc(S(=O)(=O)Cl)cc1,2,BindingDB|ChEMBL,2,Canavalia ensiformis,1,Canavalia ensiformis,10.1016/j.ejmech.2013.07.040|CHEMBL2434823,2,CHEMBL2434823,IC50,1,3.410050398674292,3.410050398674292,3.410050398674292,0.0,Active,True,False,310.76199999999994,310.017890892,20,20,3.2581000000000016,78.56420000000003,75.27000000000001,3,2,3,2,2,0,0.0,700.1559444811367,0,2,7,0,0,2,0,299.674,2,5,O=C(Nc1ccccc1)Nc1ccccc1
UIREF-0592,MISZZNPZKGOLRI-PKNBQFBNSA-N,COC(=O)/C(=C/c1ccc(F)cc1)CCCP(=O)(O)O,3,PubChem,1,Sporosarcina pasteurii,1,Sporosarcina pasteurii,10.1016/j.ejmech.2018.09.074,1,10.1016/j.ejmech.2018.09.074,IC50|Ki,3,3.9788107009300617,3.655607726314889,4.059483515067432,0.4038757887525435,Unspecified,False,False,302.23799999999994,302.071938462,20,20,2.3400000000000016,72.53810000000003,83.83000000000001,3,2,6,1,1,0,0.3076923076923077,532.1974266811486,0,0,7,0,0,1,0,286.10999999999996,2,5,c1ccccc1
UIREF-0593,MJKGKQWGPXXTBP-UHFFFAOYSA-N,O=C(NC(=S)Nc1ccc(Br)cc1Br)c1cccc(Cl)c1,3,BindingDB|ChEMBL|PubChem,3,Canavalia ensiformis,1,Canavalia ensiformis,10.1016/j.bmc.2016.07.042|CHEMBL3826920,2,10.1016/j.bmc.2016.07.042,IC50,3,5.199282921717614,5.199282921717614,5.199282921717614,0.0,Active,True,False,448.5670000000001,445.849085788,21,21,4.991800000000002,96.98089999999999,41.13,2,2,2,2,2,0,0.0,709.1234048767685,0,1,7,0,0,2,0,439.4950000000002,2,3,O=C(NC(=S)Nc1ccccc1)c1ccccc1
UIREF-0594,MJNSQSIGMLRVGT-AWNIVKPZSA-N,O=C(CN1CCN(c2cc3c(cc2F)c(=O)c(C(O)=NO)cn3C2CC2)CC1)Nc1ccc(C(=O)/C=C/c2ccccc2)cc1,1,PubChem,1,Proteus mirabilis,1,Proteus mirabilis,,0,,IC50,0,,,,,Inactive,False,True,609.6580000000002,609.238747344,45,45,4.826100000000004,170.92049999999966,127.47,7,3,9,6,4,2,0.23529411764705882,1858.40660711396,0,1,11,1,1,3,1,577.4020000000002,3,10,O=C(CN1CCN(c2ccc3c(=O)ccn(C4CC4)c3c2)CC1)Nc1ccc(C(=O)C=Cc2ccccc2)cc1
UIREF-0595,MLJXYKPPYLOQMG-UHFFFAOYSA-N,CCNC(=S)NNC(=O)Cn1c(C2CC2)nc2cc(Cl)c(Cl)cc21,3,BindingDB|ChEMBL|PubChem,3,Canavalia ensiformis,1,Canavalia ensiformis,10.1016/j.bmcl.2017.05.019|CHEMBL4033708,2,10.1016/j.bmcl.2017.05.019,IC50,3,6.552841968657781,6.552841968657781,6.552841968657781,0.0,Active,True,False,386.30800000000005,385.05308652400004,24,24,2.7357000000000005,99.28110000000001,70.97999999999999,3,3,4,3,2,1,0.4,802.7485864515388,0,1,9,1,0,1,1,369.17200000000014,3,6,c1ccc2[nH]c(C3CC3)nc2c1
UIREF-0596,MLQSOJUCIYKIOX-UHFFFAOYSA-N,CP(=O)(O)CNC(=O)C(N)CO,3,PubChem,1,"Proteus vulgaris|Sporosarcina pasteurii|Urease, unspecified origin",3,"Urease, unspecified origin",10.1021/jm800570q,1,10.1021/jm800570q,IC50|Ki,2,3.6449413174440917,3.4659738939438647,3.8239087409443187,0.35793484700045397,Inactive|Unspecified,False,True,196.143,196.061293526,12,12,-1.7200999999999995,43.820200000000014,112.65,4,4,4,0,0,0,0.8,201.6249007542581,0,1,7,0,0,0,0,183.039,5,6,
UIREF-0597,MLVJEZUHPYHJPA-UHFFFAOYSA-N,COC(=O)C(=Cc1ccc(NC(C)=O)cc1)C[PH](=O)O,2,PubChem,1,Sporosarcina pasteurii,1,Sporosarcina pasteurii,10.1016/j.ejmech.2017.03.070,1,10.1016/j.ejmech.2017.03.070,Ki,2,4.77951399063302,4.686132779630847,4.872895201635193,0.186762422004346,Unspecified,False,False,297.247,297.07660924199996,20,20,1.6684,76.82600000000002,92.7,4,2,5,1,1,0,0.23076923076923078,550.3848725313509,0,1,7,0,0,1,0,281.11899999999997,2,6,c1ccccc1
UIREF-0598,MMDZZSHOMBIVON-UHFFFAOYSA-N,COc1cccc(NC(=S)NCC(=O)NC(Cc2ccccc2)C(=O)NCC(=O)NC(C(=O)N2CCCC2C(=O)N2CCN(c3nsc4ccccc34)CC2)C(C)C)c1,2,BindingDB|ChEMBL,2,Canavalia ensiformis,1,Canavalia ensiformis,10.1016/j.ejmech.2014.09.098|CHEMBL3352339,2,CHEMBL3352339,IC50,2,4.721246399047171,4.721246399047171,4.721246399047171,0.0,Active,True,False,842.0609999999996,841.3403723519999,59,59,2.915600000000003,232.22049999999945,177.34000000000003,10,5,15,6,4,2,0.40476190476190477,2125.1322367528337,0,5,17,1,2,3,0,790.6529999999998,5,15,O=C(CNC(=O)C(Cc1ccccc1)NC(=O)CNC(=S)Nc1ccccc1)NCC(=O)N1CCCC1C(=O)N1CCN(c2nsc3ccccc23)CC1
UIREF-0599,MMNUJXJNLKOJSJ-UHFFFAOYSA-N,COc1ccc(CCc2ccc(O)cc2)cc1OC,2,PubChem,1,Helicobacter pylori,1,Helicobacter pylori,10.1016/j.ejmech.2010.08.015,1,10.1016/j.ejmech.2010.08.015,IC50,1,3.6903698325741017,3.6903698325741017,3.6903698325741017,0.0,Inconclusive|Unspecified,False,False,258.317,258.12559443600003,19,19,3.194600000000002,75.06080000000004,38.69,3,1,5,2,2,0,0.25,532.1903512081909,0,0,3,0,0,2,0,240.17299999999994,1,3,c1ccc(CCc2ccccc2)cc1
UIREF-0600,MMPFUJBCLCJWAT-UHFFFAOYSA-N,ON=C(O)CCNc1ccc(Cl)cc1Cl,2,PubChem,1,Helicobacter pylori,1,Helicobacter pylori,10.1016/j.ejmech.2018.06.065,1,10.1016/j.ejmech.2018.06.065,IC50,2,7.299299729609228,6.853871964321762,7.7447274948966935,0.8908555305749317,Active,True,False,249.097,248.01193292,15,15,3.1411000000000016,61.41900000000002,64.85000000000001,3,3,4,1,1,0,0.2222222222222222,369.1300188482176,0,0,6,0,0,1,0,239.017,3,4,c1ccccc1
UIREF-0601,MMRLHQQRXPRXJD-UHFFFAOYSA-N,Cc1ccc(C)c(NC(=O)CCSc2nnc(Cc3csc(NC(=O)c4ccccc4)n3)o2)c1,2,ChEMBL|PubChem,2,Helicobacter pylori,1,Helicobacter pylori,10.1016/j.bmc.2018.06.005|CHEMBL4118270,2,CHEMBL4118270,IC50,2,4.816730156317195,4.816730156317195,4.816730156317195,0.0,Active|Unspecified,True,False,493.6140000000002,493.124231596,34,34,5.106940000000004,133.49989999999994,110.00999999999999,8,2,9,4,4,0,0.20833333333333334,1286.7726451653095,0,2,10,2,0,2,0,470.4300000000003,2,8,O=C(CCSc1nnc(Cc2csc(NC(=O)c3ccccc3)n2)o1)Nc1ccccc1
UIREF-0602,MNXYBELLVJBLLJ-UHFFFAOYSA-N,COc1ccc(O)c(C=NNC(=O)c2ccc(C=C3C(=O)Nc4ccc(Cl)cc43)cc2)c1,2,BindingDB|ChEMBL,2,Canavalia ensiformis,1,Canavalia ensiformis,10.1016/j.bmcl.2015.05.069|CHEMBL3600348,2,CHEMBL3600348,IC50,2,4.086186147616283,4.086186147616283,4.086186147616283,0.0,Active,True,False,447.8780000000001,447.098583736,32,32,4.310800000000002,124.11369999999997,100.02000000000001,5,3,5,4,3,1,0.041666666666666664,1266.7359996578173,0,2,8,0,1,3,0,429.7340000000002,3,7,O=C1Nc2ccccc2C1=Cc1ccc(C(=O)NN=Cc2ccccc2)cc1
UIREF-0603,MOHIRSXUNWJSRA-UHFFFAOYSA-N,O=c1c2ccccc2[se]n1-c1ccccc1Br,3,PubChem,1,Proteus mirabilis|Sporosarcina pasteurii,2,Proteus mirabilis,10.1021/acs.jmedchem.2c01799,1,10.1021/acs.jmedchem.2c01799,IC50|IC90|Ki,2,7.869188972858545,7.570247719997592,8.168130225719498,0.5978825057219055,Active,True,False,353.077,352.895447276,17,17,2.810200000000001,74.18500000000002,22.0,1,0,1,3,3,0,0.0,744.2593188940273,0,0,4,1,0,2,0,345.013,0,2,O=c1c2ccccc2[se]n1-c1ccccc1
UIREF-0604,MPAHDNFCERDKSX-UHFFFAOYSA-N,c1ccc(C2=Nc3ccccc3SC(c3ccccc3)C2)cc1,1,BindingDB,1,Canavalia ensiformis,1,Canavalia ensiformis,10.1080/14756360801945598,1,10.1080/14756360801945598,IC50,1,4.579879151914297,4.579879151914297,4.579879151914297,0.0,Active,True,False,315.44100000000003,315.108170544,23,23,6.044500000000004,98.73800000000003,12.36,2,0,2,4,3,1,0.09523809523809523,824.7300107853698,0,0,2,0,1,3,0,298.30500000000006,0,1,c1ccc(C2=Nc3ccccc3SC(c3ccccc3)C2)cc1
UIREF-0605,MPJAVEPDLMYJRR-UHFFFAOYSA-N,CC(Oc1ccc(Cl)c(Cl)c1)c1nnc(Nc2ccc(F)cc2)o1,1,BindingDB,1,Canavalia ensiformis,1,Canavalia ensiformis,10.1111/cbdd.12297,1,10.1111/cbdd.12297,IC50,1,4.343901797987169,4.343901797987169,4.343901797987169,0.0,Active,True,False,368.19500000000005,367.02906020399996,24,24,5.3991000000000025,89.48570000000002,60.18000000000001,5,1,5,3,3,0,0.125,839.5938545967196,0,0,8,1,0,2,0,356.09900000000016,1,5,c1ccc(Nc2nnc(COc3ccccc3)o2)cc1
UIREF-0606,MQACSOCHTASHGF-XDHOZWIPSA-N,CCOc1ccc(/C=N/c2nc(-c3ccccc3)cs2)cc1,2,BindingDB|PubChem,2,"Canavalia ensiformis|Urease, unspecified origin",2,Canavalia ensiformis,,0,,IC50|Ki,1,4.95233580539844,4.95233580539844,4.95233580539844,0.0,Active,True,False,308.406,308.098334132,22,22,4.959400000000003,92.41500000000002,34.480000000000004,4,0,5,3,3,0,0.1111111111111111,748.2730378836359,0,0,4,1,0,2,0,292.27799999999996,0,3,C(=Nc1nc(-c2ccccc2)cs1)c1ccccc1
UIREF-0607,MQASZPPBOPDULZ-UHFFFAOYSA-N,S=C(Nc1cccc(Cl)c1)Nc1cccc(Cl)c1Cl,3,BindingDB|ChEMBL|PubChem,3,Canavalia ensiformis,1,Canavalia ensiformis,10.1016/j.ejmech.2014.01.001|CHEMBL3120147,2,10.1016/j.ejmech.2014.01.001,IC50,3,4.567030709125595,4.567030709125595,4.567030709125595,0.0,Active|Unspecified,True,False,331.6550000000001,329.955202328,19,19,5.455700000000001,87.75740000000002,24.06,1,2,2,2,2,0,0.0,616.5873665151106,0,0,6,0,0,2,0,322.58299999999997,2,2,S=C(Nc1ccccc1)Nc1ccccc1
UIREF-0608,MQBGVUOPVFLHJA-UHFFFAOYSA-N,COc1cccc(NC(=S)NNC(=O)c2ccc3[nH]cc(C(c4ccc(C)cc4)c4c[nH]c5ccc(C(=O)NNC(=S)Nc6cccc(OC)c6)cc45)c3c2)c1,3,BindingDB|ChEMBL|PubChem,3,Canavalia ensiformis,1,Canavalia ensiformis,10.1016/j.bmc.2017.11.028|CHEMBL4177710,2,10.1016/j.bmc.2017.11.028,IC50,3,4.91721462968355,4.91721462968355,4.91721462968355,0.0,Active|Unspecified,True,False,782.9520000000001,782.2457436960001,56,56,7.417820000000005,228.35459999999966,156.35999999999999,6,8,9,7,7,0,0.09523809523809523,2428.5982000660633,0,2,14,2,0,5,0,744.6479999999999,8,12,O=C(NNC(=S)Nc1ccccc1)c1ccc2[nH]cc(C(c3ccccc3)c3c[nH]c4ccc(C(=O)NNC(=S)Nc5ccccc5)cc34)c2c1
UIREF-0609,MQGMNHQKJHOOPB-UHFFFAOYSA-N,O=[N+]([O-])c1cccc(N(CC(O)=NO)S(=O)(=O)c2ccc(Br)cc2)c1,4,PubChem,1,Helicobacter pylori,1,Helicobacter pylori,10.1016/j.bmcl.2022.129043,1,10.1016/j.bmcl.2022.129043,IC50|Kd|Ki,4,7.036571645525154,5.920818753952375,9.468521082957745,3.5477023290053697,Active,True,False,430.23600000000005,428.96301820400004,25,25,2.8983000000000008,93.6205,133.34,6,2,6,2,2,0,0.07142857142857142,914.4192569602053,0,0,11,0,0,2,0,418.14000000000016,2,9,O=S(=O)(Nc1ccccc1)c1ccccc1
UIREF-0610,MQMPSHOSIYKNKD-BTJNYOQASA-N,CC(=O)OCC1=C(C(=O)O)N2C(=O)C(NS(=O)(=O)c3ccc(/N=c4/sc(-c5ccc(Cl)cc5)cn4-c4ccccc4)cc3)[C@H]2SC1,1,ChEMBL,1,Canavalia ensiformis,1,Canavalia ensiformis,CHEMBL2434823,1,CHEMBL2434823,IC50,0,,,,,Active,True,False,697.2160000000001,696.0573898200001,46,46,4.555400000000004,174.25329999999968,147.37,9,2,9,6,4,2,0.16129032258064516,2041.7031616659672,0,1,15,1,2,3,0,672.016,2,11,O=C1C(NS(=O)(=O)c2ccc(N=c3sc(-c4ccccc4)cn3-c3ccccc3)cc2)C2SCC=CN12
UIREF-0611,MQZUYBNMIWJFFD-UHFFFAOYSA-N,O=C1N=c2ccc(Cl)cc2=C1Cc1ccc(C(=O)NN=Cc2ccc(O)cc2O)cc1,2,BindingDB|ChEMBL,2,Canavalia ensiformis,1,Canavalia ensiformis,10.1016/j.bmcl.2015.05.069|CHEMBL3600348,2,CHEMBL3600348,IC50,2,4.367542707815276,4.367542707815276,4.367542707815276,0.0,Active,True,False,433.85100000000006,433.08293367199997,31,31,2.0683,115.62579999999998,111.35000000000001,5,3,5,4,3,1,0.043478260869565216,1348.224825726079,0,2,8,0,1,3,0,417.7230000000002,3,7,O=C1N=c2ccccc2=C1Cc1ccc(C(=O)NN=Cc2ccccc2)cc1
UIREF-0612,MRDRHVSMQJNNPQ-POTCHPHZSA-N,COc1ccc(-c2cc(=NC(=O)Oc3ccccc3)c3c(O)cc(O[C@@H]4O[C@H](CO)[C@@H](O)[C@H](O)[C@H]4O[C@@H]4O[C@@H](C)[C@H](O)[C@@H](O)[C@H]4O)cc3o2)cc1O,2,ChEMBL|PubChem,2,Canavalia ensiformis,1,Canavalia ensiformis,10.1016/j.ejmech.2022.114273|CHEMBL5137004,2,CHEMBL5137004,IC50,2,4.805763251276171,4.805763251276171,4.805763251276171,0.0,Active|Unspecified,True,False,727.6720000000004,727.2112341039999,52,52,0.6497999999999993,175.17739999999972,259.78999999999996,16,8,8,6,4,2,0.37142857142857144,1952.9604583039186,0,1,17,1,2,3,0,690.3760000000002,8,17,O=C(N=c1cc(-c2ccccc2)oc2cc(OC3OCCCC3OC3CCCCO3)ccc12)Oc1ccccc1
UIREF-0613,MRVNFWWAAXTOJU-UHFFFAOYSA-N,CC(C)CC(C(=O)O)n1[se]c2ccccc2c1=O,4,PubChem,1,Helicobacter pylori|Sporosarcina pasteurii,2,Helicobacter pylori,10.1021/acs.jmedchem.6b00986,1,10.1021/acs.jmedchem.6b00986,IC50|Ki,3,4.158015195409886,4.022276394711152,6.028724151261895,2.0064477565507426,Active|Inactive|Unspecified,True,True,312.22700000000003,313.02171464,18,18,1.7303,71.27580000000003,59.3,2,1,4,2,2,0,0.38461538461538464,626.4432192820333,0,0,5,1,0,1,0,297.107,1,4,O=c1[nH][se]c2ccccc12
UIREF-0614,MRWPQKCIHWNUSH-UHFFFAOYSA-N,CN(O)C(=O)CC(O)c1cccc(Cl)c1Cl,1,PubChem,1,Helicobacter pylori,1,Helicobacter pylori,10.1016/j.bmc.2016.07.052,1,10.1016/j.bmc.2016.07.052,IC50,1,4.018634490921456,4.018634490921456,4.018634490921456,0.0,Unspecified,False,False,264.108,263.011598572,16,16,2.264500000000001,60.59530000000002,60.769999999999996,3,2,3,1,1,0,0.3,395.6505737154221,0,1,6,0,0,1,0,253.01999999999998,2,4,c1ccccc1
UIREF-0615,MRYMWSYEIHHVNY-UHFFFAOYSA-N,O=C(O)CCP(=O)(O)CC(=Cc1ccc(O)c(O)c1)C(=O)O,2,PubChem,1,Sporosarcina pasteurii,1,Sporosarcina pasteurii,10.1021/acs.jmedchem.0c01143,1,10.1021/acs.jmedchem.0c01143,Ki,2,5.682207866844385,5.537602002101044,5.826813731587726,0.2892117294866816,Active,True,False,330.22900000000004,330.05045406999994,22,22,1.3108999999999997,77.19650000000001,152.35999999999999,5,5,7,1,1,0,0.23076923076923078,664.0039779051566,0,0,9,0,0,1,0,315.10900000000004,5,8,c1ccccc1
UIREF-0616,MSCSWKXCSARGGS-UHFFFAOYSA-N,CCN(CC)CP(=O)(O)CN,2,PubChem,1,Proteus mirabilis|Sporosarcina pasteurii,2,Sporosarcina pasteurii,10.1021/ml500380f,1,10.1021/ml500380f,Ki,0,,,,,Inactive,False,True,180.188,180.10276441399998,11,11,0.4722999999999999,46.66770000000002,66.56,3,2,5,0,0,0,1.0,147.51770940319489,0,0,5,0,0,0,0,163.052,3,4,
UIREF-0617,MSNJGHGEOPDPGD-UHFFFAOYSA-N,COc1ccc(C(C)C(=O)c2ccc(OC)cc2O)cc1,1,PubChem,1,Helicobacter pylori,1,Helicobacter pylori,10.1016/j.ejmech.2013.03.016,1,10.1016/j.ejmech.2013.03.016,IC50,1,2.6619421245802437,2.6619421245802437,2.6619421245802437,0.0,Unspecified,False,False,286.327,286.120509056,21,21,3.395800000000002,80.39830000000003,55.760000000000005,4,1,5,2,2,0,0.23529411764705882,631.7384096326962,0,0,4,0,0,2,0,268.183,1,4,O=C(Cc1ccccc1)c1ccccc1
UIREF-0618,MSOBQFFBRUWDSH-UHFFFAOYSA-N,CC(C)=CCn1c(O)c(N=NC(=O)c2cccc(Cl)c2)c2ccccc21,3,ChEMBL|PubChem,2,Helicobacter pylori,1,Helicobacter pylori,10.1016/j.bmcl.2018.08.025|CHEMBL4265894,2,10.1016/j.bmcl.2018.08.025,IC50|MIC,2,4.419075024324381,4.419075024324381,4.419075024324381,0.0,Active|Unspecified,True,False,367.83600000000007,367.108754496,26,26,5.8906000000000045,103.33230000000002,66.94999999999999,3,1,4,3,3,0,0.15,1030.7123722402646,0,1,6,1,0,2,0,349.6920000000001,1,5,O=C(N=Nc1c[nH]c2ccccc12)c1ccccc1
UIREF-0619,MTCWQYWBTRDIIL-UHFFFAOYSA-N,CCNC1NN=C(Cn2c(Cc3ccc(F)cc3)nc3ccccc3c2=O)S1,2,ChEMBL|PubChem,2,Canavalia ensiformis,1,Canavalia ensiformis,10.1016/j.ejmech.2022.114273|CHEMBL5137004,2,CHEMBL5137004,IC50,0,,,,,Active|Unspecified,True,False,397.4790000000001,397.1372594799999,28,28,2.6694000000000004,110.83540000000004,71.31,6,2,6,4,3,1,0.25,1080.1413752048043,0,0,8,1,1,2,0,377.31900000000013,2,6,O=c1c2ccccc2nc(Cc2ccccc2)n1CC1=NNCS1
UIREF-0620,MTEURSWLHQONCH-UHFFFAOYSA-N,S=C(Nc1ccccc1)Nc1cccnc1Cl,2,ChEMBL|PubChem,2,Canavalia ensiformis,1,Canavalia ensiformis,10.1016/j.ejmech.2014.01.001|CHEMBL3120147,2,CHEMBL3120147,IC50,0,,,,,Active|Inactive,True,True,263.75300000000004,263.028396,17,17,3.5439000000000007,75.53240000000002,36.95,2,2,2,2,2,0,0.0,516.1690076839118,0,0,5,1,0,1,0,253.67299999999997,2,3,S=C(Nc1ccccc1)Nc1cccnc1
UIREF-0621,MUAUFESNXPEDQT-UHFFFAOYSA-N,CC(C)C(NC(=O)CNC(=O)C(Cc1ccccc1)NC(=O)CNC(=S)Nc1ccccc1F)C(=O)N1CCCC1C(=O)N1CCN(c2nsc3ccccc23)CC1,2,BindingDB|ChEMBL,2,Canavalia ensiformis,1,Canavalia ensiformis,10.1016/j.ejmech.2014.09.098|CHEMBL3352339,2,CHEMBL3352339,IC50,2,4.42021640338319,4.42021640338319,4.42021640338319,0.0,Active,True,False,830.0249999999994,829.320385856,58,58,3.0461000000000036,225.6264999999995,168.11,9,5,14,6,4,2,0.3902439024390244,2111.213306947734,0,5,17,1,2,3,0,781.6409999999997,5,14,O=C(CNC(=O)C(Cc1ccccc1)NC(=O)CNC(=S)Nc1ccccc1)NCC(=O)N1CCCC1C(=O)N1CCN(c2nsc3ccccc23)CC1
UIREF-0622,MUDHKEQEBJQRRG-KPKJPENVSA-N,CN(C)c1ccc(/C=N/NC(N)=S)cc1,3,ChEMBL|PubChem,2,Canavalia ensiformis,1,Canavalia ensiformis,10.1016/j.ejmech.2011.09.009|CHEMBL1909545,2,CHEMBL1909545,IC50|Ki,3,6.896196279044043,6.896196279044043,6.913640169325252,0.01744389028120885,Active,True,False,222.31699999999998,222.09391744799998,15,15,0.9196999999999997,68.28410000000002,53.65,3,2,3,1,1,0,0.2,356.19006718030624,0,0,5,0,0,1,0,208.20499999999998,3,4,c1ccccc1
UIREF-0623,MUDHKEQEBJQRRG-UHFFFAOYSA-N,CN(C)c1ccc(C=NNC(N)=S)cc1,2,BindingDB,1,Canavalia ensiformis,1,Canavalia ensiformis,10.1016/j.ejmech.2011.09.009,1,10.1016/j.ejmech.2011.09.009,IC50|Ki,2,6.904918224184647,6.896196279044043,6.913640169325252,0.01744389028120885,Active,True,False,222.31699999999998,222.09391744799998,15,15,0.9196999999999997,68.28410000000002,53.65,3,2,3,1,1,0,0.2,356.19006718030624,0,0,5,0,0,1,0,208.20499999999998,3,4,c1ccccc1
UIREF-0624,MUZONUUWBPPPHX-UHFFFAOYSA-N,O=C(O)c1ccc(N=Cc2c(O)[nH]c(=O)[nH]c2=O)cc1O,2,BindingDB|PubChem,2,Canavalia ensiformis,1,Canavalia ensiformis,10.1016/j.bmc.2015.05.038,1,10.1016/j.bmc.2015.05.038,IC50,2,4.054039296422431,4.054039296422431,4.054039296422431,0.0,Active|Unspecified,True,False,291.219,291.049135008,21,21,-0.07680000000000026,71.66829999999999,155.83999999999997,6,5,3,2,2,0,0.0,848.8017607108603,0,0,9,1,0,1,0,282.147,5,9,O=c1[nH]cc(C=Nc2ccccc2)c(=O)[nH]1
UIREF-0625,MWJNGKOBSUBRNM-BQYQJAHWSA-N,CCC(C)OC(=O)/C=C/C(=O)OC(C)CC,3,PubChem,1,Sporosarcina pasteurii,1,Sporosarcina pasteurii,10.1016/j.bmcl.2017.02.022,1,10.1016/j.bmcl.2017.02.022,Ki,3,4.192464971931146,3.042392712939905,4.22767829327708,1.1852855803371751,Unspecified,False,False,228.28799999999995,228.13615912,16,16,2.226,60.83000000000004,52.60000000000001,4,0,6,0,0,0,0.6666666666666666,231.74437510817341,0,0,4,0,0,0,0,208.12799999999996,0,4,
UIREF-0626,MXJDRCSUIDNGRW-UHFFFAOYSA-N,S=C(NCc1cccnc1)Nc1cccc(Cl)c1,3,BindingDB|ChEMBL|PubChem,3,Canavalia ensiformis,1,Canavalia ensiformis,10.1016/j.ejmech.2014.01.001|CHEMBL3120147,2,10.1016/j.ejmech.2014.01.001,IC50,3,4.637706062035769,4.637706062035769,4.637706062035769,0.0,Active|Unspecified,True,False,277.78,277.044046064,18,18,3.2216000000000014,78.74940000000002,36.95,2,2,3,2,2,0,0.07692307692307693,530.7693827771673,0,0,5,1,0,1,0,265.68399999999997,2,3,S=C(NCc1cccnc1)Nc1ccccc1
UIREF-0627,MXPKAPXOKUWPKZ-FMIVXFBMSA-N,Cc1ccc(/C=C(\CCCP(=O)(O)O)C(=O)O)cc1,3,PubChem,1,Sporosarcina pasteurii,1,Sporosarcina pasteurii,10.1016/j.ejmech.2018.09.074,1,10.1016/j.ejmech.2018.09.074,IC50|Ki,3,4.609064892896621,4.522878745280337,4.7121982700697735,0.18931952478943614,Unspecified,False,False,284.248,284.0813602740001,19,19,2.4209200000000006,72.93690000000002,94.83,2,3,6,1,1,0,0.3076923076923077,512.3400433853234,0,0,6,0,0,1,0,267.11199999999997,3,5,c1ccccc1
UIREF-0628,MXQRXYAAYKKEKR-UFFVCSGVSA-N,C/C(=N\NC(=S)Nc1cc(Cl)ccc1Cl)c1cc2ccccc2o1,1,PubChem,1,"Urease, unspecified origin",1,"Urease, unspecified origin",,0,,IC50,0,,,,,Active,True,False,378.28400000000016,377.015638396,24,24,5.450200000000003,104.2434,49.56,3,2,3,3,3,0,0.058823529411764705,903.4852841535713,0,0,7,1,0,2,0,365.1800000000002,2,4,S=C(NN=Cc1cc2ccccc2o1)Nc1ccccc1
UIREF-0629,MXQRXYAAYKKEKR-UHFFFAOYSA-N,CC(=NNC(=S)Nc1cc(Cl)ccc1Cl)c1cc2ccccc2o1,1,BindingDB,1,Canavalia ensiformis,1,Canavalia ensiformis,10.1016/j.bioorg.2015.06.004,1,10.1016/j.bioorg.2015.06.004,IC50,1,5.696803942579511,5.696803942579511,5.696803942579511,0.0,Active,True,False,378.28400000000016,377.015638396,24,24,5.450200000000003,104.2434,49.56,3,2,3,3,3,0,0.058823529411764705,903.4852841535713,0,0,7,1,0,2,0,365.1800000000002,2,4,S=C(NN=Cc1cc2ccccc2o1)Nc1ccccc1
UIREF-0630,MYRFLLXRWDHINM-UHFFFAOYSA-N,O=[N+]([O-])c1cccc(N(CC(O)=NO)S(=O)(=O)c2cc(F)ccc2F)c1,1,PubChem,1,Helicobacter pylori,1,Helicobacter pylori,10.1016/j.bmcl.2022.129043,1,10.1016/j.bmcl.2022.129043,IC50,1,4.785156151952302,4.785156151952302,4.785156151952302,0.0,Unspecified,False,False,387.32000000000005,387.03366251200003,26,26,2.4140000000000006,85.83650000000003,133.34,6,2,6,2,2,0,0.07142857142857142,980.3974473435787,0,0,12,0,0,2,0,376.23200000000014,2,9,O=S(=O)(Nc1ccccc1)c1ccccc1
UIREF-0631,MZSIXICMZYRDTL-UHFFFAOYSA-N,ON=C(O)CCNc1cc(Cl)ccc1Cl,2,PubChem,1,Helicobacter pylori,1,Helicobacter pylori,10.1016/j.ejmech.2018.06.065,1,10.1016/j.ejmech.2018.06.065,IC50,2,5.438482735123246,4.530177984021837,6.346787486224656,1.8166095022028195,Active|Unspecified,True,False,249.097,248.01193292,15,15,3.1411000000000016,61.41900000000002,64.85000000000001,3,3,4,1,1,0,0.2222222222222222,369.1300188482176,0,0,6,0,0,1,0,239.017,3,4,c1ccccc1
UIREF-0632,NABWZZIMWBEGPG-UHFFFAOYSA-N,CC(C)CNC(=O)Cc1c(O)[nH]c(=S)[nH]c1=O,1,PubChem,1,"Urease, unspecified origin",1,"Urease, unspecified origin",10.1016/j.bmc.2020.115759,1,10.1016/j.bmc.2020.115759,IC50,1,4.770830297460899,4.770830297460899,4.770830297460899,0.0,Unspecified,False,False,257.315,257.08341234,17,17,0.4527899999999998,65.46390000000002,97.97999999999999,4,4,4,1,1,0,0.5,518.2627872663945,0,1,7,1,0,0,0,242.195,4,6,O=c1cc[nH]c(=S)[nH]1
UIREF-0633,NACYRCNWZKMJEI-UHFFFAOYSA-N,S=C(Nc1ccccc1Br)Nc1ccccc1SSc1ccccc1NC(=S)Nc1ccccc1Br,3,BindingDB|ChEMBL|PubChem,3,Canavalia ensiformis,1,Canavalia ensiformis,10.1016/j.bmc.2015.10.017|CHEMBL3627633,2,10.1016/j.bmc.2015.10.017,IC50,3,4.730487055782084,4.730487055782084,4.730487055782084,0.0,Active|Unspecified,True,False,676.5500000000001,673.8937548400002,36,36,9.628799999999998,172.5687999999998,48.12,4,4,7,4,4,0,0.0,1278.4177134884576,0,0,10,0,0,4,0,656.3900000000001,4,4,S=C(Nc1ccccc1)Nc1ccccc1SSc1ccccc1NC(=S)Nc1ccccc1
UIREF-0634,NBFIZGYZMALDBZ-PKNBQFBNSA-N,COc1ccc(/C=C(\CCCP(=O)(O)O)C(=O)O)cc1,3,PubChem,1,Sporosarcina pasteurii,1,Sporosarcina pasteurii,10.1016/j.ejmech.2018.09.074,1,10.1016/j.ejmech.2018.09.074,IC50|Ki,3,5.302770657240282,5.0,5.468521082957745,0.46852108295774464,Active,True,False,300.24699999999996,300.076274894,20,20,2.1210999999999998,74.75190000000002,104.06000000000002,3,3,7,1,1,0,0.3076923076923077,528.2972921512585,0,0,7,0,0,1,0,283.111,3,6,c1ccccc1
UIREF-0635,NBGHUDXRYOTLNR-UHFFFAOYSA-N,Cn1c2ccccc2c2cc(-c3cc(-c4ccc(Cl)c(Cl)c4)nc(N)n3)ccc21,1,BindingDB,1,Canavalia ensiformis,1,Canavalia ensiformis,10.3109/14756366.2012.740477,1,10.3109/14756366.2012.740477,IC50,1,4.634512015109101,4.634512015109101,4.634512015109101,0.0,Active,True,False,419.31500000000017,418.0752018720001,29,29,6.344500000000003,121.3194,56.730000000000004,3,1,2,5,5,0,0.043478260869565216,1405.4665108885201,0,0,6,2,0,3,0,403.1870000000001,2,4,c1ccc(-c2cc(-c3ccc4[nH]c5ccccc5c4c3)ncn2)cc1
UIREF-0636,NBSFPWTWSNAFPN-UHFFFAOYSA-N,O=C(NNC(=S)Nc1ccc(C(F)(F)F)cc1)c1ccc(-c2nc3ccccc3s2)cc1,1,BindingDB,1,Canavalia ensiformis,1,Canavalia ensiformis,10.1016/j.bioorg.2016.03.010,1,10.1016/j.bioorg.2016.03.010,IC50,1,5.795880017344075,5.795880017344075,5.795880017344075,0.0,Active,True,False,472.51700000000017,472.06393776,32,32,5.613500000000003,123.3226,66.05000000000001,4,3,3,4,4,0,0.045454545454545456,1236.0805723375565,0,1,10,1,0,3,0,457.3970000000003,3,5,O=C(NNC(=S)Nc1ccccc1)c1ccc(-c2nc3ccccc3s2)cc1
UIREF-0637,NCCNGQZCZGPBDM-UHFFFAOYSA-N,CCNc1cc2c(cc1C)C1(c3cc(C)c(NCC)cc3O2)c2ccccc2C(=O)N1NC(=O)c1ccccc1,2,ChEMBL|PubChem,2,Canavalia ensiformis,1,Canavalia ensiformis,10.1016/j.ejmech.2022.114273|CHEMBL5137004,2,CHEMBL5137004,IC50,2,6.955460239607589,6.955460239607589,6.955460239607589,0.0,Active,True,False,532.6440000000002,532.247440884,40,40,6.365440000000006,157.16109999999972,82.69999999999999,5,3,6,6,4,2,0.21212121212121213,1586.0214235597816,0,2,7,0,2,4,0,500.3880000000004,3,7,O=C(NN1C(=O)c2ccccc2C12c1ccccc1Oc1ccccc12)c1ccccc1
UIREF-0638,NCEBMCNTEJRFKW-UHFFFAOYSA-N,CCn1cc(C(=O)O)c(=O)c2cc(F)c(N3CCN(C(=O)CSc4nnc(CN5CCN(c6ccccc6OC)CC5)n4-c4ccccc4)CC3)cc21,2,BindingDB|ChEMBL,2,Canavalia ensiformis,1,Canavalia ensiformis,10.1016/j.ejmech.2013.06.045|CHEMBL2417515,2,CHEMBL2417515,IC50,1,4.548213564475709,4.548213564475709,4.548213564475709,0.0,Active,True,False,740.8619999999999,740.2904656320001,53,53,4.211100000000003,202.15929999999943,129.26999999999998,10,1,11,7,5,2,0.34210526315789475,2179.0214534900165,0,1,15,2,2,3,0,699.5339999999998,1,13,O=C(CSc1nnc(CN2CCN(c3ccccc3)CC2)n1-c1ccccc1)N1CCN(c2ccc3c(=O)cc[nH]c3c2)CC1
UIREF-0639,NCJCGDJEBJCCAB-UHFFFAOYSA-N,ON=C(O)COc1ccccc1F,2,PubChem,1,Helicobacter pylori,1,Helicobacter pylori,10.1016/j.bmc.2018.07.003,1,10.1016/j.bmc.2018.07.003,IC50,1,3.915423722065669,3.915423722065669,3.915423722065669,0.0,Inconclusive|Unspecified,False,False,185.154,185.048821336,13,13,1.5502,43.745300000000015,62.05000000000001,3,2,3,1,1,0,0.125,314.0123782932826,0,0,5,0,0,1,0,177.08999999999997,2,4,c1ccccc1
UIREF-0640,NCKQCCBCQFXYNJ-UHFFFAOYSA-N,CCc1ccccc1NC(=O)CCSc1nnc(Cc2csc(NC(=O)c3ccccc3)n2)o1,2,ChEMBL|PubChem,2,Helicobacter pylori,1,Helicobacter pylori,10.1016/j.bmc.2018.06.005|CHEMBL4118270,2,CHEMBL4118270,IC50,2,5.58838029403677,5.58838029403677,5.58838029403677,0.0,Active,True,False,493.6140000000002,493.124231596,34,34,5.052500000000004,133.40389999999996,110.00999999999999,8,2,10,4,4,0,0.20833333333333334,1256.2540157647024,0,2,10,2,0,2,0,470.4300000000003,2,8,O=C(CCSc1nnc(Cc2csc(NC(=O)c3ccccc3)n2)o1)Nc1ccccc1
UIREF-0641,NCVFSEWBZJRTPZ-UHFFFAOYSA-N,O=C(NC(=S)Nc1ccc(C(F)(F)F)cc1)c1ccccc1,3,BindingDB|ChEMBL|PubChem,3,Canavalia ensiformis,1,Canavalia ensiformis,10.1016/j.ejmech.2013.10.012|CHEMBL3085707,2,10.1016/j.ejmech.2013.10.012,IC50,3,4.913640169325252,4.913640169325252,4.913640169325252,0.0,Active|Unspecified,True,False,324.327,324.054418632,22,22,3.832200000000001,81.5729,41.13,2,2,2,2,2,0,0.06666666666666667,669.4369570809502,0,1,7,0,0,2,0,313.23900000000003,2,3,O=C(NC(=S)Nc1ccccc1)c1ccccc1
UIREF-0642,NDJCHAQPMYIGOH-UHFFFAOYSA-N,Nc1ccccc1C=C1C(=O)NC(=S)NC1=O,1,PubChem,1,Sporosarcina pasteurii,1,Sporosarcina pasteurii,10.1016/j.bmc.2014.05.057,1,10.1016/j.bmc.2014.05.057,IC50,1,4.490797477668897,4.490797477668897,4.490797477668897,0.0,Unspecified,False,False,247.279,247.041547528,17,17,0.18309999999999993,67.7148,84.22,4,3,1,2,1,1,0.0,529.4024545877544,0,2,6,0,1,1,0,238.20699999999997,4,5,O=C1NC(=S)NC(=O)C1=Cc1ccccc1
UIREF-0643,NFAJGEBLQZWGAF-UHFFFAOYSA-N,CCOC(=O)Cc1ccc(O)c(O)c1,1,PubChem,1,Sporosarcina pasteurii,1,Sporosarcina pasteurii,10.1016/j.bmcl.2019.02.032,1,10.1016/j.bmcl.2019.02.032,IC50,1,3.974284616098659,3.974284616098659,3.974284616098659,0.0,Unspecified,False,False,196.202,196.073558864,14,14,1.2033999999999998,50.10860000000003,66.76,4,2,3,1,1,0,0.3,332.8939251082797,0,0,4,0,0,1,0,184.10599999999997,2,4,c1ccccc1
UIREF-0644,NGCRBBSASRERMO-UHFFFAOYSA-N,COc1ccc(-n2c(-c3c(-c4ccc(Br)cc4)[nH]c4ccccc34)nc(-c3ccccc3)c2-c2ccccc2)cc1,3,BindingDB|ChEMBL|PubChem,3,Canavalia ensiformis,1,Canavalia ensiformis,10.1016/j.ejmech.2015.08.011|CHEMBL3621141,2,10.1016/j.ejmech.2015.08.011,IC50,3,4.535808629359001,4.535808629359001,4.535808629359001,0.0,Active|Unspecified,True,False,596.5280000000002,595.1259245520001,41,41,9.792699999999995,171.41669999999962,42.84,2,1,6,7,7,0,0.027777777777777776,1956.452860846825,0,0,5,2,0,5,0,570.3200000000003,1,4,c1ccc(-c2nc(-c3c(-c4ccccc4)[nH]c4ccccc34)n(-c3ccccc3)c2-c2ccccc2)cc1
UIREF-0645,NIBNTXSGPMIKCK-UHFFFAOYSA-N,Cn1c2c(c(=O)n(C)c1=O)C(c1ccc(O)cc1)C(C#N)C(=N)O2,2,BindingDB|ChEMBL,2,Canavalia ensiformis,1,Canavalia ensiformis,35694689.0|CHEMBL5241112,2,CHEMBL5241112,IC50,2,3.968107012289525,3.968107012289525,3.968107012289525,0.0,Active,True,False,326.31200000000007,326.101504928,24,24,0.4309499999999997,84.33150000000003,121.10000000000001,6,2,1,3,2,1,0.25,994.9533090497182,0,0,8,1,1,1,0,312.2,2,8,N=C1CC(c2ccccc2)c2c([nH]c(=O)[nH]c2=O)O1
UIREF-0646,NIQFFLOUBJHUDT-UHFFFAOYSA-N,Fc1ccccc1NC(=S)Nc1ccccc1SSc1ccccc1NC(=S)Nc1ccccc1F,3,BindingDB|ChEMBL|PubChem,3,Canavalia ensiformis,1,Canavalia ensiformis,10.1016/j.bmc.2015.10.017|CHEMBL3627633,2,10.1016/j.bmc.2015.10.017,IC50,3,6.154901959985743,6.154901959985743,6.154901959985743,0.0,Active,True,False,554.7380000000002,554.05388708,36,36,8.382000000000001,157.0847999999998,48.12,4,4,7,4,4,0,0.0,1278.4177134884576,0,0,10,0,0,4,0,534.5780000000003,4,4,S=C(Nc1ccccc1)Nc1ccccc1SSc1ccccc1NC(=S)Nc1ccccc1
UIREF-0647,NJEXQSCOSIPOLK-UHFFFAOYSA-N,Oc1[nH]c2ccccc2c1N=NC(=S)Nc1ccccc1F,2,BindingDB|ChEMBL,2,Canavalia ensiformis,1,Canavalia ensiformis,10.1007/s00044-013-0575-7|CHEMBL3044957,2,CHEMBL3044957,IC50,2,4.686132779630847,4.686132779630847,4.686132779630847,0.0,Active,True,False,314.345,314.063760192,22,22,4.493300000000001,87.1002,72.77,3,3,2,3,3,0,0.0,874.8598802444083,0,0,7,1,0,2,0,303.257,3,5,S=C(N=Nc1c[nH]c2ccccc12)Nc1ccccc1
UIREF-0648,NJKONZNHPAOMJC-UHFFFAOYSA-N,O=[N+]([O-])c1cccc(N(CC(O)=NO)S(=O)(=O)c2ccc(Cl)cc2)c1,1,PubChem,1,Helicobacter pylori,1,Helicobacter pylori,10.1016/j.bmcl.2022.129043,1,10.1016/j.bmcl.2022.129043,IC50,1,5.756961951313706,5.756961951313706,5.756961951313706,0.0,Active,True,False,385.7850000000001,385.013533784,25,25,2.789200000000001,90.93050000000001,133.34,6,2,6,2,2,0,0.07142857142857142,914.4192569602053,0,0,11,0,0,2,0,373.68900000000014,2,9,O=S(=O)(Nc1ccccc1)c1ccccc1
UIREF-0649,NKKBRHFRJZUQDL-UHFFFAOYSA-N,CNCP(C)(=O)O,3,PubChem,1,Proteus vulgaris|Sporosarcina pasteurii,2,Proteus vulgaris,10.1021/jm100340m|10.1021/jm800570q,2,10.1021/jm800570q,IC50|Ki,3,4.221848749616356,3.8153085691824016,4.568636235841013,0.7533276666586115,Unspecified,False,False,123.09199999999998,123.04491519,7,7,0.06349999999999989,29.675999999999988,49.33,2,2,2,0,0,0,1.0,86.93569696954751,0,0,4,0,0,0,0,113.01199999999999,2,3,
UIREF-0650,NKVBZVRXHWNHSE-UHFFFAOYSA-N,O=C(Cn1c(C2CC2)nc2cc(Cl)c(Cl)cc21)NN=Cc1ccccc1O,3,BindingDB|ChEMBL|PubChem,3,Canavalia ensiformis,1,Canavalia ensiformis,10.1016/j.bmcl.2017.05.019|CHEMBL4033708,2,10.1016/j.bmcl.2017.05.019,IC50,3,6.657577319177793,6.657577319177793,6.657577319177793,0.0,Active,True,False,403.26900000000006,402.065031112,27,27,4.076400000000003,105.57150000000001,79.51,4,2,5,4,3,1,0.21052631578947367,1057.2894239756295,0,1,8,1,0,2,1,387.1410000000002,2,6,O=C(Cn1c(C2CC2)nc2ccccc21)NN=Cc1ccccc1
UIREF-0651,NMBIFQLIMKOHCX-FARCUNLSSA-N,C/C=C/C(c1c(O)c2ccccc2oc1=O)c1c(O)c2ccccc2oc1=O,2,BindingDB|ChEMBL,2,Canavalia ensiformis,1,Canavalia ensiformis,10.1016/j.bmc.2005.09.048|CHEMBL1144858,2,CHEMBL1144858,IC50,2,4.359997942772521,4.359995853468939,4.360000032076103,4.178607164284642e-06,Active,True,False,376.3640000000001,376.09468823199995,28,28,4.018600000000002,104.95460000000001,100.88,6,2,3,4,4,0,0.09090909090909091,1243.7392385196192,0,0,6,2,0,2,0,360.23600000000016,2,6,O=c1oc2ccccc2cc1Cc1cc2ccccc2oc1=O
UIREF-0652,NOFJSTYXZBNVFE-VCHYOVAHSA-N,Clc1ccc(/C=N/c2nc(-c3ccccc3)cs2)cc1,2,BindingDB|PubChem,2,"Canavalia ensiformis|Urease, unspecified origin",2,Canavalia ensiformis,,0,,IC50,1,4.721246399047171,4.721246399047171,4.721246399047171,0.0,Active|Inactive,True,True,298.798,298.03314703200004,20,20,5.214100000000003,86.25600000000003,25.25,3,0,3,3,3,0,0.0,717.7475029278693,0,0,4,1,0,2,0,287.71,0,2,C(=Nc1nc(-c2ccccc2)cs1)c1ccccc1
UIREF-0653,NOUZUBYISNDSJZ-UHFFFAOYSA-N,CN(O)C(=O)CC(O)c1ccccc1Cl,1,PubChem,1,Helicobacter pylori,1,Helicobacter pylori,10.1016/j.bmc.2016.07.052,1,10.1016/j.bmc.2016.07.052,IC50,1,4.247183568811729,4.247183568811729,4.247183568811729,0.0,Unspecified,False,False,229.663,229.050570924,15,15,1.6111000000000002,55.585300000000025,60.769999999999996,3,2,3,1,1,0,0.3,354.27566688695373,0,1,5,0,0,1,0,217.56699999999998,2,4,c1ccccc1
UIREF-0654,NOXICBSZNGUENH-UHFFFAOYSA-N,CP(=O)(O)CNC(=O)CNC(=O)OCc1ccccc1,3,PubChem,1,"Proteus vulgaris|Sporosarcina pasteurii|Urease, unspecified origin",3,"Urease, unspecified origin",10.1021/jm800570q,1,10.1021/jm800570q,IC50|Ki,2,3.2703037561203843,3.1938200260161125,3.346787486224656,0.15296746020854357,Inactive|Unspecified,False,True,300.251,300.087508274,20,20,0.8866999999999995,73.38870000000003,104.73,4,3,6,1,1,0,0.3333333333333333,499.8289627658934,0,2,8,0,0,1,0,283.115,3,7,c1ccccc1
UIREF-0655,NPSBKPIWIVUDJS-UHFFFAOYSA-N,CCOc1ccc(C=C2C(=O)NC(=S)NC2=O)cc1,1,PubChem,1,Sporosarcina pasteurii,1,Sporosarcina pasteurii,10.1016/j.bmc.2014.05.057,1,10.1016/j.bmc.2014.05.057,IC50,1,4.531652669587842,4.531652669587842,4.531652669587842,0.0,Unspecified,False,False,276.317,276.056863244,19,19,0.9995999999999998,74.47140000000002,67.43,4,2,3,2,1,1,0.15384615384615385,541.7559908681899,0,2,6,0,1,1,0,264.221,2,5,O=C1NC(=S)NC(=O)C1=Cc1ccccc1
UIREF-0656,NPYCHOYFDQZMQU-UHFFFAOYSA-N,S=c1[nH]nc(Cn2c(C3CC3)nc3cc(Cl)c(Cl)cc32)o1,3,BindingDB|ChEMBL|PubChem,3,Canavalia ensiformis,1,Canavalia ensiformis,10.1016/j.bmcl.2017.05.019|CHEMBL4033708,2,10.1016/j.bmcl.2017.05.019,IC50,3,5.872895201635192,5.872895201635192,5.872895201635192,0.0,Active,True,False,341.223,339.9952373,21,21,4.314390000000002,82.51770000000002,59.64,4,1,3,4,3,1,0.3076923076923077,893.3388000688501,0,0,8,2,0,1,1,331.14300000000003,1,5,S=c1[nH]nc(Cn2c(C3CC3)nc3ccccc32)o1
UIREF-0657,NQXHYCLLEXUMMB-UHFFFAOYSA-N,Cc1ccc(NC(=S)Nc2ccccc2SSc2ccccc2NC(=S)Nc2ccc(C)cc2)cc1,3,BindingDB|ChEMBL|PubChem,3,Canavalia ensiformis,1,Canavalia ensiformis,10.1016/j.bmc.2015.10.017|CHEMBL3627633,2,10.1016/j.bmc.2015.10.017,IC50,3,5.853871964321762,5.853871964321762,5.853871964321762,0.0,Active,True,False,546.8120000000002,546.104030832,36,36,8.720640000000001,166.64279999999974,48.12,4,4,7,4,4,0,0.07142857142857142,1233.523208342513,0,0,8,0,0,4,0,520.6040000000004,4,4,S=C(Nc1ccccc1)Nc1ccccc1SSc1ccccc1NC(=S)Nc1ccccc1
UIREF-0658,NROZYHTZQPNVSC-UHFFFAOYSA-N,O=C(NC(=S)Nc1ccccc1C(F)(F)F)c1ccccc1,3,BindingDB|ChEMBL|PubChem,3,Canavalia ensiformis,1,Canavalia ensiformis,10.1016/j.ejmech.2013.10.012|CHEMBL3085707,2,10.1016/j.ejmech.2013.10.012,IC50,3,4.4179366370882915,4.4179366370882915,4.4179366370882915,0.0,Active|Unspecified,True,False,324.327,324.054418632,22,22,3.832200000000001,81.5729,41.13,2,2,2,2,2,0,0.06666666666666667,686.6869570809503,0,1,7,0,0,2,0,313.23900000000003,2,3,O=C(NC(=S)Nc1ccccc1)c1ccccc1
UIREF-0659,NRPZGLKEDFMGDF-UHFFFAOYSA-N,COc1ccc(NC(=S)Nc2cccc(Cl)c2)cc1,3,BindingDB|ChEMBL|PubChem,3,Canavalia ensiformis,1,Canavalia ensiformis,10.1016/j.ejmech.2014.01.001|CHEMBL3120147,2,10.1016/j.ejmech.2014.01.001,IC50,3,4.5292955702772115,4.5292955702772115,4.5292955702772115,0.0,Active|Unspecified,True,False,292.791,292.043711716,19,19,4.157500000000002,84.28940000000001,33.29,2,2,3,2,2,0,0.07142857142857142,571.9135769007231,0,0,5,0,0,2,0,279.687,2,3,S=C(Nc1ccccc1)Nc1ccccc1
UIREF-0660,NSCJUWKPRSAOLY-UHFFFAOYSA-N,COc1cccc(NC(=S)NCC(=O)NC(C(=O)NCC(=O)NC(C(=O)N2CCCC2C(=O)N2CCN(c3nsc4ccccc34)CC2)C(C)C)C(C)C)c1,2,BindingDB|ChEMBL,2,Canavalia ensiformis,1,Canavalia ensiformis,10.1016/j.ejmech.2014.09.098|CHEMBL3352339,2,CHEMBL3352339,IC50,2,4.638272163982407,4.638272163982407,4.638272163982407,0.0,Active,True,False,794.0169999999999,793.340372352,55,55,2.3289000000000044,216.9124999999994,177.34000000000003,10,5,14,5,3,2,0.5,1862.1825248817186,0,5,17,1,2,2,0,742.6089999999998,5,15,O=C(CNC(=O)CNC(=S)Nc1ccccc1)NCC(=O)NCC(=O)N1CCCC1C(=O)N1CCN(c2nsc3ccccc23)CC1
UIREF-0661,NSYSXUJOMHQGEP-JTQLQIEISA-N,C[C@H]1COc2c(N3CCN(C)CC3)c(F)cc3c(=O)c(C(O)=NO)cn1c23,1,PubChem,1,Proteus mirabilis,1,Proteus mirabilis,,0,,IC50,0,,,,,Active,True,False,376.38800000000003,376.154683372,27,27,1.5395999999999994,99.03430000000003,90.53,6,2,2,4,2,2,0.4444444444444444,995.2447923939874,0,0,9,1,2,1,0,355.2200000000001,2,8,O=c1ccn2c3c(c(N4CCNCC4)ccc13)OCC2
UIREF-0662,NTAASJMKCQQJSZ-UHFFFAOYSA-N,CNC(=O)c1cn(C2CC2)c2cc(N3CCN(C(=O)c4cc(OC)c(OC)c(OC)c4)CC3)c(F)cc2c1=O,1,PubChem,1,Proteus mirabilis,1,Proteus mirabilis,,0,,IC50,0,,,,,Active,True,False,538.5760000000004,538.2227629319999,39,39,2.8233000000000015,144.04169999999985,102.34,7,1,7,5,3,2,0.39285714285714285,1483.149732099894,0,2,11,1,1,2,1,507.32800000000043,1,10,O=C(c1ccccc1)N1CCN(c2ccc3c(=O)ccn(C4CC4)c3c2)CC1
UIREF-0663,NTAHABZOEHAJGW-UHFFFAOYSA-N,CCC=Nc1nc(-c2ccccc2)cs1,2,BindingDB|PubChem,2,"Canavalia ensiformis|Urease, unspecified origin",2,Canavalia ensiformis,,0,,IC50,1,4.689731633367552,4.689731633367552,4.689731633367552,0.0,Active|Inactive,True,True,216.30900000000003,216.072119384,15,15,3.9224000000000023,65.99300000000004,25.25,3,0,3,2,2,0,0.16666666666666666,445.65549589953673,0,0,3,1,0,1,0,204.213,0,2,c1ccc(-c2cscn2)cc1
UIREF-0664,NUDZQGUXCDSWLA-UHFFFAOYSA-N,CC(O)CCCCC(=O)c1c(O)cc(O)cc1O,1,BindingDB,1,Canavalia ensiformis,1,Canavalia ensiformis,10.3109/14756366.2010.528415,1,10.3109/14756366.2010.528415,IC50,1,4.632085261206248,4.632085261206248,4.632085261206248,0.0,Active,True,False,254.282,254.115423676,18,18,1.9273000000000002,65.91570000000003,97.99000000000001,5,4,6,1,1,0,0.46153846153846156,402.3849346307758,0,0,5,0,0,1,0,236.13799999999995,4,5,c1ccccc1
UIREF-0665,NUWNUNRECZGDII-UHFFFAOYSA-N,ON=C(O)COc1ccccc1,2,PubChem,1,Helicobacter pylori,1,Helicobacter pylori,10.1016/j.bmc.2018.07.003,1,10.1016/j.bmc.2018.07.003,IC50,1,3.8820661649603583,3.8820661649603583,3.8820661649603583,0.0,Inconclusive|Unspecified,False,False,167.16400000000002,167.058243148,12,12,1.4111,43.787300000000016,62.05000000000001,3,2,3,1,1,0,0.125,258.26529978753473,0,0,4,0,0,1,0,158.09199999999998,2,4,c1ccccc1
UIREF-0666,NVSHUMUGNUAIFE-UHFFFAOYSA-N,Cc1cccc(C)c1Nc1nnc(-c2ccc(Cl)cc2)s1,2,BindingDB|ChEMBL,2,Canavalia ensiformis,1,Canavalia ensiformis,10.1016/j.ejmech.2010.08.034|CHEMBL1275315,2,CHEMBL1275315,IC50,2,3.668167955563751,3.668167955563751,3.668167955563751,0.0,Active,True,False,315.82900000000006,315.059696128,21,21,5.218940000000002,89.5537,37.81,4,1,3,3,3,0,0.125,745.1981956714404,0,0,5,1,0,2,0,301.717,1,3,c1ccc(Nc2nnc(-c3ccccc3)s2)cc1
UIREF-0667,NVXHFOODAQXYBL-UHFFFAOYSA-N,CC(C)=CCn1c(O)c(N=NC(=O)c2ccc(C(F)(F)F)cc2)c2ccccc21,3,ChEMBL|PubChem,2,Helicobacter pylori,1,Helicobacter pylori,10.1016/j.bmcl.2018.08.025|CHEMBL4265894,2,10.1016/j.bmcl.2018.08.025,IC50|MIC,2,4.355561410532162,4.355561410532162,4.355561410532162,0.0,Active|Unspecified,True,False,401.38800000000003,401.13511147599996,29,29,6.256000000000005,103.32430000000001,66.94999999999999,3,1,4,3,3,0,0.19047619047619047,1106.6420127161266,0,1,8,1,0,2,0,383.24400000000014,1,5,O=C(N=Nc1c[nH]c2ccccc12)c1ccccc1
UIREF-0668,NVZQSWGCPBPFNA-UHFFFAOYSA-N,O=C(NC(=S)Nc1cccc(Cl)c1Cl)c1cccc(Cl)c1,3,BindingDB|ChEMBL|PubChem,3,Canavalia ensiformis,1,Canavalia ensiformis,10.1016/j.bmc.2016.07.042|CHEMBL3826920,2,10.1016/j.bmc.2016.07.042,IC50,3,5.71669877129645,5.71669877129645,5.71669877129645,0.0,Active,True,False,359.6650000000001,357.950116948,21,21,4.773600000000002,91.6009,41.13,2,2,2,2,2,0,0.0,706.3685173746051,0,1,7,0,0,2,0,350.59300000000013,2,3,O=C(NC(=S)Nc1ccccc1)c1ccccc1
UIREF-0669,NWBUWOYPNAGTJI-UHFFFAOYSA-N,O=c1[nH]c(=S)[nH]c(O)c1C=Nc1ccccc1S,2,BindingDB|PubChem,2,Canavalia ensiformis,1,Canavalia ensiformis,10.1016/j.bmc.2015.05.038,1,10.1016/j.bmc.2015.05.038,IC50,2,4.823908740944319,4.823908740944319,4.823908740944319,0.0,Active|Unspecified,True,False,279.346,279.01361852800005,18,18,2.1773900000000004,74.8602,81.24,5,4,2,2,2,0,0.0,718.7136439920536,0,0,7,1,0,1,0,270.27399999999994,3,5,O=c1[nH]c(=S)[nH]cc1C=Nc1ccccc1
UIREF-0670,NWQBDVNBEFVGNR-UHFFFAOYSA-N,C#CCOC(=O)c1cc(O)c(O)c(O)c1,1,PubChem,1,Sporosarcina pasteurii,1,Sporosarcina pasteurii,10.1016/j.bmcl.2019.02.032,1,10.1016/j.bmcl.2019.02.032,IC50,0,,,,,Inactive,False,True,208.16899999999998,208.037173356,15,15,0.5933999999999997,50.551900000000025,86.99000000000001,5,3,2,1,1,0,0.1,406.9242677733261,0,0,5,0,0,1,0,200.10499999999996,3,5,c1ccccc1
UIREF-0671,NWRVBUQIDLTUHI-UHFFFAOYSA-N,Cc1ccc(C=NNc2nc(-c3ccc(Br)cc3)cs2)cc1,1,PubChem,1,"Urease, unspecified origin",1,"Urease, unspecified origin",10.1016/j.ejmech.2022.114273,1,10.1016/j.ejmech.2022.114273,IC50,1,6.958607314841775,6.958607314841775,6.958607314841775,0.0,Active,True,False,372.29100000000005,371.00918054799996,22,22,5.327020000000003,97.64570000000002,37.28,4,1,4,3,3,0,0.058823529411764705,776.4235535748181,0,0,5,1,0,2,0,358.17900000000014,1,3,C(=NNc1nc(-c2ccccc2)cs1)c1ccccc1
UIREF-0672,NXAQIARGCXOUDE-UHFFFAOYSA-N,COc1ccccc1NC(=S)NCC(=O)NC(C(=O)NCC(=O)NC(C(=O)N1CCCC1C(=O)N1CCN(c2nsc3ccccc23)CC1)C(C)C)C(C)C,2,BindingDB|ChEMBL,2,Canavalia ensiformis,1,Canavalia ensiformis,10.1016/j.ejmech.2014.09.098|CHEMBL3352339,2,CHEMBL3352339,IC50,2,4.698970004336019,4.698970004336019,4.698970004336019,0.0,Active,True,False,794.0169999999998,793.3403723519999,55,55,2.3289000000000035,216.91249999999943,177.34000000000003,10,5,14,5,3,2,0.5,1862.1825248817186,0,5,17,1,2,2,0,742.6089999999998,5,15,O=C(CNC(=O)CNC(=S)Nc1ccccc1)NCC(=O)NCC(=O)N1CCCC1C(=O)N1CCN(c2nsc3ccccc23)CC1
UIREF-0673,NXJYESBMGAPBGE-UHFFFAOYSA-N,NC(=O)NNC(=O)Cc1c(O)[nH]c(=S)[nH]c1=O,1,PubChem,1,"Urease, unspecified origin",1,"Urease, unspecified origin",10.1016/j.bmc.2020.115759,1,10.1016/j.bmc.2020.115759,IC50,1,4.567030709125595,4.567030709125595,4.567030709125595,0.0,Unspecified,False,False,259.247,259.037524768,17,17,-1.6199100000000004,58.477999999999994,153.1,5,6,2,1,1,0,0.14285714285714285,562.1178608076365,0,3,10,1,0,0,0,250.17499999999998,7,9,O=c1cc[nH]c(=S)[nH]1
UIREF-0674,NXTDAODSZSXXAY-UHFFFAOYSA-N,NCC(=O)NCC(O)=NO,2,ChEMBL|PubChem,2,Helicobacter pylori,1,Helicobacter pylori,10.1021/jm800570q|CHEMBL1140057,2,CHEMBL1140057,IC50,2,6.102372908709558,6.102372908709558,6.102372908709558,0.0,Active,True,False,147.134,147.064391148,10,10,-1.592999999999999,33.91439999999999,107.94000000000001,4,4,3,0,0,0,0.5,144.68324254705826,0,1,6,0,0,0,0,138.06199999999998,5,6,
UIREF-0675,NYDUGYLWQRRRLE-UHFFFAOYSA-N,COc1cc(C=CC(=O)OCCc2ccc(F)cc2)ccc1O,1,PubChem,1,Sporosarcina pasteurii,1,Sporosarcina pasteurii,10.1016/j.bmcl.2019.02.032,1,10.1016/j.bmcl.2019.02.032,IC50,0,,,,,Inactive,False,True,316.328,316.111087244,23,23,3.3390000000000026,84.75580000000004,55.760000000000005,4,1,6,2,2,0,0.16666666666666666,692.6678153170712,0,0,5,0,0,2,0,299.192,1,4,O=C(C=Cc1ccccc1)OCCc1ccccc1
UIREF-0676,NYGPOVNEODXNED-GRSHGNNSSA-N,COc1cc(/C=N\N=c2[nH]c(O)cs2)ccc1OCc1ccccc1,1,BindingDB,1,Sporosarcina pasteurii,1,Sporosarcina pasteurii,10.1016/j.bioorg.2015.10.005,1,10.1016/j.bioorg.2015.10.005,IC50,1,4.161654731224009,4.161654731224009,4.161654731224009,0.0,Active,True,False,355.41900000000015,355.09906240400005,25,25,3.3042000000000016,97.25950000000002,79.2,6,2,6,3,3,0,0.1111111111111111,916.5706551122818,0,0,7,1,0,2,0,338.28300000000013,2,6,C(=NN=c1[nH]ccs1)c1ccc(OCc2ccccc2)cc1
UIREF-0677,NYGPOVNEODXNED-VXLYETTFSA-N,COc1cc(/C=N/N=c2[nH]c(O)cs2)ccc1OCc1ccccc1,1,BindingDB,1,Sporosarcina pasteurii,1,Sporosarcina pasteurii,10.1016/j.bioorg.2015.10.005,1,10.1016/j.bioorg.2015.10.005,IC50,1,4.313900228004084,4.313900228004084,4.313900228004084,0.0,Active,True,False,355.41900000000015,355.09906240400005,25,25,3.3042000000000016,97.25950000000002,79.2,6,2,6,3,3,0,0.1111111111111111,916.5706551122818,0,0,7,1,0,2,0,338.28300000000013,2,6,C(=NN=c1[nH]ccs1)c1ccc(OCc2ccccc2)cc1
UIREF-0678,NYNPHYAHCLMSAO-UHFFFAOYSA-N,O=C(NC(=S)NCc1ccccc1)c1cccc(Cl)c1,3,BindingDB|ChEMBL|PubChem,3,Canavalia ensiformis,1,Canavalia ensiformis,10.1016/j.bmc.2016.07.042|CHEMBL3826920,2,10.1016/j.bmc.2016.07.042,IC50,3,4.785156151952302,4.785156151952302,4.785156151952302,0.0,Active|Unspecified,True,False,304.802,304.043711716,20,20,3.1445000000000016,84.79790000000003,41.13,2,2,3,2,2,0,0.06666666666666667,616.2803953298031,0,1,5,0,0,2,0,291.698,2,3,O=C(NC(=S)NCc1ccccc1)c1ccccc1
UIREF-0679,NYZBLRXVQVPGGS-BHGWPJFGSA-N,CN(C)c1ccc(/C=N/NC(=O)Cn2c(C3CC3)nc3cc(Cl)c(Cl)cc32)cc1,3,BindingDB|ChEMBL|PubChem,3,Canavalia ensiformis,1,Canavalia ensiformis,10.1016/j.bmcl.2017.05.019|CHEMBL4033708,2,10.1016/j.bmcl.2017.05.019,IC50,3,5.826813731587726,5.826813731587726,5.826813731587726,0.0,Active,True,False,430.3390000000001,429.112315652,29,29,4.436800000000003,118.2337,62.52,4,1,6,4,3,1,0.2857142857142857,1084.6396758403926,0,1,8,1,0,2,1,409.17100000000016,1,6,O=C(Cn1c(C2CC2)nc2ccccc21)NN=Cc1ccccc1
UIREF-0680,NZLRHPZUWPBJET-UHFFFAOYSA-N,Cc1ccc(S(=O)(=O)N(CC(O)=NO)c2cccc([N+](=O)[O-])c2)cc1,1,PubChem,1,Helicobacter pylori,1,Helicobacter pylori,10.1016/j.bmcl.2022.129043,1,10.1016/j.bmcl.2022.129043,IC50,1,5.228412519118745,5.228412519118745,5.228412519118745,0.0,Active,True,False,365.3670000000001,365.0681562,25,25,2.4442200000000005,90.65750000000001,133.34,6,2,6,2,2,0,0.13333333333333333,909.1188669348843,0,0,10,0,0,2,0,350.2470000000001,2,9,O=S(=O)(Nc1ccccc1)c1ccccc1
UIREF-0681,NZXDKLUKNYBIRX-UHFFFAOYSA-N,O=C(Cc1c(O)[nH]c(=S)[nH]c1=O)Nc1ccc(F)cc1,1,PubChem,1,"Urease, unspecified origin",1,"Urease, unspecified origin",10.1016/j.bmc.2020.115759,1,10.1016/j.bmc.2020.115759,IC50,1,4.353400248279627,4.353400248279627,4.353400248279627,0.0,Unspecified,False,False,295.295,295.0426904,20,20,1.4583899999999999,72.6459,97.97999999999999,4,4,3,2,2,0,0.08333333333333333,751.7782437766771,0,1,8,1,0,1,0,285.21500000000003,4,6,O=C(Cc1c[nH]c(=S)[nH]c1=O)Nc1ccccc1
UIREF-0682,OBENDWOJIFFDLZ-UHFFFAOYSA-N,Cc1cc(C)n(CO)n1,2,BindingDB|ChEMBL,2,Canavalia ensiformis,1,Canavalia ensiformis,10.1007/s00044-011-9804-0|CHEMBL3045895,2,CHEMBL3045895,IC50,2,4.0254883072626715,4.0254883072626715,4.0254883072626715,0.0,Active,True,False,126.159,126.07931294,9,9,0.44974,33.919799999999995,38.05,2,1,1,1,1,0,0.5,204.82281909596477,0,0,3,1,0,0,0,116.079,1,3,c1cn[nH]c1
UIREF-0683,OBSUVJLLWFSHAL-UHFFFAOYSA-N,Oc1[nH]c2ccc(F)cc2c1N=NC(=S)Nc1ccccc1,2,BindingDB|ChEMBL,2,Canavalia ensiformis,1,Canavalia ensiformis,10.1007/s00044-013-0575-7|CHEMBL3044957,2,CHEMBL3044957,IC50,2,3.464794520529413,3.464794520529413,3.464794520529413,0.0,Active,True,False,314.345,314.063760192,22,22,4.493300000000002,87.10019999999999,72.77,3,3,2,3,3,0,0.0,860.6098802444084,0,0,7,1,0,2,0,303.25700000000006,3,5,S=C(N=Nc1c[nH]c2ccccc12)Nc1ccccc1
UIREF-0684,OFIYSEZTSKZNTP-UHFFFAOYSA-N,CC(=O)N1CCN(c2cc3c(cc2F)c(=O)c(C(=O)NN)cn3C2CC2)CC1,1,PubChem,1,Proteus mirabilis,1,Proteus mirabilis,,0,,IC50,0,,,,,Active,True,False,387.4150000000002,387.17066778400005,28,28,0.7475,102.55760000000002,100.66999999999999,5,2,3,4,2,2,0.42105263157894735,1022.3815469758423,0,2,9,1,1,1,1,365.2390000000001,3,8,O=c1ccn(C2CC2)c2cc(N3CCNCC3)ccc12
UIREF-0685,OHHMSOLEWGEEKZ-UHFFFAOYSA-N,N#CC1C(=N)Oc2[nH]c(=O)[nH]c(=O)c2C1c1ccc(Cl)cc1,2,BindingDB|ChEMBL,2,Canavalia ensiformis,1,Canavalia ensiformis,35694689.0|CHEMBL5241112,2,CHEMBL5241112,IC50,2,4.3040807471686,4.3040807471686,4.3040807471686,0.0,Active,True,False,316.704,316.03631782800005,22,22,1.3579499999999998,78.4361,122.58999999999997,5,3,1,3,2,1,0.14285714285714285,907.410797817204,0,0,8,1,1,1,0,307.632,3,7,N=C1CC(c2ccccc2)c2c([nH]c(=O)[nH]c2=O)O1
UIREF-0686,OHQNMAMZKVYOQV-UHFFFAOYSA-N,CC(C(=O)O)n1[se]c2ccccc2c1=O,4,PubChem,1,Helicobacter pylori|Sporosarcina pasteurii,2,Helicobacter pylori,10.1021/acs.jmedchem.6b00986,1,10.1021/acs.jmedchem.6b00986,IC50|Ki,3,3.7077439286435236,3.213958789757446,6.0539409396148764,2.8399821498574305,Active|Inactive|Unspecified,True,True,270.146,270.97476444800003,15,15,0.7041,57.49480000000002,59.3,2,1,2,2,2,0,0.2,569.296342993382,0,0,5,1,0,1,0,261.07399999999996,1,4,O=c1[nH][se]c2ccccc12
UIREF-0687,OICGSNJNDYLOSO-UHFFFAOYSA-N,O=C(NC(=S)NCc1ccccc1Cl)c1ccccc1,3,BindingDB|ChEMBL|PubChem,3,Canavalia ensiformis,1,Canavalia ensiformis,10.1016/j.ejmech.2013.10.012|CHEMBL3085707,2,10.1016/j.ejmech.2013.10.012,IC50,3,4.452471423540218,4.452471423540218,4.452471423540218,0.0,Active|Unspecified,True,False,304.802,304.043711716,20,20,3.1445000000000016,84.79790000000001,41.13,2,2,3,2,2,0,0.06666666666666667,616.2803953298032,0,1,5,0,0,2,0,291.69800000000004,2,3,O=C(NC(=S)NCc1ccccc1)c1ccccc1
UIREF-0688,OIYBUYYLVYVALO-UHFFFAOYSA-N,NNC(=O)Cc1c(O)[nH]c(=S)[nH]c1=O,1,PubChem,1,"Urease, unspecified origin",1,"Urease, unspecified origin",10.1016/j.bmc.2020.115759,1,10.1016/j.bmc.2020.115759,IC50,1,4.219610671529047,4.219610671529047,4.219610671529047,0.0,Unspecified,False,False,216.222,216.031711116,14,14,-1.3295100000000004,49.94629999999999,123.99999999999997,5,5,2,1,1,0,0.16666666666666666,462.8798005285702,0,1,8,1,0,0,0,208.158,6,7,O=c1cc[nH]c(=S)[nH]1
UIREF-0689,OJFQYWJSQVDTIE-UHFFFAOYSA-N,ON=C(O)COc1ccccc1Cl,2,PubChem,1,Helicobacter pylori,1,Helicobacter pylori,10.1016/j.bmc.2018.07.003,1,10.1016/j.bmc.2018.07.003,IC50,1,4.105130343254747,4.105130343254747,4.105130343254747,0.0,Inconclusive|Unspecified,False,False,201.609,201.019270796,13,13,2.0645,48.79730000000002,62.05000000000001,3,2,3,1,1,0,0.125,314.0123782932826,0,0,5,0,0,1,0,193.545,2,4,c1ccccc1
UIREF-0690,OJGXSPXNGOVDNO-ZWKOTPCHSA-N,COc1cc(CC[C@@H](O)C[C@@H](O)CCc2ccc(O)cc2)cc(OC)c1O,1,PubChem,1,"Urease, unspecified origin",1,"Urease, unspecified origin",10.1039/d3md00645j,1,10.1039/d3md00645j,IC50,1,3.6414940885097646,3.6414940885097646,3.6414940885097646,0.0,Unspecified,False,False,376.44900000000007,376.18858861599995,27,27,2.7923000000000013,102.59020000000004,99.38000000000001,6,4,10,2,2,0,0.42857142857142855,688.1069259533252,0,0,6,0,0,2,0,348.22500000000014,4,6,c1ccc(CCCCCCCc2ccccc2)cc1
UIREF-0691,OJLQWDQUOMNSFY-UHFFFAOYSA-N,O=C(O)CCCNC(=O)c1ccccc1[Se][Se]c1ccccc1C(=O)NCCCC(=O)O,4,PubChem,1,Helicobacter pylori|Sporosarcina pasteurii,2,Helicobacter pylori,10.1021/acs.jmedchem.6b00986,1,10.1021/acs.jmedchem.6b00986,IC50|Ki,3,4.450996737974212,3.3757179041643317,4.82102305270683,1.4453051485424986,Inactive|Unspecified,False,True,570.3620000000002,571.9964790880001,32,32,0.15000000000000074,122.06600000000006,132.79999999999998,4,4,13,2,2,0,0.2727272727272727,889.4421559023178,0,2,10,0,0,2,0,546.1700000000003,4,8,c1ccc([Se][Se]c2ccccc2)cc1
UIREF-0692,OJQQGGLLQBAHPR-UHFFFAOYSA-N,CCc1nc2cc([N+](=O)[O-])ccc2n1S(=O)(=O)c1ccc(C)cc1,2,ChEMBL|PubChem,2,Canavalia ensiformis,1,Canavalia ensiformis,10.1016/j.ejmech.2022.114273|CHEMBL5137004,2,CHEMBL5137004,IC50,2,4.507239610973162,4.507239610973162,4.507239610973162,0.0,Active|Unspecified,True,False,345.38000000000005,345.07832696,24,24,3.0523200000000017,89.52820000000003,95.1,5,0,4,3,3,0,0.1875,1037.1198135869784,0,0,8,1,0,2,0,330.26000000000016,0,7,O=S(=O)(c1ccccc1)n1cnc2ccccc21
UIREF-0693,OLBMMGNYDILXAG-UHFFFAOYSA-N,COc1cc(C(O)CC(=O)N(C)O)ccc1OCc1ccccc1,1,PubChem,1,Helicobacter pylori,1,Helicobacter pylori,10.1016/j.bmc.2016.07.052,1,10.1016/j.bmc.2016.07.052,IC50,1,3.58838029403677,3.58838029403677,3.58838029403677,0.0,Unspecified,False,False,331.368,331.14197277200003,24,24,2.545300000000001,87.90130000000003,79.23,5,2,7,2,2,0,0.2777777777777778,672.3642670497132,0,1,6,0,0,2,0,310.20000000000005,2,6,c1ccc(COc2ccccc2)cc1
UIREF-0694,OLKAZOSRXWPGPU-UHFFFAOYSA-N,Oc1cc(O)c2c(c1)OC(c1ccccc1)C=C2,1,PubChem,1,Helicobacter pylori,1,Helicobacter pylori,10.1016/j.ejmech.2013.03.016,1,10.1016/j.ejmech.2013.03.016,IC50,1,4.478861916295964,4.478861916295964,4.478861916295964,0.0,Unspecified,False,False,240.258,240.078644244,18,18,3.244700000000001,68.61660000000003,49.69,3,2,1,3,2,1,0.06666666666666667,602.6358209515272,0,0,3,0,1,2,0,228.16199999999995,2,3,C1=CC(c2ccccc2)Oc2ccccc21
UIREF-0695,OLZYCNWAKKJFCL-UHFFFAOYSA-N,Cc1ccc(N=C2C(=O)Nc3ccc(S(=O)(=O)O)cc32)cc1N=C1C(=O)Nc2ccc(S(=O)(=O)O)cc21,1,ChEMBL,1,Canavalia ensiformis,1,Canavalia ensiformis,CHEMBL3817741,1,CHEMBL3817741,IC50,1,4.598599459218456,4.598599459218456,4.598599459218456,0.0,Active,True,False,540.5350000000002,540.040955472,37,37,2.634220000000001,133.34560000000002,191.65999999999997,8,4,4,5,3,2,0.043478260869565216,1827.0503702202905,0,2,14,0,2,3,0,524.4070000000003,4,12,O=C1Nc2ccccc2C1=Nc1cccc(N=C2C(=O)Nc3ccccc32)c1
UIREF-0696,ONBIBHYDOKLEQK-UHFFFAOYSA-N,ON=C(O)CNc1ccccc1Cl,2,PubChem,1,Helicobacter pylori,1,Helicobacter pylori,10.1016/j.ejmech.2018.06.065,1,10.1016/j.ejmech.2018.06.065,IC50,1,4.229884705212898,4.229884705212898,4.229884705212898,0.0,Inconclusive|Unspecified,False,False,200.625,200.035255208,13,13,2.0976,51.792000000000016,64.85000000000001,3,3,3,1,1,0,0.125,314.76726579544606,0,0,5,0,0,1,0,191.553,3,4,c1ccccc1
UIREF-0697,OOMNOJANKIBHMB-UHFFFAOYSA-N,Oc1[nH]c2ccc(F)cc2c1N=NC(=S)Nc1ccc(F)cc1F,1,ChEMBL,1,Canavalia ensiformis,1,Canavalia ensiformis,CHEMBL3044957,1,CHEMBL3044957,IC50,0,,,,,Active,True,False,350.32500000000005,350.044916568,24,24,4.771500000000001,87.01620000000001,72.77,3,3,2,3,3,0,0.0,970.7527226480466,0,0,9,1,0,2,0,341.25300000000004,3,5,S=C(N=Nc1c[nH]c2ccccc12)Nc1ccccc1
UIREF-0698,OOQUFEPOOQNRKM-UHFFFAOYSA-N,CCOC(=O)C1C(C)=NC(=S)NC1c1ccccc1,1,BindingDB,1,Canavalia ensiformis,1,Canavalia ensiformis,10.1016/j.bioorg.2015.12.007,1,10.1016/j.bioorg.2015.12.007,IC50,1,4.448550002027125,4.448550002027125,4.448550002027125,0.0,Active,True,False,276.36100000000005,276.093248752,19,19,2.2560000000000002,78.14870000000003,50.69,3,1,3,2,1,1,0.35714285714285715,513.4370662757784,0,0,5,0,1,1,0,260.233,1,4,S=C1N=CCC(c2ccccc2)N1
UIREF-0699,OPLYJQGAXQNACE-UHFFFAOYSA-N,NNC(=O)c1ccc(C(=O)Cn2nc(-c3ccccc3O)nc2-c2ccccc2O)cc1,2,ChEMBL|PubChem,2,Canavalia ensiformis,1,Canavalia ensiformis,10.1016/j.ejmech.2022.114273|CHEMBL5137004,2,CHEMBL5137004,IC50,2,5.488116639021126,5.488116639021126,5.488116639021126,0.0,Active,True,False,429.4360000000001,429.143704088,32,32,2.5097000000000005,116.64969999999997,143.36,7,4,6,4,4,0,0.043478260869565216,1298.0019322534731,0,1,9,1,0,3,0,410.2840000000002,5,9,O=C(Cn1nc(-c2ccccc2)nc1-c1ccccc1)c1ccccc1
UIREF-0700,OPODPBQULVPNHN-UHFFFAOYSA-N,COc1ccc(C(O)CC(O)=NO)cc1,2,PubChem,1,Helicobacter pylori,1,Helicobacter pylori,10.1016/j.ejmech.2013.07.047,1,10.1016/j.ejmech.2013.07.047,IC50,1,4.124360062995832,4.124360062995832,4.124360062995832,0.0,Inconclusive|Unspecified,False,False,211.217,211.084457896,15,15,1.4644,54.42110000000002,82.28,4,3,4,1,1,0,0.3,333.7805543891172,0,0,5,0,0,1,0,198.11299999999997,3,5,c1ccccc1
UIREF-0701,OQCZYBSOICBZNT-UHFFFAOYSA-N,NNC(=O)c1cn(C2CC2)c2cc(N3CCN(C(=O)c4ccccc4)CC3)c(F)cc2c1=O,1,PubChem,1,Proteus mirabilis,1,Proteus mirabilis,,0,,IC50,0,,,,,Inactive,False,True,449.4860000000002,449.186317848,33,33,2.041399999999999,122.64910000000005,100.66999999999999,5,2,4,5,3,2,0.2916666666666667,1294.9378100528274,0,2,9,1,1,2,1,425.29400000000027,3,8,O=C(c1ccccc1)N1CCN(c2ccc3c(=O)ccn(C4CC4)c3c2)CC1
UIREF-0702,OSSGJPWWGLLNMG-UHFFFAOYSA-N,CCCCNCP(=O)(O)CN,2,PubChem,1,Proteus mirabilis|Sporosarcina pasteurii,2,Sporosarcina pasteurii,10.1021/ml500380f,1,10.1021/ml500380f,Ki,2,4.80221450143959,4.586700235918748,5.017728766960431,0.43102853104168304,Active|Unspecified,True,False,180.188,180.10276441399998,11,11,0.5202,46.65740000000001,75.35,3,3,6,0,0,0,1.0,140.54397280068332,0,0,5,0,0,0,0,163.052,4,4,
UIREF-0703,OSSUAWPVRSUZFW-UHFFFAOYSA-N,O=C(O)c1cc(N=Cc2c(O)[nH]c(=S)[nH]c2=O)ccc1[N+](=O)[O-],2,BindingDB|PubChem,2,Canavalia ensiformis,1,Canavalia ensiformis,10.1016/j.bmc.2015.05.038,1,10.1016/j.bmc.2015.05.038,IC50,2,4.400553624274725,4.400553624274725,4.400553624274725,0.0,Active|Unspecified,True,False,336.2850000000001,336.016454976,23,23,1.4950899999999998,81.22190000000002,161.68,7,4,4,2,2,0,0.0,945.2975889821784,0,0,11,1,0,1,0,328.2210000000001,4,10,O=c1[nH]c(=S)[nH]cc1C=Nc1ccccc1
UIREF-0704,OTTOCAVLPLGCBR-UHFFFAOYSA-N,CCCCCCCCCCCC(=O)c1c(O)c2ccccc2oc1=O,1,BindingDB,1,Sporosarcina pasteurii,1,Sporosarcina pasteurii,10.1016/j.bioorg.2016.04.005,1,10.1016/j.bioorg.2016.04.005,IC50,1,4.767257937279263,4.767257937279263,4.767257937279263,0.0,Active,True,False,344.4510000000001,344.19875937599994,25,25,5.602200000000007,100.32330000000007,67.50999999999999,4,1,11,2,2,0,0.5238095238095238,745.1347267846579,0,0,4,1,0,1,0,316.22700000000003,1,4,O=c1ccc2ccccc2o1
UIREF-0705,OUMGRLVLNQMJPJ-UHFFFAOYSA-N,CN(Cc1ccccc1)CP(=O)(O)CN,2,PubChem,1,Proteus mirabilis|Sporosarcina pasteurii,2,Sporosarcina pasteurii,10.1021/ml500380f,1,10.1021/ml500380f,Ki,2,4.541021550428965,4.234331445240986,4.847711655616943,0.6133802103759569,Unspecified,False,False,228.2319999999999,228.10276441399998,15,15,1.2625,61.65570000000004,66.56,3,2,5,1,1,0,0.4,342.53544189128064,0,0,5,0,0,1,0,211.09599999999995,3,4,c1ccccc1
UIREF-0706,OUYWANSYAWDBTC-UHFFFAOYSA-N,O=C(NC(=S)Nc1ccc(Cl)c(Cl)c1)c1ccccc1,3,BindingDB|ChEMBL|PubChem,3,Canavalia ensiformis,1,Canavalia ensiformis,10.1016/j.ejmech.2013.10.012|CHEMBL3085707,2,10.1016/j.ejmech.2013.10.012,IC50,3,5.2588484011482155,5.2588484011482155,5.2588484011482155,0.0,Active,True,False,325.22,323.9890893,20,20,4.120200000000002,86.5909,41.13,2,2,2,2,2,0,0.0,646.8770925467023,0,1,6,0,0,2,0,315.1400000000001,2,3,O=C(NC(=S)Nc1ccccc1)c1ccccc1
UIREF-0707,OVJLLNJDEXZVSC-UHFFFAOYSA-N,O=C(NC(=S)Nc1cc(Cl)cc(Cl)c1)c1ccccc1,3,BindingDB|ChEMBL|PubChem,3,Canavalia ensiformis,1,Canavalia ensiformis,10.1016/j.ejmech.2013.10.012|CHEMBL3085707,2,10.1016/j.ejmech.2013.10.012,IC50,3,4.735182176990463,4.735182176990463,4.735182176990463,0.0,Active|Unspecified,True,False,325.22,323.9890893,20,20,4.120200000000002,86.5909,41.13,2,2,2,2,2,0,0.0,626.6270925467023,0,1,6,0,0,2,0,315.1400000000001,2,3,O=C(NC(=S)Nc1ccccc1)c1ccccc1
UIREF-0708,OVWYSTKMSPNBLW-UHFFFAOYSA-N,O=C(c1ccccc1)N1CCN(c2cc3c(cc2F)c(=O)c(C(O)=NO)cn3C2CC2)CC1,1,PubChem,1,Proteus mirabilis,1,Proteus mirabilis,,0,,IC50,0,,,,,Inactive,False,True,450.47000000000025,450.170333436,33,33,3.131700000000002,121.94780000000006,98.37,5,2,4,5,3,2,0.2916666666666667,1309.5290290253718,0,1,9,1,1,2,1,427.28600000000023,2,8,O=C(c1ccccc1)N1CCN(c2ccc3c(=O)ccn(C4CC4)c3c2)CC1
UIREF-0709,OWTTWSQTSRNFHY-UHFFFAOYSA-N,CC=CC=NNC(N)=S,5,BindingDB|ChEMBL|PubChem,3,Canavalia ensiformis,1,Canavalia ensiformis,10.1016/j.ejmech.2011.09.009|CHEMBL1909545,2,10.1016/j.ejmech.2011.09.009,IC50|Ki,5,6.127261172527332,6.127261172527332,6.366531544420413,0.2392703718930811,Active,True,False,143.215,143.051718288,9,9,0.3815,43.22710000000001,50.41,2,2,2,0,0,0,0.2,139.13853363889206,0,0,4,0,0,0,0,134.143,3,3,
UIREF-0710,OXAGYQXPUYZYEU-UHFFFAOYSA-N,O=S(=O)(Cl)c1ccc(NC(=S)Nc2ccccc2)cc1,1,ChEMBL,1,Canavalia ensiformis,1,Canavalia ensiformis,CHEMBL2434823,1,CHEMBL2434823,IC50,0,,,,,Active,True,False,326.83000000000004,325.995047272,20,20,3.423000000000001,85.7662,58.2,3,2,3,2,2,0,0.0,700.9108319833001,0,0,7,0,0,2,0,315.7420000000001,2,4,S=C(Nc1ccccc1)Nc1ccccc1
UIREF-0711,OXLYXJBZLVUHBV-RGVLZGJSSA-N,C/C(=N\NC(=S)Nc1ccccc1Br)c1cc2ccccc2o1,1,PubChem,1,"Urease, unspecified origin",1,"Urease, unspecified origin",,0,,IC50,0,,,,,Active,True,False,388.29000000000013,387.00409516799994,23,23,4.905900000000003,101.9234,49.56,3,2,3,3,3,0,0.058823529411764705,855.1856816401735,0,0,6,1,0,2,0,374.1780000000002,2,4,S=C(NN=Cc1cc2ccccc2o1)Nc1ccccc1
UIREF-0712,OXLYXJBZLVUHBV-UHFFFAOYSA-N,CC(=NNC(=S)Nc1ccccc1Br)c1cc2ccccc2o1,1,BindingDB,1,Canavalia ensiformis,1,Canavalia ensiformis,10.1016/j.bioorg.2015.06.004,1,10.1016/j.bioorg.2015.06.004,IC50,1,6.248720896016658,6.248720896016658,6.248720896016658,0.0,Active,True,False,388.29000000000013,387.00409516799994,23,23,4.905900000000003,101.9234,49.56,3,2,3,3,3,0,0.058823529411764705,855.1856816401735,0,0,6,1,0,2,0,374.1780000000002,2,4,S=C(NN=Cc1cc2ccccc2o1)Nc1ccccc1
UIREF-0713,OXOZGYCSZHAYNV-RMKNXTFCSA-N,COC(=O)/C(=C/c1ccc(F)cc1)C[PH](=O)O,2,PubChem,1,Sporosarcina pasteurii,1,Sporosarcina pasteurii,10.1016/j.ejmech.2017.03.070,1,10.1016/j.ejmech.2017.03.070,Ki,2,4.792889483392566,4.747146969020107,4.838631997765025,0.09148502874491804,Unspecified,False,False,258.18499999999995,258.045723714,17,17,1.8491000000000009,62.480300000000035,63.60000000000001,3,1,4,1,1,0,0.18181818181818182,453.0441646311535,0,0,6,0,0,1,0,246.08899999999994,1,4,c1ccccc1
UIREF-0714,OYTHPCMVZLHPIU-UHFFFAOYSA-N,CS(=O)(=O)c1c(O)c2ccccc2oc1=O,1,BindingDB,1,Sporosarcina pasteurii,1,Sporosarcina pasteurii,10.1016/j.bioorg.2016.04.005,1,10.1016/j.bioorg.2016.04.005,IC50,1,4.530914700876879,4.530914700876879,4.530914700876879,0.0,Active,True,False,240.236,240.009244356,16,16,0.9020999999999999,57.25860000000002,84.58000000000001,5,1,1,2,2,0,0.1,711.5570756202603,0,0,6,1,0,1,0,232.17199999999997,1,5,O=c1ccc2ccccc2o1
UIREF-0715,PBCHINDGXDDCEA-LEWJYISDSA-N,CC(=O)O[C@H](CCc1ccc(O)c(O)c1)C[C@H](CCc1ccc(O)cc1)OC(C)=O,1,PubChem,1,"Urease, unspecified origin",1,"Urease, unspecified origin",10.1039/d3md00645j,1,10.1039/d3md00645j,IC50,1,3.888401475119606,3.888401475119606,3.888401475119606,0.0,Unspecified,False,False,416.4700000000002,416.1835032359999,30,30,3.6223000000000036,110.24540000000005,113.29000000000002,7,3,10,2,2,0,0.391304347826087,845.1301657808459,0,0,7,0,0,2,0,388.2460000000002,3,7,c1ccc(CCCCCCCc2ccccc2)cc1
UIREF-0716,PCHFVIQSTZMWLL-UHFFFAOYSA-N,ON=C(O)COc1cc(Cl)ccc1Cl,2,PubChem,1,Helicobacter pylori,1,Helicobacter pylori,10.1016/j.bmc.2018.07.003,1,10.1016/j.bmc.2018.07.003,IC50,1,5.044793462458058,5.044793462458058,5.044793462458058,0.0,Active|Inconclusive,True,False,236.054,234.980298444,14,14,2.717900000000001,53.80730000000001,62.05000000000001,3,2,3,1,1,0,0.125,354.43967030834256,0,0,6,0,0,1,0,228.998,2,4,c1ccccc1
UIREF-0717,PCHVOLIMFCBRMJ-UHFFFAOYSA-N,CN(C)C(=S)N1CCOCC1,1,PubChem,1,Canavalia ensiformis,1,Canavalia ensiformis,10.1016/j.bmcl.2007.07.085,1,10.1016/j.bmcl.2007.07.085,Activity,0,,,,,Inactive,False,True,174.26899999999998,174.082684068,11,11,0.16510000000000002,48.677000000000035,15.71,2,0,0,1,0,1,0.8571428571428571,143.3759999531186,0,0,4,0,1,0,0,160.15699999999998,0,3,C1COCCN1
UIREF-0718,PCKKIWHTWRZYER-UHFFFAOYSA-N,O=C(NC(=S)NC1CCCCC1)c1cccc(Cl)c1,3,BindingDB|ChEMBL|PubChem,3,Canavalia ensiformis,1,Canavalia ensiformis,10.1016/j.bmc.2016.07.042|CHEMBL3826920,2,10.1016/j.bmc.2016.07.042,IC50,3,4.844663962534939,4.844663962534939,4.844663962534939,0.0,Active|Unspecified,True,False,296.823,296.075011844,19,19,3.277000000000002,81.52490000000004,41.13,2,2,2,2,1,1,0.42857142857142855,472.26869798152967,0,1,5,0,0,1,1,279.68699999999995,2,3,O=C(NC(=S)NC1CCCCC1)c1ccccc1
UIREF-0719,PDBUPNZIGMKVIC-UHFFFAOYSA-N,ON=C(O)COc1ccc(Cl)cc1,2,PubChem,1,Helicobacter pylori,1,Helicobacter pylori,10.1016/j.bmc.2018.07.003,1,10.1016/j.bmc.2018.07.003,IC50,1,5.899629454882437,5.899629454882437,5.899629454882437,0.0,Active|Inconclusive,True,False,201.609,201.019270796,13,13,2.0645,48.797300000000014,62.05000000000001,3,2,3,1,1,0,0.125,296.76237829328255,0,0,5,0,0,1,0,193.545,2,4,c1ccccc1
UIREF-0720,PDVGRNIFOABWRR-UHFFFAOYSA-N,CCOC(=O)c1ccc(NC(=S)NC(=O)c2ccccc2Br)cc1,2,BindingDB|PubChem,2,"Canavalia ensiformis|Urease, unspecified origin",2,Canavalia ensiformis,10.1016/j.bioorg.2013.10.001,1,10.1016/j.bioorg.2013.10.001,IC50,1,6.455931955649724,6.455931955649724,6.455931955649724,0.0,Active,True,False,407.28900000000004,405.99867544,24,24,3.752600000000002,100.22740000000003,67.43,4,2,4,2,2,0,0.11764705882352941,762.6859011144528,0,1,7,0,0,2,0,392.16900000000004,2,5,O=C(NC(=S)Nc1ccccc1)c1ccccc1
UIREF-0721,PDZZONNKCJWANX-UHFFFAOYSA-N,C(=Nc1nc(-c2ccccc2)cs1)c1c[nH]c2ccccc12,2,BindingDB|PubChem,2,"Canavalia ensiformis|Urease, unspecified origin",2,Canavalia ensiformis,,0,,IC50|Ki,1,5.0675262353228465,5.0675262353228465,5.0675262353228465,0.0,Active,True,False,303.39000000000004,303.083018416,22,22,5.0420000000000025,93.10270000000001,41.04,3,1,3,4,4,0,0.0,935.0529030606743,0,0,4,2,0,2,0,290.286,1,3,C(=Nc1nc(-c2ccccc2)cs1)c1c[nH]c2ccccc12
UIREF-0722,PFBQVGXIMLXCQB-VMPITWQZSA-N,CCOC(=O)/C=C/c1ccc([N+](=O)[O-])cc1,3,PubChem,1,Sporosarcina pasteurii,1,Sporosarcina pasteurii,10.1016/j.bmcl.2017.02.022,1,10.1016/j.bmcl.2017.02.022,Ki,0,,,,,Inactive,False,True,221.212,221.068807832,16,16,2.1711,58.76340000000002,69.44,4,0,4,1,1,0,0.18181818181818182,408.4976686144018,0,0,5,0,0,1,0,210.12399999999997,0,5,c1ccccc1
UIREF-0723,PFSRMJFSCQVLIF-ACCUITESSA-N,COC(=O)/C(=C/c1ccccc1)CCCCP(=O)(O)O,3,PubChem,1,Sporosarcina pasteurii,1,Sporosarcina pasteurii,10.1016/j.ejmech.2018.09.074,1,10.1016/j.ejmech.2018.09.074,IC50|Ki,3,4.267606240177032,4.259637310505756,4.296708621881339,0.03707131137558317,Unspecified,False,False,298.275,298.097010338,20,20,2.591000000000002,77.19710000000003,83.83000000000001,3,2,7,1,1,0,0.35714285714285715,503.5553649436605,0,0,6,0,0,1,0,279.123,2,5,c1ccccc1
UIREF-0724,PGBPNHVHZBAAGQ-RGVLZGJSSA-N,C/C(=N\NC(=S)Nc1ccccc1F)c1cc2ccccc2o1,1,PubChem,1,"Urease, unspecified origin",1,"Urease, unspecified origin",,0,,IC50,0,,,,,Active,True,False,327.38400000000007,327.08416128799996,23,23,4.282500000000002,94.1814,49.56,3,2,3,3,3,0,0.058823529411764705,855.1856816401735,0,0,6,1,0,2,0,313.27200000000005,2,4,S=C(NN=Cc1cc2ccccc2o1)Nc1ccccc1
UIREF-0725,PGBPNHVHZBAAGQ-UHFFFAOYSA-N,CC(=NNC(=S)Nc1ccccc1F)c1cc2ccccc2o1,1,BindingDB,1,Canavalia ensiformis,1,Canavalia ensiformis,10.1016/j.bioorg.2015.06.004,1,10.1016/j.bioorg.2015.06.004,IC50,1,6.493494967595128,6.493494967595128,6.493494967595128,0.0,Active,True,False,327.38400000000007,327.08416128799996,23,23,4.282500000000002,94.1814,49.56,3,2,3,3,3,0,0.058823529411764705,855.1856816401735,0,0,6,1,0,2,0,313.27200000000005,2,4,S=C(NN=Cc1cc2ccccc2o1)Nc1ccccc1
UIREF-0726,PGDKHZPBAJYBCS-UHFFFAOYSA-N,Cc1ccc(-n2c(-c3cccc([N+](=O)[O-])c3)n[nH]c2=S)c(C)c1,2,BindingDB|ChEMBL,2,Canavalia ensiformis,1,Canavalia ensiformis,10.1016/j.ejmech.2010.08.034|CHEMBL1275315,2,CHEMBL1275315,IC50,2,4.341035157335565,4.341035157335565,4.341035157335565,0.0,Active,True,False,326.3810000000001,326.08374668799996,23,23,4.1219300000000025,90.3131,76.75,4,1,3,3,3,0,0.125,958.7092437543425,0,0,7,1,0,2,0,312.26900000000006,1,6,S=c1[nH]nc(-c2ccccc2)n1-c1ccccc1
UIREF-0727,PGMCAQXJGRLJTN-UHFFFAOYSA-N,NS(=O)(=O)c1ccc(NC(=S)NC(=O)c2ccc(Cl)cc2)cc1,2,BindingDB|ChEMBL,2,Canavalia ensiformis,1,Canavalia ensiformis,10.1007/s00044-012-0376-4|CHEMBL3045259,2,CHEMBL3045259,Ki,2,6.698970004336019,6.698970004336019,6.698970004336019,0.0,Active,True,False,369.855,369.000860924,23,23,2.1142000000000003,92.9541,101.28999999999999,4,3,3,2,2,0,0.0,834.5761428275019,0,1,9,0,0,2,0,357.7590000000001,4,6,O=C(NC(=S)Nc1ccccc1)c1ccccc1
UIREF-0728,PGOGPNBCKVVBJX-RMKNXTFCSA-N,COC(=O)/C(=C/c1ccc(Cl)cc1)CP(=O)(O)O,2,PubChem,1,Sporosarcina pasteurii,1,Sporosarcina pasteurii,10.1016/j.ejmech.2017.03.070,1,10.1016/j.ejmech.2017.03.070,Ki,2,4.070771104894305,4.051098239029787,4.090443970758825,0.039345731729038214,Unspecified,False,False,290.639,290.011087794,18,18,2.0741000000000005,68.35610000000001,83.83000000000001,3,2,4,1,1,0,0.18181818181818182,502.6697866735077,0,0,7,0,0,1,0,278.543,2,5,c1ccccc1
UIREF-0729,PGZUBEDRAVVQFV-UHFFFAOYSA-N,COC(=O)C(CC(C)C)n1[se]c2ccccc2c1=O,8,PubChem,1,Helicobacter pylori|Sporosarcina pasteurii,2,Helicobacter pylori,10.1021/acs.jmedchem.6b00986,1,10.1021/acs.jmedchem.6b00986,IC50|Ki,7,5.481486060122112,4.120904120499927,7.583359492661719,3.4624553721617923,Active|Inactive|Unspecified,True,True,326.254,327.037364704,19,19,1.8186999999999998,75.65600000000003,48.3,3,0,4,2,2,0,0.42857142857142855,641.4236497828564,0,0,5,1,0,1,0,309.11800000000005,0,4,O=c1[nH][se]c2ccccc12
UIREF-0730,PHWQNZAVSFPPSG-UHFFFAOYSA-N,NC(=S)N1N=C(c2cc3ccccc3oc2=O)CC1c1ccccc1,2,BindingDB|ChEMBL,2,Canavalia ensiformis,1,Canavalia ensiformis,10.1016/j.bmc.2019.06.033|CHEMBL4385627,2,CHEMBL4385627,IC50,2,6.446116973356125,6.446116973356125,6.446116973356125,0.0,Active,True,False,349.4150000000001,349.08849772,25,25,3.1877000000000013,101.44539999999999,71.83,4,1,2,4,3,1,0.10526315789473684,1043.2234904066547,0,0,6,1,1,2,0,334.29500000000013,2,5,O=c1oc2ccccc2cc1C1=NNC(c2ccccc2)C1
UIREF-0731,PHWRKQAINYWMHT-UHFFFAOYSA-N,COc1cc(C=C2C(=O)NC(=S)NC2=O)cc(OC)c1O,1,PubChem,1,Sporosarcina pasteurii,1,Sporosarcina pasteurii,10.1016/j.bmc.2014.05.057,1,10.1016/j.bmc.2014.05.057,IC50,1,4.3325470471100465,4.3325470471100465,4.3325470471100465,0.0,Unspecified,False,False,308.31500000000005,308.04669248399995,21,21,0.3236999999999998,78.07120000000002,96.89000000000001,6,3,3,2,1,1,0.15384615384615385,621.5206201968899,0,2,8,0,1,1,0,296.21900000000005,3,7,O=C1NC(=S)NC(=O)C1=Cc1ccccc1
UIREF-0732,PIBNVODHNJQNJH-UHFFFAOYSA-N,Cc1ccccc1NC(=S)NNC(=O)c1ccc(-c2nc3ccccc3s2)cc1,1,BindingDB,1,Canavalia ensiformis,1,Canavalia ensiformis,10.1016/j.bioorg.2016.03.010,1,10.1016/j.bioorg.2016.03.010,IC50,1,5.130768280269024,5.130768280269024,5.130768280269024,0.0,Active,True,False,418.54700000000014,418.09220319599996,29,29,4.903120000000003,123.05760000000001,66.05,4,3,3,4,4,0,0.045454545454545456,1151.8791119535647,0,1,7,1,0,3,0,400.4030000000002,3,5,O=C(NNC(=S)Nc1ccccc1)c1ccc(-c2nc3ccccc3s2)cc1
UIREF-0733,PLJJSLDMQXVPJE-UHFFFAOYSA-N,O=C(NC(=S)Nc1ccc(Cl)cc1)c1cccc(Cl)c1,3,BindingDB|ChEMBL|PubChem,3,Canavalia ensiformis,1,Canavalia ensiformis,10.1016/j.bmc.2016.07.042|CHEMBL3826920,2,10.1016/j.bmc.2016.07.042,IC50,3,4.931814138253839,4.931814138253839,4.931814138253839,0.0,Active|Unspecified,True,False,325.22,323.9890893,20,20,4.120200000000001,86.59090000000002,41.13,2,2,2,2,2,0,0.0,643.8770925467023,0,1,6,0,0,2,0,315.14000000000004,2,3,O=C(NC(=S)Nc1ccccc1)c1ccccc1
UIREF-0734,PMBZETPSODIEQH-UHFFFAOYSA-N,O=c1c2ccccc2nc(Cc2ccccc2)n1Cc1nnc(Nc2ccc([N+](=O)[O-])cc2)s1,1,PubChem,1,"Urease, unspecified origin",1,"Urease, unspecified origin",10.1016/j.ejmech.2022.114273,1,10.1016/j.ejmech.2022.114273,IC50,0,,,,,Unspecified,False,False,470.5140000000001,470.11610943600004,34,34,4.538900000000003,130.64110000000002,115.84,8,1,7,5,5,0,0.08333333333333333,1530.454255835925,0,0,10,2,0,3,0,452.3700000000002,1,9,O=c1c2ccccc2nc(Cc2ccccc2)n1Cc1nnc(Nc2ccccc2)s1
UIREF-0735,PMYBUPADNQZBSE-UHFFFAOYSA-N,COc1ccc(Cl)cc1-n1[se]c2ccccc2c1=O,3,PubChem,1,Proteus mirabilis|Sporosarcina pasteurii,2,Proteus mirabilis,10.1021/acs.jmedchem.2c01799,1,10.1021/acs.jmedchem.2c01799,IC50|IC90|Ki,2,8.223684140377962,7.6595558851598815,8.787812395596042,1.1282565104361604,Active,True,False,338.65200000000004,338.95652753999997,19,19,2.7097000000000007,78.04700000000004,31.23,2,0,2,3,3,0,0.07142857142857142,806.5563336743082,0,0,5,1,0,2,0,328.5720000000001,0,3,O=c1c2ccccc2[se]n1-c1ccccc1
UIREF-0736,PPGJXXBYSGZKDK-AATRIKPKSA-N,CCOC(=O)/C=C/C(=O)C(=O)OCC,3,PubChem,1,Sporosarcina pasteurii,1,Sporosarcina pasteurii,10.1016/j.bmcl.2017.02.022,1,10.1016/j.bmcl.2017.02.022,Ki,3,6.94692155651658,4.484126156288321,7.032452023781138,2.5483258674928173,Active|Unspecified,True,False,200.18999999999994,200.068473484,14,14,0.23789999999999978,47.413000000000025,69.67,5,0,5,0,0,0,0.4444444444444444,253.92792853821612,0,0,5,0,0,0,0,188.09399999999997,0,5,
UIREF-0737,PPIQJNZVHVNZOD-UHFFFAOYSA-N,O=[N+]([O-])c1cccc(N(CC(O)=NO)S(=O)(=O)c2ccccc2)c1,1,PubChem,1,Helicobacter pylori,1,Helicobacter pylori,10.1016/j.bmcl.2022.129043,1,10.1016/j.bmcl.2022.129043,IC50,1,5.617982957425132,5.617982957425132,5.617982957425132,0.0,Active,True,False,351.34000000000003,351.05250613600003,24,24,2.1357999999999997,85.92050000000002,133.34,6,2,6,2,2,0,0.07142857142857142,867.0883344942785,0,0,10,0,0,2,0,338.23600000000016,2,9,O=S(=O)(Nc1ccccc1)c1ccccc1
UIREF-0738,PPLJDSQQFFEMBY-UHFFFAOYSA-N,S=C(Nc1ccccc1)Nc1ccccc1SSc1ccccc1NC(=S)Nc1ccccc1,3,BindingDB|ChEMBL|PubChem,3,Canavalia ensiformis,1,Canavalia ensiformis,10.1016/j.bmc.2015.10.017|CHEMBL3627633,2,10.1016/j.bmc.2015.10.017,IC50,3,4.8198741248359465,4.8198741248359465,4.8198741248359465,0.0,Active|Unspecified,True,False,518.7580000000002,518.072730704,34,34,8.103800000000003,157.16879999999978,48.12,4,4,7,4,4,0,0.0,1150.9049771092498,0,0,8,0,0,4,0,496.5820000000003,4,4,S=C(Nc1ccccc1)Nc1ccccc1SSc1ccccc1NC(=S)Nc1ccccc1
UIREF-0739,PPYWWJDQPVZRIQ-UHFFFAOYSA-N,C=CCOC(=O)Cc1ccc(O)c(O)c1,1,PubChem,1,Sporosarcina pasteurii,1,Sporosarcina pasteurii,10.1016/j.bmcl.2019.02.032,1,10.1016/j.bmcl.2019.02.032,IC50,1,4.326794718220955,4.326794718220955,4.326794718220955,0.0,Unspecified,False,False,208.213,208.073558864,15,15,1.3694999999999997,54.631600000000034,66.76,4,2,4,1,1,0,0.18181818181818182,370.85071282200613,0,0,4,0,0,1,0,196.11699999999996,2,4,c1ccccc1
UIREF-0740,PQJQOCDZFUBLFM-UHFFFAOYSA-N,O=C(O)C(CP(=O)(O)O)c1cc(O)c(O)cc1Br,2,PubChem,1,Helicobacter pylori|Sporosarcina pasteurii,2,Sporosarcina pasteurii,10.1016/j.ejmech.2023.115528,1,10.1016/j.ejmech.2023.115528,IC50|Ki,2,4.378426385498746,4.298432014944073,4.458420756053419,0.15998874110934658,Unspecified,False,False,341.05000000000007,339.93475139000003,18,18,1.2061999999999995,64.75950000000002,135.29,4,5,4,1,1,0,0.2222222222222222,523.8925904812437,0,0,9,0,0,1,0,330.9699999999999,5,7,c1ccccc1
UIREF-0741,PQRZACKLKUQODJ-UHFFFAOYSA-N,CC(C)C(C(=O)O)n1[se]c2ccccc2c1=O,4,PubChem,1,Helicobacter pylori|Sporosarcina pasteurii,2,Helicobacter pylori,10.1021/acs.jmedchem.6b00986,1,10.1021/acs.jmedchem.6b00986,IC50|Ki,4,4.505417529506266,3.408712734941501,5.996970529446382,2.588257794504881,Active|Unspecified,True,False,298.20000000000005,299.006064576,17,17,1.3401999999999998,66.65880000000001,59.3,2,1,3,2,2,0,0.3333333333333333,611.4834211017687,0,0,5,1,0,1,0,285.096,1,4,O=c1[nH][se]c2ccccc12
UIREF-0742,PQXZBKRPUYJYEK-UHFFFAOYSA-N,ON=C(O)COc1c(Cl)cccc1Cl,2,PubChem,1,Helicobacter pylori,1,Helicobacter pylori,10.1016/j.bmc.2018.07.003,1,10.1016/j.bmc.2018.07.003,IC50,1,3.4519793050944694,3.4519793050944694,3.4519793050944694,0.0,Inconclusive|Unspecified,False,False,236.05400000000003,234.980298444,14,14,2.717900000000001,53.80730000000001,62.05000000000001,3,2,3,1,1,0,0.125,334.18967030834256,0,0,6,0,0,1,0,228.99799999999996,2,4,c1ccccc1
UIREF-0743,PRWRUMDOXRYISJ-UHFFFAOYSA-N,ON=C(O)COc1ccc(Cl)c(Cl)c1,2,PubChem,1,Helicobacter pylori,1,Helicobacter pylori,10.1016/j.bmc.2018.07.003,1,10.1016/j.bmc.2018.07.003,IC50|Inhibition,1,6.2839966563652006,6.2839966563652006,6.2839966563652006,0.0,Active|Unspecified,True,False,236.054,234.980298444,14,14,2.7179,53.80730000000001,62.05000000000001,3,2,3,1,1,0,0.125,354.43967030834256,0,0,6,0,0,1,0,228.998,2,4,c1ccccc1
UIREF-0744,PRXIYSYXSJNXMD-UHFFFAOYSA-N,COc1cc(C=CC(=O)NCCc2cccc(F)c2)ccc1O,1,PubChem,1,Sporosarcina pasteurii,1,Sporosarcina pasteurii,10.1016/j.bmcl.2019.02.032,1,10.1016/j.bmcl.2019.02.032,IC50,0,,,,,Inactive,False,True,315.344,315.127071656,23,23,2.912000000000002,86.80650000000003,58.56,3,2,6,2,2,0,0.16666666666666666,713.1629278149081,0,1,5,0,0,2,0,297.2,2,4,O=C(C=Cc1ccccc1)NCCc1ccccc1
UIREF-0745,PSKVISJISBFCKP-UHFFFAOYSA-N,CCOC(=O)C1C(C)=NC(=S)NC1c1cccc(O)c1,1,BindingDB,1,Canavalia ensiformis,1,Canavalia ensiformis,10.1016/j.bioorg.2015.12.007,1,10.1016/j.bioorg.2015.12.007,IC50,1,4.459670525209126,4.459670525209126,4.459670525209126,0.0,Active,True,False,292.36000000000007,292.088163372,20,20,1.9616,79.81350000000003,70.92,4,2,3,2,1,1,0.35714285714285715,571.2923729306519,0,0,6,0,1,1,0,276.232,2,5,S=C1N=CCC(c2ccccc2)N1
UIREF-0746,PSSHQARHYXXVTK-UHFFFAOYSA-N,CCOC(=O)c1ccc(NC(=S)NC(=O)c2ccccc2OC)cc1,2,BindingDB|PubChem,2,"Canavalia ensiformis|Urease, unspecified origin",2,Canavalia ensiformis,10.1016/j.bioorg.2013.10.001,1,10.1016/j.bioorg.2013.10.001,IC50,1,6.327902142064282,6.327902142064282,6.327902142064282,0.0,Active,True,False,358.4190000000001,358.09872805599997,25,25,2.9987000000000013,99.07940000000002,76.66000000000001,5,2,5,2,2,0,0.16666666666666666,774.9004623392232,0,1,7,0,0,2,0,340.2750000000001,2,6,O=C(NC(=S)Nc1ccccc1)c1ccccc1
UIREF-0747,PSYVPMQQANLKFE-UHFFFAOYSA-N,CCc1cccc(CC)c1NC(=S)NC(=O)c1cccc(Cl)c1,3,BindingDB|ChEMBL|PubChem,3,Canavalia ensiformis,1,Canavalia ensiformis,10.1016/j.bmc.2016.07.042|CHEMBL3826920,2,10.1016/j.bmc.2016.07.042,IC50,3,4.8996294548824375,4.8996294548824375,4.8996294548824375,0.0,Active|Unspecified,True,False,346.88300000000004,346.090661908,23,23,4.591600000000003,100.33690000000001,41.129999999999995,2,2,4,2,2,0,0.2222222222222222,708.4615667431059,0,1,5,0,0,2,0,327.73100000000005,2,3,O=C(NC(=S)Nc1ccccc1)c1ccccc1
UIREF-0748,PSZJBKYIONLMPZ-UHFFFAOYSA-N,O=C(NC(=S)NC1CCCCC1)c1ccccc1,3,BindingDB|ChEMBL|PubChem,3,Canavalia ensiformis,1,Canavalia ensiformis,10.1016/j.ejmech.2013.10.012|CHEMBL3085707,2,10.1016/j.ejmech.2013.10.012,IC50,3,4.274088367704952,4.274088367704952,4.274088367704952,0.0,Active|Unspecified,True,False,262.37799999999993,262.113984196,18,18,2.6236000000000006,76.51490000000004,41.13,2,2,2,2,1,1,0.42857142857142855,413.0619850387307,0,1,4,0,0,1,1,244.23399999999995,2,3,O=C(NC(=S)NC1CCCCC1)c1ccccc1
UIREF-0749,PTLMVTWTWJSJBJ-UHFFFAOYSA-N,ON=C(O)CCOc1ccccc1,2,PubChem,1,Helicobacter pylori,1,Helicobacter pylori,10.1016/j.bmc.2018.07.003,1,10.1016/j.bmc.2018.07.003,IC50,1,5.3788237182249645,5.3788237182249645,5.3788237182249645,0.0,Active|Inconclusive,True,False,181.19100000000003,181.073893212,13,13,1.8012,48.40430000000002,62.05000000000001,3,2,4,1,1,0,0.2222222222222222,271.4481200892553,0,0,4,0,0,1,0,170.10299999999998,2,4,c1ccccc1
UIREF-0750,PTXNKGBLWWCMPO-UHFFFAOYSA-N,Cc1ccc(NC(=O)CCSc2nnc(Cc3csc(NC(=O)c4ccccc4)n3)o2)cc1C,2,ChEMBL|PubChem,2,Helicobacter pylori,1,Helicobacter pylori,10.1016/j.bmc.2018.06.005|CHEMBL4118270,2,CHEMBL4118270,IC50,2,4.466100899203405,4.466100899203405,4.466100899203405,0.0,Active|Unspecified,True,False,493.6140000000002,493.124231596,34,34,5.106940000000003,133.49989999999994,110.00999999999999,8,2,9,4,4,0,0.20833333333333334,1286.7726451653095,0,2,10,2,0,2,0,470.4300000000003,2,8,O=C(CCSc1nnc(Cc2csc(NC(=O)c3ccccc3)n2)o1)Nc1ccccc1
UIREF-0751,PTYZHZGJDHNHNO-UHFFFAOYSA-N,CC(C)=CCn1c(O)c(N=NC(=O)c2ccc(F)cc2)c2ccccc21,3,ChEMBL|PubChem,2,Helicobacter pylori,1,Helicobacter pylori,10.1016/j.bmcl.2018.08.025|CHEMBL4265894,2,10.1016/j.bmcl.2018.08.025,IC50|MIC,2,3.8124792791635373,3.8124792791635373,3.8124792791635373,0.0,Active|Unspecified,True,False,351.38100000000003,351.13830503599996,26,26,5.376300000000005,98.28030000000001,66.94999999999999,3,1,4,3,3,0,0.15,1013.4623722402645,0,1,6,1,0,2,0,333.2370000000001,1,5,O=C(N=Nc1c[nH]c2ccccc12)c1ccccc1
UIREF-0752,PUYIAJDRTMHPQZ-UHFFFAOYSA-N,CCc1nc2ccccc2c(=O)n1CC(=O)NNC(=O)c1cc2cc(Br)ccc2oc1=O,1,PubChem,1,"Urease, unspecified origin",1,"Urease, unspecified origin",10.1016/j.ejmech.2022.114273,1,10.1016/j.ejmech.2022.114273,IC50,0,,,,,Unspecified,False,False,497.3050000000002,496.038231744,32,32,2.2889999999999997,121.17390000000003,123.30000000000001,6,2,4,4,4,0,0.13636363636363635,1491.7052280468922,0,2,10,2,0,2,0,480.16900000000027,2,9,O=C(Cn1cnc2ccccc2c1=O)NNC(=O)c1cc2ccccc2oc1=O
UIREF-0753,PVBVTVYQWIAKKJ-UHFFFAOYSA-N,O=[N+]([O-])c1ccc(NCc2ccc(O)c(O)c2)cc1,2,PubChem,1,Helicobacter pylori,1,Helicobacter pylori,10.1016/j.bmc.2015.06.014,1,10.1016/j.bmc.2015.06.014,IC50,2,5.962153540899098,5.71669877129645,6.207608310501746,0.4909095392052958,Active,True,False,260.249,260.079706864,19,19,2.618100000000001,70.19470000000001,95.63000000000001,5,3,4,2,2,0,0.07692307692307693,596.0922540172741,0,0,6,0,0,2,0,248.15299999999996,3,6,c1ccc(CNc2ccccc2)cc1
UIREF-0754,PVEPTSNJPWLFHR-UHFFFAOYSA-N,O=C(NC(=S)Nc1ccc(Cl)cc1Cl)c1cccc(Cl)c1,3,BindingDB|ChEMBL|PubChem,3,Canavalia ensiformis,1,Canavalia ensiformis,10.1016/j.bmc.2016.07.042|CHEMBL3826920,2,10.1016/j.bmc.2016.07.042,IC50,3,5.872895201635192,5.872895201635192,5.872895201635192,0.0,Active,True,False,359.6650000000001,357.950116948,21,21,4.773600000000002,91.6009,41.13,2,2,2,2,2,0,0.0,706.3685173746051,0,1,7,0,0,2,0,350.59300000000013,2,3,O=C(NC(=S)Nc1ccccc1)c1ccccc1
UIREF-0755,PVYQYORKGKRENI-UHFFFAOYSA-N,CC(C)=CCn1c(O)c(N=Nc2ccccc2)c2ccccc21,4,ChEMBL|PubChem,2,"Helicobacter pylori|Urease, unspecified origin",2,Helicobacter pylori,10.1016/j.bmcl.2018.08.025|10.1016/j.ejmech.2022.114273|CHEMBL4265894,3,10.1016/j.bmcl.2018.08.025,IC50|MIC,3,3.5228787452803374,3.5228787452803374,6.1487416512809245,2.625862906000587,Active|Unspecified,True,False,305.38100000000003,305.152812228,23,23,5.728500000000005,93.65180000000004,49.879999999999995,3,1,4,3,3,0,0.15789473684210525,872.2710461996967,0,0,4,1,0,2,0,286.229,1,4,c1ccc(N=Nc2c[nH]c3ccccc23)cc1
UIREF-0756,PZGVXWZAHMKYPR-UHFFFAOYSA-N,Cc1ccc(OC(C)c2nnc(Nc3ccc(Cl)cc3)o2)cc1,1,BindingDB,1,Canavalia ensiformis,1,Canavalia ensiformis,10.1111/cbdd.12297,1,10.1111/cbdd.12297,IC50,1,4.939302159646388,4.939302159646388,4.939302159646388,0.0,Active,True,False,329.78700000000003,329.09310443199996,23,23,4.915020000000003,89.25470000000001,60.18000000000001,5,1,5,3,3,0,0.17647058823529413,769.2923939382223,0,0,6,1,0,2,0,313.65900000000005,1,5,c1ccc(Nc2nnc(COc3ccccc3)o2)cc1
UIREF-0757,PZHYYLMSCWQNJC-LHHJGKSTSA-N,COc1cc(/C=N/N=c2[nH]c(O)cs2)cc(Br)c1OC,1,BindingDB,1,Sporosarcina pasteurii,1,Sporosarcina pasteurii,10.1016/j.bioorg.2015.10.005,1,10.1016/j.bioorg.2015.10.005,IC50,1,4.4360445350041875,4.4360445350041875,4.4360445350041875,0.0,Active,True,False,358.2170000000001,356.978274344,20,20,2.4963000000000006,80.73750000000003,79.2,6,2,4,2,2,0,0.16666666666666666,693.4962612953576,0,0,8,1,0,1,0,346.12100000000004,2,6,C(=NN=c1[nH]ccs1)c1ccccc1
UIREF-0758,PZKQLGITSOVYAB-UHFFFAOYSA-N,Brc1ccc(-n2c(-c3c(-c4ccccc4)[nH]c4ccc(Br)cc34)nc(-c3ccccc3)c2-c2ccccc2)cc1,3,BindingDB|ChEMBL|PubChem,3,Canavalia ensiformis,1,Canavalia ensiformis,10.1016/j.ejmech.2015.08.011|CHEMBL3621141,2,10.1016/j.ejmech.2015.08.011,IC50,3,6.823908740944319,6.823908740944319,6.823908740944319,0.0,Active,True,False,645.3980000000001,643.0258719359999,40,40,10.54659999999999,172.56469999999965,33.61,1,1,5,7,7,0,0.0,1940.0051340201803,0,0,5,2,0,5,0,622.2139999999999,1,3,c1ccc(-c2nc(-c3c(-c4ccccc4)[nH]c4ccccc34)n(-c3ccccc3)c2-c2ccccc2)cc1
UIREF-0759,QAIPRVGONGVQAS-UHFFFAOYSA-N,O=C(O)C=Cc1ccc(O)c(O)c1,1,PubChem,1,Sporosarcina pasteurii,1,Sporosarcina pasteurii,10.1016/j.bmcl.2019.02.032,1,10.1016/j.bmcl.2019.02.032,IC50,0,,,,,Inactive,False,True,180.159,180.042258736,13,13,1.1956,46.441400000000016,77.76,3,3,2,1,1,0,0.0,354.632376249924,0,0,4,0,0,1,0,172.09499999999997,3,4,c1ccccc1
UIREF-0760,QDHAQRIRVFFDIF-UHFFFAOYSA-N,Oc1[nH]c2ccc(F)cc2c1N=NC(=S)Nc1cccc(F)c1,2,BindingDB|ChEMBL,2,Canavalia ensiformis,1,Canavalia ensiformis,10.1007/s00044-013-0575-7|CHEMBL3044957,2,CHEMBL3044957,IC50,2,4.343901797987169,4.343901797987169,4.343901797987169,0.0,Active,True,False,332.33500000000004,332.05433838,23,23,4.632400000000001,87.0582,72.77,3,3,2,3,3,0,0.0,922.9809182245325,0,0,8,1,0,2,0,322.25500000000005,3,5,S=C(N=Nc1c[nH]c2ccccc12)Nc1ccccc1
UIREF-0761,QDYZYVYQIFIQPE-UHFFFAOYSA-N,Oc1ccccc1C1CC(c2ccc(F)cc2)Sc2ccccc2N1,1,BindingDB,1,Canavalia ensiformis,1,Canavalia ensiformis,10.1080/14756360801945598,1,10.1080/14756360801945598,IC50,1,4.028075050815809,4.028075050815809,4.028075050815809,0.0,Active,True,False,351.446,351.109313416,25,25,5.921600000000003,100.5275,32.26,3,2,2,4,3,1,0.14285714285714285,881.0743438536658,0,0,4,0,1,3,0,333.3020000000001,2,2,c1ccc(C2CC(c3ccccc3)Sc3ccccc3N2)cc1
UIREF-0762,QEKQQNUUPAFXDI-UHFFFAOYSA-N,Cc1ccc(N=C2C(=O)Nc3ccc([N+](=O)[O-])cc32)cc1N=C1C(=O)Nc2ccc([N+](=O)[O-])cc21,1,ChEMBL,1,Canavalia ensiformis,1,Canavalia ensiformis,CHEMBL3817741,1,CHEMBL3817741,IC50,1,5.232102383981909,5.232102383981909,5.232102383981909,0.0,Active,True,False,470.40100000000024,470.097482168,35,35,3.957220000000002,127.02520000000003,169.2,8,2,4,5,3,2,0.043478260869565216,1558.0416892812852,0,2,12,0,2,3,0,456.28900000000027,2,12,O=C1Nc2ccccc2C1=Nc1cccc(N=C2C(=O)Nc3ccccc32)c1
UIREF-0763,QESLUAQYSARTNW-UHFFFAOYSA-N,Cc1nc2cc(Cl)c(Cl)cc2n1CC(=O)NNC(=S)Nc1ccc([N+](=O)[O-])cc1,2,ChEMBL|PubChem,2,Canavalia ensiformis,1,Canavalia ensiformis,10.1016/j.ejmech.2022.114273|CHEMBL5137004,2,CHEMBL5137004,IC50,2,7.450996737974212,7.450996737974212,7.450996737974212,0.0,Active,True,False,453.31100000000004,452.02251466800004,29,29,3.5775200000000016,115.08550000000002,114.12,5,3,4,3,3,0,0.11764705882352941,1116.5488747765748,0,1,12,1,0,2,0,439.1990000000002,3,9,O=C(Cn1cnc2ccccc21)NNC(=S)Nc1ccccc1
UIREF-0764,QFHALJZCNJGTFQ-UHFFFAOYSA-N,S=C(NCc1cccnc1)Nc1ccccc1,3,BindingDB|ChEMBL|PubChem,3,Canavalia ensiformis,1,Canavalia ensiformis,10.1016/j.ejmech.2014.01.001|CHEMBL3120147,2,10.1016/j.ejmech.2014.01.001,IC50,3,4.474955192963154,4.474955192963154,4.474955192963154,0.0,Active|Unspecified,True,False,243.335,243.083018416,17,17,2.568200000000001,73.73940000000003,36.95,2,2,3,2,2,0,0.07692307692307693,470.53795259979046,0,0,4,1,0,1,0,230.23099999999997,2,3,S=C(NCc1cccnc1)Nc1ccccc1
UIREF-0765,QHRFRWZEQGWNSO-UHFFFAOYSA-N,ON=C(O)CC(O)c1cccc(F)c1,2,PubChem,1,Helicobacter pylori,1,Helicobacter pylori,10.1016/j.ejmech.2013.07.047,1,10.1016/j.ejmech.2013.07.047,IC50,2,5.137587731673083,4.876148359032914,5.399027104313252,0.5228787452803374,Active|Unspecified,True,False,199.181,199.0644714,14,14,1.5949,47.82710000000002,73.05000000000001,3,3,3,1,1,0,0.2222222222222222,340.5838810441725,0,0,5,0,0,1,0,189.10099999999997,3,4,c1ccccc1
UIREF-0766,QHSGDFJCMUJGMF-UHFFFAOYSA-N,Cc1ccccc1NC(=S)Nc1ccccc1SSc1ccccc1NC(=S)Nc1ccccc1C,3,BindingDB|ChEMBL|PubChem,3,Canavalia ensiformis,1,Canavalia ensiformis,10.1016/j.bmc.2015.10.017|CHEMBL3627633,2,10.1016/j.bmc.2015.10.017,IC50,3,5.958607314841775,5.958607314841775,5.958607314841775,0.0,Active,True,False,546.8120000000001,546.104030832,36,36,8.72064,166.6427999999997,48.12,4,4,7,4,4,0,0.07142857142857142,1268.023208342513,0,0,8,0,0,4,0,520.6040000000003,4,4,S=C(Nc1ccccc1)Nc1ccccc1SSc1ccccc1NC(=S)Nc1ccccc1
UIREF-0767,QIBVYVQGZOVVJE-UHFFFAOYSA-N,O=C(NC(=S)Nc1cccc(C(F)(F)F)c1)c1cccc(Cl)c1,3,BindingDB|ChEMBL|PubChem,3,Canavalia ensiformis,1,Canavalia ensiformis,10.1016/j.bmc.2016.07.042|CHEMBL3826920,2,10.1016/j.bmc.2016.07.042,IC50,3,5.543633966870956,5.543633966870956,5.543633966870956,0.0,Active,True,False,358.77200000000005,358.01544628,23,23,4.485600000000002,86.58290000000001,41.13,2,2,2,2,2,0,0.06666666666666667,749.4970024679168,0,1,8,0,0,2,0,348.69200000000006,2,3,O=C(NC(=S)Nc1ccccc1)c1ccccc1
UIREF-0768,QIUFQIJQBXGALT-UHFFFAOYSA-N,O=C(O)c1ccc(O)c(N=Cc2c(O)[nH]c(=S)[nH]c2=O)c1,2,BindingDB|PubChem,2,Canavalia ensiformis,1,Canavalia ensiformis,10.1016/j.bmc.2015.05.038,1,10.1016/j.bmc.2015.05.038,IC50,2,4.723538195826756,4.723538195826756,4.723538195826756,0.0,Active|Unspecified,True,False,307.28700000000003,307.026291388,21,21,1.2924899999999997,76.2323,138.76999999999998,6,5,3,2,2,0,0.0,852.7018952407504,0,0,9,1,0,1,0,298.21500000000003,5,8,O=c1[nH]c(=S)[nH]cc1C=Nc1ccccc1
UIREF-0769,QJSZYBJGKUZWKJ-UHFFFAOYSA-N,ON=C(O)CC(O)c1ccccc1Cl,2,PubChem,1,Helicobacter pylori,1,Helicobacter pylori,10.1016/j.ejmech.2013.07.047,1,10.1016/j.ejmech.2013.07.047,IC50,2,5.48009670420531,5.03574036980315,5.924453038607469,0.8887126688043185,Active,True,False,215.63600000000002,215.03492086,14,14,2.1091999999999995,52.87910000000002,73.05000000000001,3,3,3,1,1,0,0.2222222222222222,340.5838810441725,0,0,5,0,0,1,0,205.55599999999998,3,4,c1ccccc1
UIREF-0770,QKQLSQLKXBHUSO-CMDGGOBGSA-N,COc1cc(O)c(C(=O)/C=C/c2ccccc2)c(OC)c1,1,PubChem,1,Helicobacter pylori,1,Helicobacter pylori,10.1016/j.ejmech.2013.03.016,1,10.1016/j.ejmech.2013.03.016,IC50,1,2.9136401693252516,2.9136401693252516,2.9136401693252516,0.0,Unspecified,False,False,284.31100000000004,284.104858992,21,21,3.305500000000001,81.01730000000003,55.760000000000005,4,1,5,2,2,0,0.11764705882352941,659.9903676077384,0,0,4,0,0,2,0,268.183,1,4,O=C(C=Cc1ccccc1)c1ccccc1
UIREF-0771,QKTZQXBYQAXPDG-UHFFFAOYSA-N,O=c1c(C(c2ccc(O)cc2)c2c(O)oc3ccccc3c2=O)c(O)oc2ccccc12,2,BindingDB|ChEMBL,2,Canavalia ensiformis,1,Canavalia ensiformis,10.1016/j.bmc.2005.09.048|CHEMBL1144858,2,CHEMBL1144858,IC50,2,4.13000008278075,4.130000024196025,4.130000141365475,1.1716945014228486e-07,Active,True,False,428.3960000000002,428.0896028519999,32,32,4.196400000000002,117.34940000000002,121.11000000000001,7,3,3,5,5,0,0.04,1494.6617772770294,0,0,7,2,0,3,0,412.26800000000026,3,7,O=c1c(C(c2ccccc2)c2coc3ccccc3c2=O)coc2ccccc12
UIREF-0772,QLAUIXHXGPSZQW-UHFFFAOYSA-N,CP(=O)(O)CN,2,PubChem,1,Proteus vulgaris|Sporosarcina pasteurii,2,Sporosarcina pasteurii,10.1021/jm800570q,1,10.1021/jm800570q,IC50,2,2.7777433968329786,2.5968794788241825,2.9586073148417746,0.3617278360175922,Unspecified,False,False,109.06500000000001,109.029265126,6,6,-0.19719999999999993,24.803699999999996,63.31999999999999,2,2,1,0,0,0,1.0,75.61727061434749,0,0,4,0,0,0,0,101.001,3,3,
UIREF-0773,QLHMOFRESUSVIC-UHFFFAOYSA-N,COc1ccc(C=NNC(=O)c2ccc(C=C3C(=O)Nc4ccc(Cl)cc43)cc2)c(O)c1,2,BindingDB|ChEMBL,2,Canavalia ensiformis,1,Canavalia ensiformis,10.1016/j.bmcl.2015.05.069|CHEMBL3600348,2,CHEMBL3600348,IC50,2,3.838332587562264,3.838332587562264,3.838332587562264,0.0,Active,True,False,447.8780000000001,447.09858373599997,32,32,4.310800000000003,124.11369999999998,100.02,5,3,5,4,3,1,0.041666666666666664,1266.7359996578173,0,2,8,0,1,3,0,429.73400000000026,3,7,O=C1Nc2ccccc2C1=Cc1ccc(C(=O)NN=Cc2ccccc2)cc1
UIREF-0774,QMDGQZXVZKYDBN-UHFFFAOYSA-N,CCOC(=O)Cc1c(O)[nH]c(=S)[nH]c1=O,1,PubChem,1,"Urease, unspecified origin",1,"Urease, unspecified origin",10.1016/j.bmc.2020.115759,1,10.1016/j.bmc.2020.115759,IC50,1,4.996108833763089,4.996108833763089,4.996108833763089,0.0,Unspecified,False,False,230.245,230.0361278,15,15,0.2436899999999998,54.2492,95.18,5,3,3,1,1,0,0.375,476.2653928402042,0,0,7,1,0,0,0,220.16499999999996,3,6,O=c1cc[nH]c(=S)[nH]1
UIREF-0775,QMLVCGMEQRGAEC-UHFFFAOYSA-N,ON=C(O)CCOc1ccc(Cl)cc1,4,PubChem,1,Helicobacter pylori,1,Helicobacter pylori,10.1016/j.bmc.2018.07.003,1,10.1016/j.bmc.2018.07.003,IC50|Ki,4,6.8120767818454215,5.086186147616283,7.366531544420413,2.2803453968041296,Active,True,False,215.63600000000002,215.03492086,14,14,2.4546,53.41430000000002,62.05000000000001,3,2,4,1,1,0,0.2222222222222222,310.3380348439444,0,0,5,0,0,1,0,205.55599999999998,2,4,c1ccccc1
UIREF-0776,QMSWBQJNRTWOMB-UHFFFAOYSA-N,O=C1NC(=S)NC(=O)C1=Cc1cc(Cl)cc(Cl)c1O,1,PubChem,1,Sporosarcina pasteurii,1,Sporosarcina pasteurii,10.1016/j.bmc.2014.05.057,1,10.1016/j.bmc.2014.05.057,IC50,1,4.298432014944073,4.298432014944073,4.298432014944073,0.0,Unspecified,False,False,317.153,315.947618412,19,19,1.6133,74.9872,78.43,4,3,1,2,1,1,0.0,621.0726231346207,0,2,8,0,1,1,0,311.105,3,5,O=C1NC(=S)NC(=O)C1=Cc1ccccc1
UIREF-0777,QNLIPOCHTWHKTO-UDWIEESQSA-N,COc1ccccc1NC(=S)N/N=C(\C)c1cc2ccccc2o1,1,PubChem,1,"Urease, unspecified origin",1,"Urease, unspecified origin",,0,,IC50,0,,,,,Inactive,False,True,339.4200000000001,339.10414778399996,24,24,4.152000000000003,100.7754,58.79,4,2,4,3,3,0,0.1111111111111111,868.9250814593232,0,0,6,1,0,2,0,322.2840000000001,2,5,S=C(NN=Cc1cc2ccccc2o1)Nc1ccccc1
UIREF-0778,QNLIPOCHTWHKTO-UHFFFAOYSA-N,COc1ccccc1NC(=S)NN=C(C)c1cc2ccccc2o1,1,BindingDB,1,Canavalia ensiformis,1,Canavalia ensiformis,10.1016/j.bioorg.2015.06.004,1,10.1016/j.bioorg.2015.06.004,IC50,1,4.619065536669298,4.619065536669298,4.619065536669298,0.0,Active,True,False,339.4200000000001,339.10414778399996,24,24,4.152000000000003,100.7754,58.79,4,2,4,3,3,0,0.1111111111111111,868.9250814593232,0,0,6,1,0,2,0,322.2840000000001,2,5,S=C(NN=Cc1cc2ccccc2o1)Nc1ccccc1
UIREF-0779,QNSGPBQRNKLKKS-UHFFFAOYSA-N,Clc1ccc(NCc2ccc3c(c2)OCO3)cc1,2,PubChem,1,Helicobacter pylori,1,Helicobacter pylori,10.1016/j.bmc.2015.06.014,1,10.1016/j.bmc.2015.06.014,IC50,1,3.3010299956639813,3.3010299956639813,3.3010299956639813,0.0,Inconclusive|Unspecified,False,False,261.70799999999997,261.055656304,18,18,3.6808000000000023,71.34370000000003,30.49,3,1,3,3,2,1,0.14285714285714285,554.2204916140216,0,0,4,0,1,2,0,249.61199999999994,1,3,c1ccc(NCc2ccc3c(c2)OCO3)cc1
UIREF-0780,QOWABIXYAFJMQE-UHFFFAOYSA-N,O=C(C=Cc1ccc(O)c(O)c1)NCCc1ccccc1,1,PubChem,1,Sporosarcina pasteurii,1,Sporosarcina pasteurii,10.1016/j.bmcl.2019.02.032,1,10.1016/j.bmcl.2019.02.032,IC50,0,,,,,Inactive,False,True,283.327,283.120843404,21,21,2.4699,81.96130000000004,69.56,3,3,5,2,2,0,0.11764705882352941,635.7384096326964,0,1,4,0,0,2,0,266.191,3,4,O=C(C=Cc1ccccc1)NCCc1ccccc1
UIREF-0781,QOXHJAKDKFFIBY-UHFFFAOYSA-N,Cc1cc(C)cc(NC(=O)CCSc2nnc(Cc3csc(NC(=O)c4ccccc4)n3)o2)c1,2,ChEMBL|PubChem,2,Helicobacter pylori,1,Helicobacter pylori,10.1016/j.bmc.2018.06.005|CHEMBL4118270,2,CHEMBL4118270,IC50,2,4.282995592959453,4.282995592959453,4.282995592959453,0.0,Active|Unspecified,True,False,493.6140000000002,493.124231596,34,34,5.106940000000004,133.49989999999994,110.00999999999999,8,2,9,4,4,0,0.20833333333333334,1266.5226451653095,0,2,10,2,0,2,0,470.4300000000003,2,8,O=C(CCSc1nnc(Cc2csc(NC(=O)c3ccccc3)n2)o1)Nc1ccccc1
UIREF-0782,QQICFCDBBYSYCV-UHFFFAOYSA-N,CCC(Oc1ccc(C)cc1)c1nnc(Nc2ccc(F)cc2)o1,1,BindingDB,1,Canavalia ensiformis,1,Canavalia ensiformis,10.1111/cbdd.12297,1,10.1111/cbdd.12297,IC50,1,5.1295960947209736,5.1295960947209736,5.1295960947209736,0.0,Active,True,False,327.35900000000004,327.13830503599996,24,24,4.790820000000004,88.81970000000003,60.18000000000001,5,1,6,3,3,0,0.2222222222222222,784.7833762573995,0,0,6,1,0,2,0,309.21500000000003,1,5,c1ccc(Nc2nnc(COc3ccccc3)o2)cc1
UIREF-0783,QQIRBBYAKNHRTB-UHFFFAOYSA-N,Cc1ccccc1C(=O)N=c1scc(C)n1-c1ccc(S(N)(=O)=O)cc1,1,PubChem,1,Canavalia ensiformis,1,Canavalia ensiformis,,0,,IC50,0,,,,,Active,True,False,387.4860000000001,387.071133404,26,26,2.5441400000000005,100.82870000000003,94.51999999999998,4,1,3,3,3,0,0.1111111111111111,1140.9244732864622,0,1,8,1,0,2,0,370.35000000000014,2,6,O=C(N=c1sccn1-c1ccccc1)c1ccccc1
UIREF-0784,QQIRBBYAKNHRTB-ZZEZOPTASA-N,Cc1ccccc1C(=O)/N=c1\scc(C)n1-c1ccc(S(N)(=O)=O)cc1,1,BindingDB,1,Canavalia ensiformis,1,Canavalia ensiformis,10.1111/cbdd.12675,1,10.1111/cbdd.12675,IC50,1,7.060480747381382,7.060480747381382,7.060480747381382,0.0,Active,True,False,387.4860000000001,387.071133404,26,26,2.5441400000000005,100.82870000000003,94.51999999999998,4,1,3,3,3,0,0.1111111111111111,1140.9244732864622,0,1,8,1,0,2,0,370.35000000000014,2,6,O=C(N=c1sccn1-c1ccccc1)c1ccccc1
UIREF-0785,QQPJMMPCZRFCFR-DTQAZKPQSA-N,CCCCCCCCn1c2ccc(C(C)=O)cc2c2cc(C(=O)/C=C/c3ccco3)ccc21,3,BindingDB|ChEMBL|PubChem,3,Canavalia ensiformis,1,Canavalia ensiformis,10.1016/j.bmc.2019.115123|CHEMBL4665672,2,10.1016/j.bmc.2019.115123,IC50,3,4.605898697959955,4.605898697959955,4.605898697959955,0.0,Active|Unspecified,True,False,441.5710000000002,441.23039385199996,33,33,7.846700000000007,134.89699999999996,52.21,3,0,11,4,4,0,0.3103448275862069,1291.6560579917127,0,0,4,2,0,2,0,410.32300000000026,0,4,O=C(C=Cc1ccco1)c1ccc2[nH]c3ccccc3c2c1
UIREF-0786,QQYYFEGKSOYMKY-DHZHZOJOSA-N,Cc1ccc(/C=C(\CCP(=O)(O)O)C(=O)O)cc1,1,PubChem,1,Sporosarcina pasteurii,1,Sporosarcina pasteurii,10.1016/j.ejmech.2017.03.070,1,10.1016/j.ejmech.2017.03.070,Ki,1,4.175874166083451,4.175874166083451,4.175874166083451,0.0,Unspecified,False,False,270.221,270.06571021,18,18,2.0308200000000003,68.31990000000003,94.83,2,3,5,1,1,0,0.25,497.70398446986405,0,0,6,0,0,1,0,255.10099999999994,3,5,c1ccccc1
UIREF-0787,QRGHOJYGIWMDTR-UHFFFAOYSA-N,O=C(NC(=S)Nc1ccc(C(F)(F)F)cc1)c1cccc(Cl)c1,3,BindingDB|ChEMBL|PubChem,3,Canavalia ensiformis,1,Canavalia ensiformis,10.1016/j.bmc.2016.07.042|CHEMBL3826920,2,10.1016/j.bmc.2016.07.042,IC50,3,5.152427340857888,5.152427340857888,5.152427340857888,0.0,Active,True,False,358.77200000000005,358.01544628,23,23,4.485600000000002,86.58290000000001,41.13,2,2,2,2,2,0,0.06666666666666667,732.2470024679167,0,1,8,0,0,2,0,348.69200000000006,2,3,O=C(NC(=S)Nc1ccccc1)c1ccccc1
UIREF-0788,QSHSRHRDAVWDHM-UHFFFAOYSA-N,COc1cc(C=CC(=O)NCCc2ccccc2)ccc1O,1,PubChem,1,Sporosarcina pasteurii,1,Sporosarcina pasteurii,10.1016/j.bmcl.2019.02.032,1,10.1016/j.bmcl.2019.02.032,IC50,0,,,,,Inactive,False,True,297.354,297.136493468,22,22,2.7729000000000013,86.84850000000004,58.56,3,2,6,2,2,0,0.16666666666666666,650.6367739723123,0,1,4,0,0,2,0,278.20199999999994,2,4,O=C(C=Cc1ccccc1)NCCc1ccccc1
UIREF-0789,QSIPGUMUVCAWES-UHFFFAOYSA-N,COc1cccc(C(=O)NC(=S)Nc2ccc(S(N)(=O)=O)cc2)c1,2,BindingDB|ChEMBL,2,Canavalia ensiformis,1,Canavalia ensiformis,10.1007/s00044-012-0376-4|CHEMBL3045259,2,CHEMBL3045259,Ki,2,6.187086643357144,6.187086643357144,6.187086643357144,0.0,Active,True,False,365.4360000000001,365.05039796,24,24,1.4693999999999998,94.4961,110.51999999999998,5,3,4,2,2,0,0.06666666666666667,864.5428319711208,0,1,9,0,0,2,0,350.3160000000001,4,7,O=C(NC(=S)Nc1ccccc1)c1ccccc1
UIREF-0790,QTKRXJOKZCYAGZ-LICLKQGHSA-N,NC(=S)N/N=C/c1ccccc1OCc1ccccc1,3,ChEMBL|PubChem,2,Canavalia ensiformis,1,Canavalia ensiformis,10.1016/j.ejmech.2011.09.009|CHEMBL1909545,2,CHEMBL1909545,IC50|Ki,3,6.580044251510242,6.580044251510242,6.818156412055227,0.2381121605449854,Active,True,False,285.372,285.0935831,20,20,2.4327000000000005,84.73110000000003,59.64,3,2,5,2,2,0,0.06666666666666667,599.077438063463,0,0,5,0,0,2,0,270.252,3,4,c1ccc(COc2ccccc2)cc1
UIREF-0791,QTKRXJOKZCYAGZ-UHFFFAOYSA-N,NC(=S)NN=Cc1ccccc1OCc1ccccc1,2,BindingDB,1,Canavalia ensiformis,1,Canavalia ensiformis,10.1016/j.ejmech.2011.09.009,1,10.1016/j.ejmech.2011.09.009,IC50|Ki,2,6.699100331782734,6.580044251510242,6.818156412055227,0.2381121605449854,Active,True,False,285.372,285.0935831,20,20,2.4327000000000005,84.73110000000003,59.64,3,2,5,2,2,0,0.06666666666666667,599.077438063463,0,0,5,0,0,2,0,270.252,3,4,c1ccc(COc2ccccc2)cc1
UIREF-0792,QTRMZJJWBQMNCS-UHFFFAOYSA-N,Oc1ccc(CCc2cccc(Cl)c2)c(O)c1O,2,PubChem,1,Helicobacter pylori,1,Helicobacter pylori,10.1016/j.ejmech.2010.08.015,1,10.1016/j.ejmech.2010.08.015,IC50,1,4.301029995663981,4.301029995663981,4.301029995663981,0.0,Inconclusive|Unspecified,False,False,264.708,264.055321956,18,18,3.2420000000000018,70.29640000000002,60.69,3,3,3,2,2,0,0.14285714285714285,566.9607166096947,0,0,4,0,0,2,0,251.60399999999996,3,3,c1ccc(CCc2ccccc2)cc1
UIREF-0793,QUEVHMMLANOLNU-UHFFFAOYSA-N,ON=C(O)COc1cccc(Cl)c1,2,PubChem,1,Helicobacter pylori,1,Helicobacter pylori,10.1016/j.bmc.2018.07.003,1,10.1016/j.bmc.2018.07.003,IC50,1,4.982966660701219,4.982966660701219,4.982966660701219,0.0,Inconclusive|Unspecified,False,False,201.609,201.019270796,13,13,2.0645,48.797300000000014,62.05000000000001,3,2,3,1,1,0,0.125,314.0123782932826,0,0,5,0,0,1,0,193.545,2,4,c1ccccc1
UIREF-0794,QUGPGBAZWOUHQS-UHFFFAOYSA-N,Oc1[nH]c2ccc(F)cc2c1N=NC(=S)Nc1c(F)cccc1F,2,BindingDB|ChEMBL,2,Canavalia ensiformis,1,Canavalia ensiformis,10.1007/s00044-013-0575-7|CHEMBL3044957,2,CHEMBL3044957,IC50,2,4.325138859262188,4.325138859262188,4.325138859262188,0.0,Active,True,False,350.32500000000005,350.044916568,24,24,4.771500000000001,87.0162,72.77,3,3,2,3,3,0,0.0,950.5027226480466,0,0,9,1,0,2,0,341.2530000000001,3,5,S=C(N=Nc1c[nH]c2ccccc12)Nc1ccccc1
UIREF-0795,QVLQTVFJHZOVGN-UHFFFAOYSA-N,Cn1c2ccccc2c2cc(-c3cc(-c4ccc(Cl)cc4Cl)nc(N)n3)ccc21,1,BindingDB,1,Canavalia ensiformis,1,Canavalia ensiformis,10.3109/14756366.2012.740477,1,10.3109/14756366.2012.740477,IC50,1,4.7121982700697735,4.7121982700697735,4.7121982700697735,0.0,Active,True,False,419.31500000000017,418.0752018720001,29,29,6.344500000000003,121.3194,56.730000000000004,3,1,2,5,5,0,0.043478260869565216,1405.4665108885201,0,0,6,2,0,3,0,403.18700000000007,2,4,c1ccc(-c2cc(-c3ccc4[nH]c5ccccc5c4c3)ncn2)cc1
UIREF-0796,QVMSAOBRXJQVEE-UHFFFAOYSA-N,Cc1cccc(C(=O)N=c2scc(C)n2-c2ccc(S(N)(=O)=O)cc2)c1,1,PubChem,1,Canavalia ensiformis,1,Canavalia ensiformis,,0,,IC50,0,,,,,Active,True,False,387.4860000000001,387.071133404,26,26,2.5441400000000005,100.82870000000001,94.51999999999998,4,1,3,3,3,0,0.1111111111111111,1140.9244732864622,0,1,8,1,0,2,0,370.3500000000001,2,6,O=C(N=c1sccn1-c1ccccc1)c1ccccc1
UIREF-0797,QVMSAOBRXJQVEE-ZZEZOPTASA-N,Cc1cccc(C(=O)/N=c2\scc(C)n2-c2ccc(S(N)(=O)=O)cc2)c1,1,BindingDB,1,Canavalia ensiformis,1,Canavalia ensiformis,10.1111/cbdd.12675,1,10.1111/cbdd.12675,IC50,1,7.060480747381382,7.060480747381382,7.060480747381382,0.0,Active,True,False,387.4860000000001,387.071133404,26,26,2.5441400000000005,100.82870000000001,94.51999999999998,4,1,3,3,3,0,0.1111111111111111,1140.9244732864622,0,1,8,1,0,2,0,370.3500000000001,2,6,O=C(N=c1sccn1-c1ccccc1)c1ccccc1
UIREF-0798,QVRTVQNIZWUYNN-UHFFFAOYSA-N,Oc1[nH]c2ccc(F)cc2c1N=NC(=S)Nc1ccc(OC(F)(F)F)cc1,1,ChEMBL,1,Canavalia ensiformis,1,Canavalia ensiformis,CHEMBL3044957,1,CHEMBL3044957,IC50,0,,,,,Active,True,False,398.34100000000007,398.04605943999996,27,27,5.391900000000002,93.7832,82.0,4,3,3,3,3,0,0.0625,1015.672447053878,0,0,11,1,0,2,0,388.2610000000001,3,6,S=C(N=Nc1c[nH]c2ccccc12)Nc1ccccc1
UIREF-0799,QVWAEZJXDYOKEH-UHFFFAOYSA-N,O=C(O)CCc1cccc(O)c1,3,PubChem,1,Sporosarcina pasteurii,1,Sporosarcina pasteurii,10.1016/j.bmcl.2017.02.022,1,10.1016/j.bmcl.2017.02.022,Ki,3,4.709965388637482,3.723538195826756,4.749579997691106,1.0260418018643502,Unspecified,False,False,166.176,166.06299418,12,12,1.4094,44.06360000000002,57.53,2,2,3,1,1,0,0.2222222222222222,280.85706625991145,0,0,3,0,0,1,0,156.09599999999998,2,3,c1ccccc1
UIREF-0800,QWHNAKUZHAKLEN-UHFFFAOYSA-N,CCOC(=O)c1ccc(NC(=S)NC(=O)c2cccc(Cl)c2)cc1,2,BindingDB|PubChem,2,"Canavalia ensiformis|Urease, unspecified origin",2,Canavalia ensiformis,10.1016/j.bioorg.2013.10.001,1,10.1016/j.bioorg.2013.10.001,IC50,1,6.585026652029182,6.585026652029182,6.585026652029182,0.0,Active,True,False,362.8380000000001,362.04919102,24,24,3.6435000000000013,97.5374,67.43,4,2,4,2,2,0,0.11764705882352941,762.6859011144528,0,1,7,0,0,2,0,347.718,2,5,O=C(NC(=S)Nc1ccccc1)c1ccccc1
UIREF-0801,QWTASZLSCWFKMY-UHFFFAOYSA-N,Cc1cccc(NC(=S)NNC(=O)c2ccc(-c3nc4ccccc4s3)cc2)c1,1,BindingDB,1,Canavalia ensiformis,1,Canavalia ensiformis,10.1016/j.bioorg.2016.03.010,1,10.1016/j.bioorg.2016.03.010,IC50,1,4.728158393463501,4.728158393463501,4.728158393463501,0.0,Active,True,False,418.54700000000014,418.09220319599996,29,29,4.903120000000003,123.0576,66.05,4,3,3,4,4,0,0.045454545454545456,1151.8791119535647,0,1,7,1,0,3,0,400.4030000000002,3,5,O=C(NNC(=S)Nc1ccccc1)c1ccc(-c2nc3ccccc3s2)cc1
UIREF-0802,QXJARUOVOUYTDI-UHFFFAOYSA-N,CCCCOc1ccc(-n2[se]c3ccccc3c2=O)cc1,3,PubChem,1,Proteus mirabilis|Sporosarcina pasteurii,2,Proteus mirabilis,10.1021/acs.jmedchem.2c01799,1,10.1021/acs.jmedchem.2c01799,IC50|IC90|Ki,2,7.620862062997637,6.492144128304169,8.749579997691106,2.2574358693869367,Active,True,False,346.288,347.042450084,21,21,3.226600000000002,86.88800000000003,31.23,2,0,5,3,3,0,0.23529411764705882,786.4053649069481,0,0,4,1,0,2,0,329.1520000000001,0,3,O=c1c2ccccc2[se]n1-c1ccccc1
UIREF-0803,QXONPLHZUKZUDF-UHFFFAOYSA-N,S=C(Nc1cccnc1)Nc1cccc(Cl)c1,3,BindingDB|ChEMBL|PubChem,3,Canavalia ensiformis,1,Canavalia ensiformis,10.1016/j.ejmech.2014.01.001|CHEMBL3120147,2,10.1016/j.ejmech.2014.01.001,IC50,3,4.611543547299734,4.611543547299734,4.611543547299734,0.0,Active|Unspecified,True,False,263.753,263.028396,17,17,3.5439000000000016,75.53240000000002,36.95,2,2,2,2,2,0,0.0,516.1690076839118,0,0,5,1,0,1,0,253.67299999999997,2,3,S=C(Nc1ccccc1)Nc1cccnc1
UIREF-0804,QYRLYHXXTWELDH-VQHVLOKHSA-N,O=C(O)/C(=C/c1ccc(F)cc1)CCP(=O)(O)O,2,PubChem,1,Sporosarcina pasteurii,1,Sporosarcina pasteurii,10.1016/j.ejmech.2017.03.070,1,10.1016/j.ejmech.2017.03.070,Ki,2,4.522596637197649,4.490797477668897,4.554395796726403,0.06359831905750557,Unspecified,False,False,274.1839999999999,274.040638334,18,18,1.8615000000000004,63.54090000000003,94.83,2,3,5,1,1,0,0.18181818181818182,502.6697866735077,0,0,7,0,0,1,0,262.08799999999997,3,5,c1ccccc1
UIREF-0805,RAMJXWIOBUJIKL-UHFFFAOYSA-N,O=C(O)CCP(=O)(O)CC(C(=O)O)c1ccc(O)c(O)c1,2,PubChem,1,Helicobacter pylori|Sporosarcina pasteurii,2,Sporosarcina pasteurii,10.1016/j.ejmech.2023.115528,1,10.1016/j.ejmech.2023.115528,IC50|Ki,2,5.1224957746313615,5.032452023781138,5.212539525481585,0.18008750170044685,Active,True,False,318.2180000000001,318.05045407,21,21,1.0110999999999999,71.96050000000002,152.35999999999999,5,5,7,1,1,0,0.3333333333333333,596.9202646257239,0,0,9,0,0,1,0,303.098,5,8,c1ccccc1
UIREF-0806,RBGNZVHNCUPPPK-FYJGNVAPSA-N,C(=N\c1nc(-c2ccccc2)cs1)/c1ccc2ccccc2c1,2,BindingDB|PubChem,2,"Canavalia ensiformis|Urease, unspecified origin",2,Canavalia ensiformis,,0,,IC50,1,5.0301183562534995,5.0301183562534995,5.0301183562534995,0.0,Active,True,False,314.413,314.08776944799996,23,23,5.713900000000003,98.75200000000001,25.25,3,0,3,4,4,0,0.0,971.0422802604963,0,0,3,1,0,3,0,300.30100000000004,0,2,C(=Nc1nc(-c2ccccc2)cs1)c1ccc2ccccc2c1
UIREF-0807,RCBMIQUOLGBQOZ-UHFFFAOYSA-N,O=C1N=c2ccc(Cl)cc2=C1Cc1ccc(C(=O)NN=Cc2ccccc2O)cc1,2,BindingDB|ChEMBL,2,Canavalia ensiformis,1,Canavalia ensiformis,10.1016/j.bmcl.2015.05.069|CHEMBL3600348,2,CHEMBL3600348,IC50,2,3.9215431819467073,3.9215431819467073,3.9215431819467073,0.0,Active,True,False,417.85200000000003,417.088019052,30,30,2.3627000000000002,113.96099999999998,91.12,4,2,5,4,3,1,0.043478260869565216,1298.0137841534524,0,2,7,0,1,3,0,401.72400000000016,2,6,O=C1N=c2ccccc2=C1Cc1ccc(C(=O)NN=Cc2ccccc2)cc1
UIREF-0808,RCJBTBKQOOZEEF-UHFFFAOYSA-N,COc1ccc(NC(=S)Nc2ccccc2SSc2ccccc2NC(=S)Nc2ccc(OC)cc2)cc1,3,BindingDB|ChEMBL|PubChem,3,Canavalia ensiformis,1,Canavalia ensiformis,10.1016/j.bmc.2015.10.017|CHEMBL3627633,2,10.1016/j.bmc.2015.10.017,IC50,3,5.376750709602099,5.376750709602099,5.376750709602099,0.0,Active,True,False,578.8100000000002,578.0938600720001,38,38,8.121000000000004,170.27279999999973,66.58,6,4,9,4,4,0,0.07142857142857142,1275.5095301814056,0,0,10,0,0,4,0,552.6020000000002,4,6,S=C(Nc1ccccc1)Nc1ccccc1SSc1ccccc1NC(=S)Nc1ccccc1
UIREF-0809,RCSKEOZFEKWCMW-UHFFFAOYSA-N,NS(=O)(=O)c1ccc(NC(=S)NC(=O)c2cccc(F)c2)cc1,2,BindingDB|ChEMBL,2,Canavalia ensiformis,1,Canavalia ensiformis,10.1007/s00044-012-0376-4|CHEMBL3045259,2,CHEMBL3045259,Ki,2,5.826813731587726,5.826813731587726,5.826813731587726,0.0,Active,True,False,353.40000000000003,353.030411464,23,23,1.5999,87.9021,101.28999999999999,4,3,3,2,2,0,0.0,851.8261428275018,0,1,9,0,0,2,0,341.3040000000001,4,6,O=C(NC(=S)Nc1ccccc1)c1ccccc1
UIREF-0810,RDKKBVHEHXPZQH-UHFFFAOYSA-N,COc1ccc(NCc2ccc(N(C)C)cc2)cc1,2,PubChem,1,Helicobacter pylori,1,Helicobacter pylori,10.1016/j.bmc.2015.06.014,1,10.1016/j.bmc.2015.06.014,IC50,1,3.3010299956639813,3.3010299956639813,3.3010299956639813,0.0,Inconclusive|Unspecified,False,False,256.349,256.15756326,19,19,3.373300000000002,81.08970000000005,24.5,3,1,5,2,2,0,0.25,503.277071842468,0,0,3,0,0,2,0,236.18899999999996,1,3,c1ccc(CNc2ccccc2)cc1
UIREF-0811,RDLYDUNKGXKLPR-UHFFFAOYSA-N,CN(C)CC(=O)NCP(=O)(O)CO,2,PubChem,1,Proteus vulgaris|Sporosarcina pasteurii,2,Proteus vulgaris,10.1021/jm100340m,1,10.1021/jm100340m,IC50,2,5.866531544420413,5.667561540084394,6.065501548756432,0.3979400086720375,Active,True,False,210.17,210.07694358999998,13,13,-1.1580999999999997,48.47480000000003,89.87,4,3,5,0,0,0,0.8333333333333334,218.67979131012987,0,1,7,0,0,0,0,195.04999999999995,3,6,
UIREF-0812,RDSYWVSUOKJKJT-UHFFFAOYSA-N,O=[N+]([O-])c1cccc(N(CC(O)=NO)S(=O)(=O)c2ccccc2F)c1,1,PubChem,1,Helicobacter pylori,1,Helicobacter pylori,10.1016/j.bmcl.2022.129043,1,10.1016/j.bmcl.2022.129043,IC50,1,5.161150909262744,5.161150909262744,5.161150909262744,0.0,Active,True,False,369.33000000000004,369.043084324,25,25,2.2749000000000006,85.87850000000003,133.34,6,2,6,2,2,0,0.07142857142857142,931.6692569602055,0,0,11,0,0,2,0,357.23400000000015,2,9,O=S(=O)(Nc1ccccc1)c1ccccc1
UIREF-0813,REECYGQITUNSCV-FCHUYYIVSA-N,COc1cc(CC[C@H](C[C@H](CCc2ccc(O)cc2)OC(C)=O)OC(C)=O)cc(OC)c1O,1,PubChem,1,"Urease, unspecified origin",1,"Urease, unspecified origin",10.1039/d3md00645j,1,10.1039/d3md00645j,IC50,1,3.6020599913279625,3.6020599913279625,3.6020599913279625,0.0,Unspecified,False,False,460.5230000000003,460.20971798399984,33,33,3.9339000000000035,121.68460000000006,111.52000000000001,8,2,12,2,2,0,0.44,897.4993098212681,0,0,8,0,0,2,0,428.2670000000002,2,8,c1ccc(CCCCCCCc2ccccc2)cc1
UIREF-0814,REFJWTPEDVJJIY-UHFFFAOYSA-N,O=c1c(O)c(-c2ccc(O)c(O)c2)oc2cc(O)cc(O)c12,1,PubChem,1,Helicobacter pylori,1,Helicobacter pylori,10.1016/j.ejmech.2013.03.016,1,10.1016/j.ejmech.2013.03.016,IC50,1,4.958607314841775,4.958607314841775,4.958607314841775,0.0,Unspecified,False,False,302.23800000000006,302.04265266,22,22,1.988,76.244,131.36,7,5,1,3,3,0,0.0,956.2426827834672,0,0,7,1,0,2,0,292.158,5,7,O=c1cc(-c2ccccc2)oc2ccccc12
UIREF-0815,RETMDRSAJYWULY-UHFFFAOYSA-N,O=c1c2ccccc2[se]n1-c1ccccc1O,3,PubChem,1,Proteus mirabilis|Sporosarcina pasteurii,2,Proteus mirabilis,10.1021/acs.jmedchem.2c01799,1,10.1021/acs.jmedchem.2c01799,IC50|IC90|Ki,2,8.31120118694554,7.774690718274137,8.847711655616944,1.0730209373428075,Active,True,False,290.18,290.979849828,17,17,1.7532999999999999,68.14980000000001,42.230000000000004,2,1,1,3,3,0,0.0,742.2593188940273,0,0,4,1,0,2,0,281.108,1,3,O=c1c2ccccc2[se]n1-c1ccccc1
UIREF-0816,RGSGSSVNDBRBSG-UHFFFAOYSA-N,ON=C(O)CC(O)c1cccc(Cl)c1,5,PubChem,1,Helicobacter pylori,1,Helicobacter pylori,10.1016/j.ejmech.2013.07.047|10.1016/j.ejmech.2022.114273,2,10.1016/j.ejmech.2013.07.047,IC50|Ki,5,7.080921907623926,6.443697499232712,7.853871964321762,1.4101744650890495,Active,True,False,215.63600000000002,215.03492086,14,14,2.1091999999999995,52.87910000000002,73.05000000000001,3,3,3,1,1,0,0.2222222222222222,340.5838810441725,0,0,5,0,0,1,0,205.55599999999998,3,4,c1ccccc1
UIREF-0817,RHNGPWBWGMSBFJ-UHFFFAOYSA-N,COc1ccc(C=C2C(=O)NC(=S)NC2=O)cc1OC,1,PubChem,1,Sporosarcina pasteurii,1,Sporosarcina pasteurii,10.1016/j.bmc.2014.05.057,1,10.1016/j.bmc.2014.05.057,IC50,1,4.844663962534939,4.844663962534939,4.844663962534939,0.0,Unspecified,False,False,292.3160000000001,292.051777864,20,20,0.6181,76.40640000000002,76.66000000000001,5,2,3,2,1,1,0.15384615384615385,602.7972129356573,0,2,7,0,1,1,0,280.22,2,6,O=C1NC(=S)NC(=O)C1=Cc1ccccc1
UIREF-0818,RIBSUQIVIZZCQR-UHFFFAOYSA-N,Cc1ccc(CC(CP(=O)(O)O)C(=O)O)cc1,2,PubChem,1,Sporosarcina pasteurii,1,Sporosarcina pasteurii,10.1016/j.ejmech.2017.03.070,1,10.1016/j.ejmech.2017.03.070,Ki,2,4.050155395153945,4.044793462458058,4.055517327849832,0.010723865391773835,Unspecified,False,False,258.21,258.06571021,17,17,1.4160199999999998,62.91990000000003,94.83,2,3,5,1,1,0,0.36363636363636365,433.6799418941322,0,0,6,0,0,1,0,243.08999999999995,3,5,c1ccccc1
UIREF-0819,RIDWNCYOYKOUAC-HZPDHXFCSA-N,COc1cc(CC[C@@H](O)C[C@H](O)CCc2ccc(O)c(O)c2)ccc1O,1,PubChem,1,"Urease, unspecified origin",1,"Urease, unspecified origin",10.1039/d3md00645j,1,10.1039/d3md00645j,IC50,1,4.661543506395395,4.661543506395395,4.661543506395395,0.0,Unspecified,False,False,362.422,362.17293855199995,26,26,2.4893000000000023,97.70300000000003,110.38000000000001,6,5,9,2,2,0,0.4,715.4427486211525,0,0,6,0,0,2,0,336.2140000000001,5,6,c1ccc(CCCCCCCc2ccccc2)cc1
UIREF-0820,RIRTUCMKBRKEEJ-UHFFFAOYSA-N,COc1ccc(CCc2ccccc2O)cc1OC,2,PubChem,1,Helicobacter pylori,1,Helicobacter pylori,10.1016/j.ejmech.2010.08.015,1,10.1016/j.ejmech.2010.08.015,IC50,1,3.6439741428068775,3.6439741428068775,3.6439741428068775,0.0,Inconclusive|Unspecified,False,False,258.317,258.12559443600003,19,19,3.194600000000002,75.06080000000004,38.69,3,1,5,2,2,0,0.25,549.4403512081909,0,0,3,0,0,2,0,240.17299999999994,1,3,c1ccc(CCc2ccccc2)cc1
UIREF-0821,RJRHTGXBEVDSJF-UHFFFAOYSA-N,Cn1c2ccccc2c2cc(-c3cc(-c4cccs4)nc(N)n3)ccc21,1,BindingDB,1,Canavalia ensiformis,1,Canavalia ensiformis,10.3109/14756366.2012.740477,1,10.3109/14756366.2012.740477,IC50,0,,,,,Active,True,False,356.45400000000006,356.10956751200007,26,26,5.099200000000002,109.1764,56.730000000000004,4,1,2,5,5,0,0.047619047619047616,1252.2343220708137,0,0,5,3,0,2,0,340.326,2,4,c1csc(-c2cc(-c3ccc4[nH]c5ccccc5c4c3)ncn2)c1
UIREF-0822,RJZAQQXEFJDQTR-UHFFFAOYSA-N,S=C(NCc1ccco1)Nc1ccccc1,3,BindingDB|ChEMBL|PubChem,3,Canavalia ensiformis,1,Canavalia ensiformis,10.1016/j.ejmech.2014.01.001|CHEMBL3120147,2,10.1016/j.ejmech.2014.01.001,IC50,3,4.489991487059766,4.489991487059766,4.489991487059766,0.0,Active|Unspecified,True,False,232.30800000000002,232.067034004,16,16,2.7662000000000004,68.21040000000002,37.2,2,2,3,2,2,0,0.08333333333333333,439.3070244675725,0,0,4,1,0,1,0,220.21199999999996,2,3,S=C(NCc1ccco1)Nc1ccccc1
UIREF-0823,RKTZKVKYRBHOFG-UHFFFAOYSA-N,O=C(NC(=S)Nc1cccc(Cl)c1Cl)c1ccccc1,3,BindingDB|ChEMBL|PubChem,3,Canavalia ensiformis,1,Canavalia ensiformis,10.1016/j.ejmech.2013.10.012|CHEMBL3085707,2,10.1016/j.ejmech.2013.10.012,IC50,3,4.492144128304169,4.492144128304169,4.492144128304169,0.0,Active|Unspecified,True,False,325.22,323.9890893,20,20,4.120200000000002,86.5909,41.13,2,2,2,2,2,0,0.0,646.8770925467023,0,1,6,0,0,2,0,315.1400000000001,2,3,O=C(NC(=S)Nc1ccccc1)c1ccccc1
UIREF-0824,RLHODIOPOCIQRT-UHFFFAOYSA-N,Cc1cccc(C)c1Nc1nnc(-c2ccccc2Cl)s1,2,BindingDB|ChEMBL,2,Canavalia ensiformis,1,Canavalia ensiformis,10.1016/j.ejmech.2010.08.034|CHEMBL1275315,2,CHEMBL1275315,IC50,2,3.504178246614094,3.504178246614094,3.504178246614094,0.0,Active,True,False,315.82900000000006,315.059696128,21,21,5.218940000000002,89.55370000000002,37.81,4,1,3,3,3,0,0.125,762.4481956714404,0,0,5,1,0,2,0,301.717,1,3,c1ccc(Nc2nnc(-c3ccccc3)s2)cc1
UIREF-0825,RMAATOGRGACDGI-UHFFFAOYSA-N,O=C(NCP(O)(=S)CO)OCc1ccccc1,2,PubChem,1,Proteus vulgaris|Sporosarcina pasteurii,2,Proteus vulgaris,10.1021/jm100340m,1,10.1021/jm100340m,IC50,2,2.9291309189751256,2.8477116556169433,3.010550182333308,0.16283852671636456,Unspecified,False,False,275.26599999999996,275.038115558,17,17,1.2069,68.21930000000003,78.79,4,3,5,1,1,0,0.3,412.026741649231,0,1,7,0,0,1,0,261.15399999999994,3,5,c1ccccc1
UIREF-0826,RMRGVCDIEKPKBZ-UHFFFAOYSA-N,O=C(NC(=S)Nc1c(Cl)cccc1Cl)c1cccc(Cl)c1,3,BindingDB|ChEMBL|PubChem,3,Canavalia ensiformis,1,Canavalia ensiformis,10.1016/j.bmc.2016.07.042|CHEMBL3826920,2,10.1016/j.bmc.2016.07.042,IC50,3,5.269217724333611,5.269217724333611,5.269217724333611,0.0,Active,True,False,359.6650000000001,357.950116948,21,21,4.773600000000002,91.6009,41.13,2,2,2,2,2,0,0.0,686.118517374605,0,1,7,0,0,2,0,350.59300000000013,2,3,O=C(NC(=S)Nc1ccccc1)c1ccccc1
UIREF-0827,RMRRVOJUHINZFO-UHFFFAOYSA-N,ON=C(O)CNc1ccc(Cl)c(Cl)c1,2,PubChem,1,Helicobacter pylori,1,Helicobacter pylori,10.1016/j.ejmech.2018.06.065,1,10.1016/j.ejmech.2018.06.065,IC50,2,5.250046538546233,4.380906669373258,6.119186407719209,1.738279738345951,Active|Unspecified,True,False,235.07,233.996282856,14,14,2.7510000000000003,56.802000000000014,64.85000000000001,3,3,3,1,1,0,0.125,355.194557810506,0,0,6,0,0,1,0,227.006,3,4,c1ccccc1
UIREF-0828,RMTQELHAFRCYDW-UHFFFAOYSA-N,O=C1NC(=S)NC(=O)C1=Cc1ccc(O)c(O)c1O,1,PubChem,1,Sporosarcina pasteurii,1,Sporosarcina pasteurii,10.1016/j.bmc.2014.05.057,1,10.1016/j.bmc.2014.05.057,IC50,1,4.598599459218456,4.598599459218456,4.598599459218456,0.0,Unspecified,False,False,280.261,280.015392356,19,19,-0.28230000000000016,68.29679999999999,118.89000000000001,6,5,1,2,1,1,0.0,616.2178701623474,0,2,8,0,1,1,0,272.197,5,7,O=C1NC(=S)NC(=O)C1=Cc1ccccc1
UIREF-0829,RNYJLQJKOAWWGF-RGVLZGJSSA-N,C/C(=N\NC(=S)Nc1ccc(F)cc1)c1cc2ccccc2o1,1,PubChem,1,"Urease, unspecified origin",1,"Urease, unspecified origin",,0,,IC50,0,,,,,Active,True,False,327.38400000000007,327.08416128799996,23,23,4.282500000000002,94.1814,49.56,3,2,3,3,3,0,0.058823529411764705,837.9356816401735,0,0,6,1,0,2,0,313.27200000000005,2,4,S=C(NN=Cc1cc2ccccc2o1)Nc1ccccc1
UIREF-0830,RNYJLQJKOAWWGF-UHFFFAOYSA-N,CC(=NNC(=S)Nc1ccc(F)cc1)c1cc2ccccc2o1,1,BindingDB,1,Canavalia ensiformis,1,Canavalia ensiformis,10.1016/j.bioorg.2015.06.004,1,10.1016/j.bioorg.2015.06.004,IC50,1,6.752026733638194,6.752026733638194,6.752026733638194,0.0,Active,True,False,327.38400000000007,327.08416128799996,23,23,4.282500000000002,94.1814,49.56,3,2,3,3,3,0,0.058823529411764705,837.9356816401735,0,0,6,1,0,2,0,313.27200000000005,2,4,S=C(NN=Cc1cc2ccccc2o1)Nc1ccccc1
UIREF-0831,ROCWONVWEMBXNL-UHFFFAOYSA-N,Cc1ccc(OCC(O)=NO)cc1,2,PubChem,1,Helicobacter pylori,1,Helicobacter pylori,10.1016/j.bmc.2018.07.003,1,10.1016/j.bmc.2018.07.003,IC50,1,4.243363891754152,4.243363891754152,4.243363891754152,0.0,Inconclusive|Unspecified,False,False,181.191,181.073893212,13,13,1.71952,48.52430000000001,62.05,3,2,3,1,1,0,0.2222222222222222,292.23305328030176,0,0,4,0,0,1,0,170.10299999999995,2,4,c1ccccc1
UIREF-0832,RQRGZZGJHPJUST-UHFFFAOYSA-N,O=C(Cc1ccc(O)c(O)c1)OCCc1ccc(F)cc1,1,PubChem,1,Sporosarcina pasteurii,1,Sporosarcina pasteurii,10.1016/j.bmcl.2019.02.032,1,10.1016/j.bmcl.2019.02.032,IC50,1,3.9730583720409705,3.9730583720409705,3.9730583720409705,0.0,Unspecified,False,False,290.28999999999996,290.09543718000003,21,21,2.5653000000000006,74.53860000000003,66.76,4,2,5,2,2,0,0.1875,622.6741448282653,0,0,5,0,0,2,0,275.16999999999996,2,4,O=C(Cc1ccccc1)OCCc1ccccc1
UIREF-0833,RRKUVVSORJPCBI-UHFFFAOYSA-N,CCC(Oc1ccc(Cl)c(Cl)c1)c1nnc(Nc2ccc(F)cc2)o1,1,BindingDB,1,Canavalia ensiformis,1,Canavalia ensiformis,10.1111/cbdd.12297,1,10.1111/cbdd.12297,IC50,1,5.095825631715837,5.095825631715837,5.095825631715837,0.0,Active,True,False,382.22200000000004,381.04471026799996,25,25,5.789200000000003,94.10270000000003,60.18000000000001,5,1,6,3,3,0,0.17647058823529413,855.3542270229653,0,0,8,1,0,2,0,368.1100000000001,1,5,c1ccc(Nc2nnc(COc3ccccc3)o2)cc1
UIREF-0834,RRUDCFGSUDOHDG-UHFFFAOYSA-N,CC(O)=NO,39,BindingDB|ChEMBL|PubChem,3,"Canavalia ensiformis|Helicobacter pylori|Proteus mirabilis|Sporosarcina pasteurii|Urease, unspecified origin",5,Helicobacter pylori,10.1016/j.bioorg.2013.10.001|10.1016/j.bmc.2015.06.014|10.1016/j.bmc.2016.07.052|10.1016/j.bmc.2018.07.003|10.1016/j.bmcl.2015.05.069|10.1016/j.bmcl.2017.02.022|10.1016/j.bmcl.2018.08.025|10.1016/j.bmcl.2019.02.032|10.1016/j.bmcl.2022.129043|10.1016/j.ejmech.2010.08.015|10.1016/j.ejmech.2013.03.016|10.1016/j.ejmech.2013.07.047|10.1016/j.ejmech.2013.10.012|10.1016/j.ejmech.2018.06.065|10.1016/j.ejmech.2022.114273|10.1016/j.ejmech.2023.115528|10.1021/acs.jmedchem.6b00986|10.1021/jm100340m|10.1021/jm800570q|10.1021/ml500380f|10.1021/np060242y|CHEMBL1158139|CHEMBL3085707|CHEMBL3600348|CHEMBL4265894,25,10.1021/acs.jmedchem.6b00986,IC50|Ki,36,4.556743357330593,3.7644715530924513,5.585026652029182,1.8205550989367305,Active|Inactive|Unspecified,True,True,75.067,75.0320284,5,5,0.352,17.524300000000004,52.82000000000001,2,2,0,0,0,0,0.5,45.609640474436816,0,0,3,0,0,0,0,70.027,2,3,
UIREF-0835,RSAGPRLVSMRHGK-JZJYNLBNSA-N,Cc1cs/c(=N\C(=O)c2ccc([N+](=O)[O-])cc2Cl)n1-c1ccc(S(N)(=O)=O)cc1,2,BindingDB|ChEMBL,2,Canavalia ensiformis,1,Canavalia ensiformis,10.1111/cbdd.12675|CHEMBL5137004,2,CHEMBL5137004,IC50,2,7.236572006437063,7.236572006437063,7.236572006437063,0.0,Active,True,False,452.9010000000001,452.001589196,29,29,2.79732,107.75609999999999,137.66,6,1,4,3,3,0,0.058823529411764705,1294.1026062430199,0,1,12,1,0,2,0,439.79700000000014,2,9,O=C(N=c1sccn1-c1ccccc1)c1ccccc1
UIREF-0836,RSAGPRLVSMRHGK-UHFFFAOYSA-N,Cc1csc(=NC(=O)c2ccc([N+](=O)[O-])cc2Cl)n1-c1ccc(S(N)(=O)=O)cc1,2,PubChem,1,Canavalia ensiformis,1,Canavalia ensiformis,10.1016/j.ejmech.2022.114273,1,10.1016/j.ejmech.2022.114273,IC50,1,7.236572006437063,7.236572006437063,7.236572006437063,0.0,Active,True,False,452.9010000000001,452.001589196,29,29,2.79732,107.75609999999999,137.66,6,1,4,3,3,0,0.058823529411764705,1294.1026062430199,0,1,12,1,0,2,0,439.79700000000014,2,9,O=C(N=c1sccn1-c1ccccc1)c1ccccc1
UIREF-0837,RSAQNNSTBCFCBU-UHFFFAOYSA-N,S=C(NCc1ccncc1)Nc1cccc(Cl)c1,3,BindingDB|ChEMBL|PubChem,3,Canavalia ensiformis,1,Canavalia ensiformis,10.1016/j.ejmech.2014.01.001|CHEMBL3120147,2,10.1016/j.ejmech.2014.01.001,IC50,3,4.6439741428068775,4.6439741428068775,4.6439741428068775,0.0,Active|Unspecified,True,False,277.78000000000003,277.044046064,18,18,3.2216000000000014,78.74940000000002,36.95,2,2,3,2,2,0,0.07692307692307693,530.7693827771673,0,0,5,1,0,1,0,265.68399999999997,2,3,S=C(NCc1ccncc1)Nc1ccccc1
UIREF-0838,RSHSXMAXCARJQE-UHFFFAOYSA-N,O=C(NC(=S)Nc1cc(Cl)cc(Cl)c1)c1cccc(Cl)c1,3,BindingDB|ChEMBL|PubChem,3,Canavalia ensiformis,1,Canavalia ensiformis,10.1016/j.bmc.2016.07.042|CHEMBL3826920,2,10.1016/j.bmc.2016.07.042,IC50,3,5.185086818724926,5.185086818724926,5.185086818724926,0.0,Active,True,False,359.6650000000001,357.950116948,21,21,4.773600000000002,91.6009,41.13,2,2,2,2,2,0,0.0,686.118517374605,0,1,7,0,0,2,0,350.59300000000013,2,3,O=C(NC(=S)Nc1ccccc1)c1ccccc1
UIREF-0839,RTCVAWRRHHSOCC-NYYWCZLTSA-N,COc1ccc(/C=C/C(=O)c2ccc(O)cc2)cc1,1,PubChem,1,"Urease, unspecified origin",1,"Urease, unspecified origin",10.1016/j.ejmech.2022.114273,1,10.1016/j.ejmech.2022.114273,IC50,1,4.938924676370208,4.938924676370208,4.938924676370208,0.0,Unspecified,False,False,254.285,254.094294308,19,19,3.2969000000000017,74.46530000000003,46.53,3,1,4,2,2,0,0.0625,580.3960401172849,0,0,3,0,0,2,0,240.17299999999994,1,3,O=C(C=Cc1ccccc1)c1ccccc1
UIREF-0840,RTHWSIGJWWQEPS-UHFFFAOYSA-N,ON=C(O)CCNc1ccc(Cl)c(Cl)c1,2,PubChem,1,Helicobacter pylori,1,Helicobacter pylori,10.1016/j.ejmech.2018.06.065,1,10.1016/j.ejmech.2018.06.065,IC50,2,5.279396024977608,4.410050398674292,6.1487416512809245,1.7386912526066327,Active|Unspecified,True,False,249.097,248.01193292,15,15,3.1411000000000007,61.41900000000002,64.85000000000001,3,3,4,1,1,0,0.2222222222222222,369.1300188482176,0,0,6,0,0,1,0,239.017,3,4,c1ccccc1
UIREF-0841,RTIXKCRFFJGDFG-UHFFFAOYSA-N,O=c1cc(-c2ccccc2)oc2cc(O)cc(O)c12,1,PubChem,1,Helicobacter pylori,1,Helicobacter pylori,10.1016/j.ejmech.2013.03.016,1,10.1016/j.ejmech.2013.03.016,IC50,1,3.519993057042849,3.519993057042849,3.519993057042849,0.0,Unspecified,False,False,254.24099999999999,254.0579088,19,19,2.8712000000000013,71.24960000000002,70.67,4,2,1,3,3,0,0.0,803.4836768266102,0,0,4,1,0,2,0,244.16099999999994,2,4,O=c1cc(-c2ccccc2)oc2ccccc12
UIREF-0842,RTXWFIFRWIKVQO-UHFFFAOYSA-N,NNC(=O)Cn1c(C2CC2)nc2cc(Cl)c(Cl)cc21,3,BindingDB|ChEMBL|PubChem,3,Canavalia ensiformis,1,Canavalia ensiformis,10.1016/j.bmcl.2017.05.019|CHEMBL4033708,2,10.1016/j.bmcl.2017.05.019,IC50,3,5.71669877129645,5.71669877129645,5.71669877129645,0.0,Active,True,False,299.161,298.038816364,19,19,2.2104,74.05810000000001,72.94,3,2,3,3,2,1,0.3333333333333333,663.2834025030269,0,1,7,1,0,1,1,287.06500000000005,3,5,c1ccc2[nH]c(C3CC3)nc2c1
UIREF-0843,RUJMUMKEGXFKJV-UHFFFAOYSA-N,O=C1N=c2ccc(Cl)cc2=C1Cc1ccc(C(=O)NN=Cc2c(O)cc(O)cc2O)cc1,3,BindingDB|ChEMBL|PubChem,3,"Canavalia ensiformis|Urease, unspecified origin",2,Canavalia ensiformis,10.1016/j.bmcl.2015.05.069|10.1016/j.ejmech.2022.114273|CHEMBL3600348,3,CHEMBL3600348,IC50,3,4.886056647693163,4.886056647693163,4.886056647693163,0.0,Active|Unspecified,True,False,449.8500000000001,449.07784829199994,32,32,1.7738999999999998,117.29059999999998,131.58,6,4,5,4,3,1,0.043478260869565216,1375.1146510603446,0,2,9,0,1,3,0,433.7220000000002,4,8,O=C1N=c2ccccc2=C1Cc1ccc(C(=O)NN=Cc2ccccc2)cc1
UIREF-0844,RURHILYUWQEGOS-VOTSOKGWSA-N,Cc1ccc(/C=C/C(=O)O)cc1,3,PubChem,1,Sporosarcina pasteurii,1,Sporosarcina pasteurii,10.1016/j.bmcl.2017.02.022,1,10.1016/j.bmcl.2017.02.022,Ki,3,4.465973893943865,3.1985962899826452,4.492144128304169,1.2935478383215235,Unspecified,False,False,162.18800000000002,162.06807956,12,12,2.09282,47.84880000000002,37.3,1,1,2,1,1,0,0.1,296.11954751006243,0,0,2,0,0,1,0,152.10799999999998,1,2,c1ccccc1
UIREF-0845,RVRYXNAVIUFWBP-UHFFFAOYSA-N,O=c1[nH]c(=S)[nH]c(O)c1C=Nc1cc([N+](=O)[O-])ccc1C(F)(F)F,2,BindingDB|PubChem,2,Canavalia ensiformis,1,Canavalia ensiformis,10.1016/j.bmc.2015.05.038,1,10.1016/j.bmc.2015.05.038,IC50,2,4.542118103266008,4.542118103266008,4.542118103266008,0.0,Active|Unspecified,True,False,360.273,360.01401036400006,24,24,2.81569,79.2646,124.38,6,3,3,2,2,0,0.08333333333333333,948.5398765080112,0,0,12,1,0,1,0,353.21700000000004,3,8,O=c1[nH]c(=S)[nH]cc1C=Nc1ccccc1
UIREF-0846,RZFGGGFWZNQREW-UHFFFAOYSA-N,Brc1ccc(-c2[nH]c3ccccc3c2-c2nc(-c3ccccc3)c(-c3ccccc3)n2-c2ccc(Br)cc2)cc1,3,BindingDB|ChEMBL|PubChem,3,Canavalia ensiformis,1,Canavalia ensiformis,10.1016/j.ejmech.2015.08.011|CHEMBL3621141,2,10.1016/j.ejmech.2015.08.011,IC50,3,4.945004138470859,4.945004138470859,4.945004138470859,0.0,Active|Unspecified,True,False,645.3980000000003,643.025871936,40,40,10.54659999999999,172.56469999999965,33.61,1,1,5,7,7,0,0.0,1937.0051340201805,0,0,5,2,0,5,0,622.2140000000002,1,3,c1ccc(-c2nc(-c3c(-c4ccccc4)[nH]c4ccccc34)n(-c3ccccc3)c2-c2ccccc2)cc1
UIREF-0847,RZNCTENUOIMSLZ-UDWIEESQSA-N,COc1ccc(NC(=S)N/N=C(\C)c2cc3ccccc3o2)cc1,1,PubChem,1,"Urease, unspecified origin",1,"Urease, unspecified origin",,0,,IC50,0,,,,,Active,True,False,339.4200000000001,339.10414778399996,24,24,4.152000000000003,100.7754,58.79,4,2,4,3,3,0,0.1111111111111111,851.6750814593232,0,0,6,1,0,2,0,322.2840000000001,2,5,S=C(NN=Cc1cc2ccccc2o1)Nc1ccccc1
UIREF-0848,RZNCTENUOIMSLZ-UHFFFAOYSA-N,COc1ccc(NC(=S)NN=C(C)c2cc3ccccc3o2)cc1,1,BindingDB,1,Canavalia ensiformis,1,Canavalia ensiformis,10.1016/j.bioorg.2015.06.004,1,10.1016/j.bioorg.2015.06.004,IC50,1,5.583359492661719,5.583359492661719,5.583359492661719,0.0,Active,True,False,339.4200000000001,339.10414778399996,24,24,4.152000000000003,100.7754,58.79,4,2,4,3,3,0,0.1111111111111111,851.6750814593232,0,0,6,1,0,2,0,322.2840000000001,2,5,S=C(NN=Cc1cc2ccccc2o1)Nc1ccccc1
UIREF-0849,RZQZMRPUIJKVGO-UHFFFAOYSA-N,CC(C)C(NC(=O)CNC(=O)Nc1cccc(F)c1)C(=O)NCC(=O)NC(C(=O)N1CCCC1C(=O)N1CCN(c2nsc3ccccc23)CC1)C(C)C,2,BindingDB|ChEMBL,2,Canavalia ensiformis,1,Canavalia ensiformis,10.1016/j.ejmech.2014.09.098|CHEMBL3352339,2,CHEMBL3352339,IC50,2,4.356547323513812,4.356547323513812,4.356547323513812,0.0,Active,True,False,765.9129999999998,765.3432294759999,54,54,2.294500000000003,203.11649999999946,185.18,9,5,13,5,3,2,0.4864864864864865,1846.6635057051776,0,7,17,1,2,2,0,717.5289999999999,5,15,O=C(CNC(=O)CNC(=O)Nc1ccccc1)NCC(=O)NCC(=O)N1CCCC1C(=O)N1CCN(c2nsc3ccccc23)CC1
UIREF-0850,RZRQEPWZMBNBHH-UHFFFAOYSA-N,O=C(NC(=S)Nc1cccc(Br)c1)c1cccc(Cl)c1,3,BindingDB|ChEMBL|PubChem,3,Canavalia ensiformis,1,Canavalia ensiformis,10.1016/j.bmc.2016.07.042|CHEMBL3826920,2,10.1016/j.bmc.2016.07.042,IC50,3,4.696803942579511,4.696803942579511,4.696803942579511,0.0,Active|Unspecified,True,False,369.67100000000005,367.93857372,20,20,4.229300000000001,89.28090000000002,41.13,2,2,2,2,2,0,0.0,663.1270925467022,0,1,6,0,0,2,0,359.59100000000007,2,3,O=C(NC(=S)Nc1ccccc1)c1ccccc1
UIREF-0851,RZYDPOUCFMKMHN-UHFFFAOYSA-N,CCn1c(O)c(C(c2ccccc2)c2c(O)n(CC)c(=S)n(CC)c2=O)c(=O)n(CC)c1=S,1,PubChem,1,"Urease, unspecified origin",1,"Urease, unspecified origin",10.1016/j.bmc.2020.115759,1,10.1016/j.bmc.2020.115759,IC50,1,5.127843727251707,5.127843727251707,5.127843727251707,0.0,Active,True,False,488.6350000000003,488.15519737600005,33,33,3.742980000000002,132.4646,94.32,6,2,7,3,3,0,0.391304347826087,1328.579983060338,0,0,10,2,0,1,0,460.4110000000002,2,8,O=c1[nH]c(=S)[nH]cc1C(c1ccccc1)c1c[nH]c(=S)[nH]c1=O
UIREF-0852,SAIXYCIKEWSEGP-DEDYPNTBSA-N,C/C(=N\NC(=S)Nc1cccc(C)c1)c1cc2ccccc2o1,1,PubChem,1,"Urease, unspecified origin",1,"Urease, unspecified origin",,0,,IC50,0,,,,,Active,True,False,323.42100000000005,323.109233164,23,23,4.451820000000002,98.9604,49.56,3,2,3,3,3,0,0.1111111111111111,849.6138999154676,0,0,5,1,0,2,0,306.285,2,4,S=C(NN=Cc1cc2ccccc2o1)Nc1ccccc1
UIREF-0853,SAIXYCIKEWSEGP-UHFFFAOYSA-N,CC(=NNC(=S)Nc1cccc(C)c1)c1cc2ccccc2o1,1,BindingDB,1,Canavalia ensiformis,1,Canavalia ensiformis,10.1016/j.bioorg.2015.06.004,1,10.1016/j.bioorg.2015.06.004,IC50,1,6.548213564475709,6.548213564475709,6.548213564475709,0.0,Active,True,False,323.42100000000005,323.109233164,23,23,4.451820000000002,98.9604,49.56,3,2,3,3,3,0,0.1111111111111111,849.6138999154676,0,0,5,1,0,2,0,306.285,2,4,S=C(NN=Cc1cc2ccccc2o1)Nc1ccccc1
UIREF-0854,SDIKUDGKBMPDKL-UHFFFAOYSA-N,CC(C)C(NC(=O)CNC(=O)C(Cc1ccccc1)NC(=O)CNC(=S)Nc1ccc(F)cc1)C(=O)N1CCCC1C(=O)N1CCN(c2nsc3ccccc23)CC1,2,BindingDB|ChEMBL,2,Canavalia ensiformis,1,Canavalia ensiformis,10.1016/j.ejmech.2014.09.098|CHEMBL3352339,2,CHEMBL3352339,IC50,2,4.481486060122113,4.481486060122113,4.481486060122113,0.0,Active,True,False,830.0249999999994,829.320385856,58,58,3.0461000000000036,225.6264999999995,168.11,9,5,14,6,4,2,0.3902439024390244,2093.963306947734,0,5,17,1,2,3,0,781.6409999999997,5,14,O=C(CNC(=O)C(Cc1ccccc1)NC(=O)CNC(=S)Nc1ccccc1)NCC(=O)N1CCCC1C(=O)N1CCN(c2nsc3ccccc23)CC1
UIREF-0855,SDKYTWWZLIUWHH-UHFFFAOYSA-N,Cc1ccc(C(=O)N=c2scc(C)n2-c2ccc(S(N)(=O)=O)cc2)cc1,1,PubChem,1,Canavalia ensiformis,1,Canavalia ensiformis,,0,,IC50,0,,,,,Active,True,False,387.4860000000001,387.071133404,26,26,2.5441400000000005,100.82870000000001,94.51999999999998,4,1,3,3,3,0,0.1111111111111111,1123.6744732864622,0,1,8,1,0,2,0,370.3500000000001,2,6,O=C(N=c1sccn1-c1ccccc1)c1ccccc1
UIREF-0856,SDKYTWWZLIUWHH-ZZEZOPTASA-N,Cc1ccc(C(=O)/N=c2\scc(C)n2-c2ccc(S(N)(=O)=O)cc2)cc1,1,BindingDB,1,Canavalia ensiformis,1,Canavalia ensiformis,10.1111/cbdd.12675,1,10.1111/cbdd.12675,IC50,1,7.142667503568731,7.142667503568731,7.142667503568731,0.0,Active,True,False,387.4860000000001,387.071133404,26,26,2.5441400000000005,100.82870000000001,94.51999999999998,4,1,3,3,3,0,0.1111111111111111,1123.6744732864622,0,1,8,1,0,2,0,370.3500000000001,2,6,O=C(N=c1sccn1-c1ccccc1)c1ccccc1
UIREF-0857,SFLXOWMUMKZBLK-UHFFFAOYSA-N,Cc1nc2cc(Cl)c(Cl)cc2n1Cc1n[nH]c(=S)n1-c1ccc([N+](=O)[O-])cc1,2,ChEMBL|PubChem,2,Canavalia ensiformis,1,Canavalia ensiformis,10.1016/j.ejmech.2022.114273|CHEMBL5137004,2,CHEMBL5137004,IC50,2,7.531652669587842,7.531652669587842,7.531652669587842,0.0,Active,True,False,435.2960000000001,434.011949984,28,28,4.851310000000003,108.99510000000001,94.57,5,1,4,4,4,0,0.11764705882352941,1275.5277153816946,0,0,11,2,0,2,0,423.2000000000002,1,8,S=c1[nH]nc(Cn2cnc3ccccc32)n1-c1ccccc1
UIREF-0858,SGLUBPKKPRQWNY-UHFFFAOYSA-N,O=[N+]([O-])c1cccc(CNc2cccc(Cl)c2)c1,2,PubChem,1,Helicobacter pylori,1,Helicobacter pylori,10.1016/j.bmc.2015.06.014,1,10.1016/j.bmc.2015.06.014,IC50,1,3.3868984830330877,3.3868984830330877,3.3868984830330877,0.0,Inconclusive|Unspecified,False,False,262.69599999999997,262.050905272,18,18,3.8603000000000023,71.87510000000003,55.17,3,1,4,2,2,0,0.07692307692307693,572.4226316891575,0,0,5,0,0,2,0,251.60799999999995,1,4,c1ccc(CNc2ccccc2)cc1
UIREF-0859,SGOGEIFJDQKSOL-UHFFFAOYSA-N,ON=C(O)CNc1ccc(F)cc1,2,PubChem,1,Helicobacter pylori,1,Helicobacter pylori,10.1016/j.ejmech.2018.06.065,1,10.1016/j.ejmech.2018.06.065,IC50,1,5.130181792020672,5.130181792020672,5.130181792020672,0.0,Active|Inconclusive,True,False,184.17,184.064805748,13,13,1.5833,46.740000000000016,64.85000000000001,3,3,3,1,1,0,0.125,297.517265795446,0,0,5,0,0,1,0,175.09799999999998,3,4,c1ccccc1
UIREF-0860,SGORGJPJFGJJQR-UHFFFAOYSA-N,CCCCCCOC(=O)Cc1ccc(O)c(O)c1,1,PubChem,1,Sporosarcina pasteurii,1,Sporosarcina pasteurii,10.1016/j.bmcl.2019.02.032,1,10.1016/j.bmcl.2019.02.032,IC50,1,4.204815410317576,4.204815410317576,4.204815410317576,0.0,Unspecified,False,False,252.31,252.13615912,18,18,2.7638000000000016,68.57660000000003,66.76,4,2,7,1,1,0,0.5,387.3804232836144,0,0,4,0,0,1,0,232.14999999999995,2,4,c1ccccc1
UIREF-0861,SHNJCBATXVDZCQ-XDHOZWIPSA-N,CN(C)c1ccc(/C=N/c2nc(-c3ccccc3)cs2)cc1,2,BindingDB|PubChem,2,"Canavalia ensiformis|Urease, unspecified origin",2,Canavalia ensiformis,,0,,IC50,1,4.691222226335279,4.691222226335279,4.691222226335279,0.0,Active|Inactive,True,True,307.422,307.114318544,22,22,4.626700000000003,95.57300000000002,28.490000000000002,4,0,4,3,3,0,0.1111111111111111,758.5410703363892,0,0,4,1,0,2,0,290.286,0,3,C(=Nc1nc(-c2ccccc2)cs1)c1ccccc1
UIREF-0862,SHNZWVZZKRATSW-UHFFFAOYSA-N,COc1cccc(NC(=S)NNC(=O)c2ccc(-c3nc4ccccc4s3)cc2)c1,1,BindingDB,1,Canavalia ensiformis,1,Canavalia ensiformis,10.1016/j.bioorg.2016.03.010,1,10.1016/j.bioorg.2016.03.010,IC50,1,4.550984683652214,4.550984683652214,4.550984683652214,0.0,Active,True,False,434.54600000000016,434.087117816,30,30,4.603300000000003,124.87259999999999,75.28,5,3,4,4,4,0,0.045454545454545456,1172.229468940166,0,1,8,1,0,3,0,416.4020000000002,3,6,O=C(NNC(=S)Nc1ccccc1)c1ccc(-c2nc3ccccc3s2)cc1
UIREF-0863,SHUQFXIRXYXNOZ-UHFFFAOYSA-N,NC(=S)NN=CC=Cc1ccccc1,5,BindingDB|ChEMBL|PubChem,3,Canavalia ensiformis,1,Canavalia ensiformis,10.1016/j.ejmech.2011.09.009|CHEMBL1909545,2,10.1016/j.ejmech.2011.09.009,IC50|Ki,5,6.34008379993015,6.34008379993015,6.39040559077478,0.050321790844630065,Active,True,False,205.286,205.067368352,14,14,1.5188000000000004,63.88910000000002,50.41,2,2,3,1,1,0,0.0,343.64456038916694,0,0,4,0,0,1,0,194.19799999999998,3,3,c1ccccc1
UIREF-0864,SIBGQONBLRPRKP-UHFFFAOYSA-N,O=C(C=Cc1ccc(O)c(O)c1)NCCc1cccc(F)c1,1,PubChem,1,Sporosarcina pasteurii,1,Sporosarcina pasteurii,10.1016/j.bmcl.2019.02.032,1,10.1016/j.bmcl.2019.02.032,IC50,0,,,,,Inactive,False,True,301.317,301.111421592,22,22,2.609000000000001,81.91930000000002,69.56,3,3,5,2,2,0,0.11764705882352941,698.0534477138223,0,1,5,0,0,2,0,285.18899999999996,3,4,O=C(C=Cc1ccccc1)NCCc1ccccc1
UIREF-0865,SJVFJYMJUARESM-UHFFFAOYSA-N,ON=C(O)CNc1ccc(Cl)cc1Cl,2,PubChem,1,Helicobacter pylori,1,Helicobacter pylori,10.1016/j.ejmech.2018.06.065,1,10.1016/j.ejmech.2018.06.065,IC50,1,4.179798540514359,4.179798540514359,4.179798540514359,0.0,Inconclusive|Unspecified,False,False,235.07,233.996282856,14,14,2.7510000000000012,56.802000000000014,64.85000000000001,3,3,3,1,1,0,0.125,355.19455781050596,0,0,6,0,0,1,0,227.006,3,4,c1ccccc1
UIREF-0866,SJXMOLZQFGGHPD-UHFFFAOYSA-N,O=C(NC(=S)Nc1ccccc1)c1cccc(Cl)c1,3,BindingDB|ChEMBL|PubChem,3,Canavalia ensiformis,1,Canavalia ensiformis,10.1016/j.bmc.2016.07.042|CHEMBL3826920,2,10.1016/j.bmc.2016.07.042,IC50,3,5.489454989793388,5.489454989793388,5.489454989793388,0.0,Active,True,False,290.77500000000003,290.028061652,19,19,3.466800000000002,81.58090000000001,41.13,2,2,2,2,2,0,0.0,601.4047764486287,0,1,5,0,0,2,0,279.68699999999995,2,3,O=C(NC(=S)Nc1ccccc1)c1ccccc1
UIREF-0867,SJYIDEAYMRNXEP-UHFFFAOYSA-N,Oc1ccc(CCc2ccc(Cl)cc2)cc1O,2,PubChem,1,Helicobacter pylori,1,Helicobacter pylori,10.1016/j.ejmech.2010.08.015,1,10.1016/j.ejmech.2010.08.015,IC50,2,4.69054209087834,4.300162274132754,5.080921907623926,0.7807596334911722,Active|Unspecified,True,False,248.70900000000003,248.060407336,17,17,3.5364000000000027,68.63160000000002,40.46,2,2,3,2,2,0,0.14285714285714285,506.13070128159563,0,0,3,0,0,2,0,235.60499999999996,2,2,c1ccc(CCc2ccccc2)cc1
UIREF-0868,SJYKXSJHTISOJN-UHFFFAOYSA-N,C=c1ccc2c(c1)C(=Nc1cc(Nc3c(O)[nH]c4ccc(C)cc34)ccc1C)C(=O)N=2,1,ChEMBL,1,Canavalia ensiformis,1,Canavalia ensiformis,CHEMBL3817741,1,CHEMBL3817741,IC50,1,6.468521082957745,6.468521082957745,6.468521082957745,0.0,Active,True,False,408.4610000000002,408.15862588,31,31,3.9248400000000023,123.1112,89.84,4,3,3,5,4,1,0.08,1529.401068096195,0,1,6,1,1,3,0,388.3010000000002,3,6,C=c1ccc2c(c1)C(=Nc1cccc(Nc3c[nH]c4ccccc34)c1)C(=O)N=2
UIREF-0869,SMOQNTFTIJEFNP-UHFFFAOYSA-N,ON=C(O)CCOc1cccc(F)c1,2,PubChem,1,Helicobacter pylori,1,Helicobacter pylori,10.1016/j.bmc.2018.07.003,1,10.1016/j.bmc.2018.07.003,IC50,1,5.688246138944246,5.688246138944246,5.688246138944246,0.0,Active|Inconclusive,True,False,199.181,199.0644714,14,14,1.9403,48.36230000000002,62.05000000000001,3,2,4,1,1,0,0.2222222222222222,327.5880348439444,0,0,5,0,0,1,0,189.10099999999997,2,4,c1ccccc1
UIREF-0870,SOMVNBMFXUKISW-LGJNPRDNSA-N,O=C1N=c2ccc(Cl)cc2=C1Cc1ccc(C(=O)N/N=C/c2ccc(Cl)cc2)cc1,2,BindingDB|ChEMBL,2,Canavalia ensiformis,1,Canavalia ensiformis,10.1016/j.bmcl.2015.05.069|CHEMBL3600348,2,CHEMBL3600348,IC50,2,3.95663772197887,3.95663772197887,3.95663772197887,0.0,Active,True,False,436.298,435.05413208000004,30,30,3.310500000000001,117.30619999999999,70.89,3,1,5,4,3,1,0.043478260869565216,1281.518671655616,0,2,7,0,1,3,0,421.1780000000001,1,5,O=C1N=c2ccccc2=C1Cc1ccc(C(=O)NN=Cc2ccccc2)cc1
UIREF-0871,SPFNNZGLHWHHLL-UHFFFAOYSA-N,ON=C(O)COc1ccc(F)cc1,2,PubChem,1,Helicobacter pylori,1,Helicobacter pylori,10.1016/j.bmc.2018.07.003,1,10.1016/j.bmc.2018.07.003,IC50,1,4.723538195826756,4.723538195826756,4.723538195826756,0.0,Inconclusive|Unspecified,False,False,185.154,185.048821336,13,13,1.5502,43.745300000000015,62.05000000000001,3,2,3,1,1,0,0.125,296.76237829328255,0,0,5,0,0,1,0,177.08999999999997,2,4,c1ccccc1
UIREF-0872,SPTFJYDLVLRHIX-UHFFFAOYSA-N,COC(=O)C(C)n1[se]c2ccccc2c1=O,4,PubChem,1,Helicobacter pylori|Sporosarcina pasteurii,2,Helicobacter pylori,10.1021/acs.jmedchem.6b00986,1,10.1021/acs.jmedchem.6b00986,IC50|Ki,4,5.064534820825652,4.124360062995832,7.486782399932061,3.3624223369362287,Active|Unspecified,True,False,284.17300000000006,284.99041451200003,16,16,0.7924999999999999,61.875000000000014,48.3,3,0,2,2,2,0,0.2727272727272727,584.1723547001428,0,0,5,1,0,1,0,273.08500000000004,0,4,O=c1[nH][se]c2ccccc12
UIREF-0873,SPWBICXXKJQNPV-UHFFFAOYSA-N,CC(Oc1ccc(Cl)c(Cl)c1)c1nnc(Nc2ccc(Cl)cc2)o1,1,BindingDB,1,Canavalia ensiformis,1,Canavalia ensiformis,10.1111/cbdd.12297,1,10.1111/cbdd.12297,IC50,1,4.368556230986828,4.368556230986828,4.368556230986828,0.0,Active,True,False,384.6500000000001,382.99950966399996,24,24,5.913400000000003,94.5377,60.18000000000001,5,1,5,3,3,0,0.125,836.8389670945561,0,0,8,1,0,2,0,372.5540000000002,1,5,c1ccc(Nc2nnc(COc3ccccc3)o2)cc1
UIREF-0874,SPXGYUNRUMWZOK-UHFFFAOYSA-N,CN=C[P+](C)(O)O,1,PubChem,1,"Urease, unspecified origin",1,"Urease, unspecified origin",,0,,Ki,0,,,,,Inactive,False,True,122.08399999999997,122.03654157809,7,7,0.10649999999999993,31.697599999999984,52.82000000000001,3,2,1,0,0,0,0.6666666666666666,75.49431755793337,1,0,4,0,0,0,0,113.01199999999999,2,3,
UIREF-0875,SQNQZGDRQIFWBM-UHFFFAOYSA-N,Cc1cc(-n2[se]c3ccccc3c2=O)ccc1Cl,3,PubChem,1,Proteus mirabilis|Sporosarcina pasteurii,2,Proteus mirabilis,10.1021/acs.jmedchem.2c01799,1,10.1021/acs.jmedchem.2c01799,IC50|IC90|Ki,2,8.117128479289477,7.623423042943488,8.610833915635467,0.9874108726919797,Active,True,False,322.653,322.96161292,18,18,3.009520000000001,76.23200000000003,22.0,1,0,1,3,3,0,0.07142857142857142,787.833482391638,0,0,4,1,0,2,0,312.573,0,2,O=c1c2ccccc2[se]n1-c1ccccc1
UIREF-0876,SRMHESRSPWLPFU-UHFFFAOYSA-N,Fc1cccc(NC(=S)Nc2ccccc2SSc2ccccc2NC(=S)Nc2cccc(F)c2)c1,3,BindingDB|ChEMBL|PubChem,3,Canavalia ensiformis,1,Canavalia ensiformis,10.1016/j.bmc.2015.10.017|CHEMBL3627633,2,10.1016/j.bmc.2015.10.017,IC50,3,5.823908740944319,5.823908740944319,5.823908740944319,0.0,Active,True,False,554.7380000000002,554.05388708,36,36,8.382000000000001,157.0847999999998,48.12,4,4,7,4,4,0,0.0,1278.4177134884576,0,0,10,0,0,4,0,534.5780000000002,4,4,S=C(Nc1ccccc1)Nc1ccccc1SSc1ccccc1NC(=S)Nc1ccccc1
UIREF-0877,SSAOHRSPJVWNMG-UHFFFAOYSA-N,O=c1c2ccccc2[se]n1-c1ccccc1F,3,PubChem,1,Proteus mirabilis|Sporosarcina pasteurii,2,Proteus mirabilis,10.1021/acs.jmedchem.2c01799,1,10.1021/acs.jmedchem.2c01799,IC50|IC90|Ki,2,8.569663333934646,8.126098402135538,9.013228265733755,0.8871298635982168,Active,True,False,292.171,292.975513396,17,17,2.1868,66.44300000000001,22.0,1,0,1,3,3,0,0.0,744.2593188940273,0,0,4,1,0,2,0,284.10699999999997,0,2,O=c1c2ccccc2[se]n1-c1ccccc1
UIREF-0878,SSEWQCPQQUTVNQ-UHFFFAOYSA-N,CN(O)C(=O)CC(O)c1ccc(N(C)C)cc1,1,PubChem,1,Helicobacter pylori,1,Helicobacter pylori,10.1016/j.bmc.2016.07.052,1,10.1016/j.bmc.2016.07.052,IC50,1,3.5421181032660076,3.5421181032660076,3.5421181032660076,0.0,Unspecified,False,False,238.287,238.131742436,17,17,1.0237,64.90230000000004,64.00999999999999,4,2,4,1,1,0,0.4166666666666667,373.8420604590611,0,1,5,0,0,1,0,220.14299999999997,2,5,c1ccccc1
UIREF-0879,SSLFIAUELOPLEL-UHFFFAOYSA-N,COc1ccc(CCc2ccc(Cl)cc2)cc1OC,2,PubChem,1,Helicobacter pylori,1,Helicobacter pylori,10.1016/j.ejmech.2010.08.015,1,10.1016/j.ejmech.2010.08.015,IC50,1,3.5951662833800624,3.5951662833800624,3.5951662833800624,0.0,Inconclusive|Unspecified,False,False,276.76300000000003,276.091707464,19,19,4.142400000000004,78.40600000000005,18.46,2,0,5,2,2,0,0.25,534.9452387103545,0,0,3,0,0,2,0,259.62699999999995,0,2,c1ccc(CCc2ccccc2)cc1
UIREF-0880,SSMRAELGNKPPKT-LFYBBSHMSA-N,CNC(=O)c1cn(C2CC2)c2cc(N3CCN(CC(=O)Nc4ccc(C(=O)/C=C/c5cc(OC)c(OC)c(OC)c5)cc4)CC3)c(F)cc2c1=O,1,PubChem,1,Proteus mirabilis,1,Proteus mirabilis,,0,,IC50,0,,,,,Inactive,False,True,697.7640000000001,697.2911768399999,51,51,4.517700000000004,193.01439999999954,131.44000000000003,9,2,12,6,4,2,0.3157894736842105,2040.978143418284,0,2,13,1,1,3,1,657.4440000000002,2,12,O=C(CN1CCN(c2ccc3c(=O)ccn(C4CC4)c3c2)CC1)Nc1ccc(C(=O)C=Cc2ccccc2)cc1
UIREF-0881,STRNXFOUBFLVIN-UHFFFAOYSA-N,CCOC(=O)C#CC(=O)OCC,3,PubChem,1,Sporosarcina pasteurii,1,Sporosarcina pasteurii,10.1016/j.bmcl.2017.02.022,1,10.1016/j.bmcl.2017.02.022,Ki,3,7.991399828238082,6.0695604052333,8.12842706445412,2.0588666592208202,Active,True,False,170.16399999999996,170.0579088,12,12,0.1160000000000001,41.042000000000016,52.60000000000001,4,0,2,0,0,0,0.5,198.94769699089971,0,0,4,0,0,0,0,160.08399999999997,0,4,
UIREF-0882,SUCGWHZXYIZOIK-UHFFFAOYSA-N,C=C(C(=O)OC)C(OC(C)=O)c1ccc(Cl)cc1,1,PubChem,1,Sporosarcina pasteurii,1,Sporosarcina pasteurii,10.1016/j.ejmech.2017.03.070,1,10.1016/j.ejmech.2017.03.070,IC50,1,4.752026733638194,4.752026733638194,4.752026733638194,0.0,Unspecified,False,False,268.69599999999997,268.05023657600003,18,18,2.673400000000001,67.11500000000004,52.6,4,0,4,1,1,0,0.23076923076923078,464.3845176048577,0,0,5,0,0,1,0,255.59199999999996,0,4,c1ccccc1
UIREF-0883,SUFXNFRASIYVGW-UHFFFAOYSA-N,O=c1c(C(c2ccccc2Br)c2c(O)oc3ccccc3c2=O)c(O)oc2ccccc12,2,BindingDB|ChEMBL,2,Canavalia ensiformis,1,Canavalia ensiformis,10.1016/j.bmc.2005.09.048|CHEMBL1144858,2,CHEMBL1144858,IC50,2,4.13000008278075,4.130000024196025,4.130000141365475,1.1716945014228486e-07,Active,True,False,491.29300000000023,490.00520029999996,32,32,5.253300000000005,123.38460000000002,100.88,6,2,3,5,5,0,0.04,1516.053486727106,0,0,7,2,0,3,0,476.17300000000034,2,6,O=c1c(C(c2ccccc2)c2coc3ccccc3c2=O)coc2ccccc12
UIREF-0884,SUMIHSMKWQVZDC-UHFFFAOYSA-N,CC(=O)N1CCN(c2cc3c(cc2F)c(=O)c(C(O)=NO)cn3C2CC2)CC1,1,PubChem,1,Proteus mirabilis,1,Proteus mirabilis,,0,,IC50,0,,,,,Active,True,False,388.39900000000017,388.154683372,28,28,1.8377999999999999,101.85630000000003,98.37,5,2,3,4,2,2,0.42105263157894735,1036.3858686955812,0,1,9,1,1,1,1,367.2310000000001,2,8,O=c1ccn(C2CC2)c2cc(N3CCNCC3)ccc12
UIREF-0885,SVFKAMFTYKXDLW-UHFFFAOYSA-N,Oc1ccc(-c2nc3cc(Br)ccc3[nH]2)cc1,1,PubChem,1,"Urease, unspecified origin",1,"Urease, unspecified origin",10.1016/j.ejmech.2019.04.025,1,10.1016/j.ejmech.2019.04.025,IC50,1,5.080921907623926,5.080921907623926,5.080921907623926,0.0,Active,True,False,289.132,287.989825008,17,17,3.6980000000000013,70.89450000000002,48.910000000000004,2,2,1,3,3,0,0.0,673.4522523288844,0,0,4,1,0,2,0,280.06,2,3,c1ccc(-c2nc3ccccc3[nH]2)cc1
UIREF-0886,SWUARLUWKZWEBQ-UHFFFAOYSA-N,O=C(C=Cc1ccc(O)c(O)c1)OCCc1ccccc1,1,PubChem,1,Sporosarcina pasteurii,1,Sporosarcina pasteurii,10.1016/j.bmcl.2019.02.032,1,10.1016/j.bmcl.2019.02.032,IC50,0,,,,,Inactive,False,True,284.311,284.104858992,21,21,2.8969000000000005,79.91060000000003,66.76,4,2,5,2,2,0,0.11764705882352941,632.4932971348599,0,0,4,0,0,2,0,268.183,2,4,O=C(C=Cc1ccccc1)OCCc1ccccc1
UIREF-0887,SWYIMWRHBBFWQU-UHFFFAOYSA-N,COc1cccc(NC(=O)NCC(=O)NC(C(=O)NCC(=O)NC(C(=O)N2CCCC2C(=O)N2CCN(c3nsc4ccccc34)CC2)C(C)C)C(C)C)c1,2,BindingDB|ChEMBL,2,Canavalia ensiformis,1,Canavalia ensiformis,10.1016/j.ejmech.2014.09.098|CHEMBL3352339,2,CHEMBL3352339,IC50,2,4.6020599913279625,4.6020599913279625,4.6020599913279625,0.0,Active,True,False,777.949,777.363215972,55,55,2.1640000000000033,209.7104999999994,194.41000000000003,10,5,14,5,3,2,0.5,1860.0408154316424,0,7,17,1,2,2,0,726.5409999999998,5,16,O=C(CNC(=O)CNC(=O)Nc1ccccc1)NCC(=O)NCC(=O)N1CCCC1C(=O)N1CCN(c2nsc3ccccc23)CC1
UIREF-0888,SXNCFTSCEDMDCL-UHFFFAOYSA-N,Oc1[nH]c2ccc(F)cc2c1N=NC(=S)Nc1ccc(C(F)(F)F)cc1,2,BindingDB|ChEMBL,2,Canavalia ensiformis,1,Canavalia ensiformis,10.1007/s00044-013-0575-7|CHEMBL3044957,2,CHEMBL3044957,IC50,2,4.043831569524636,4.043831569524636,4.043831569524636,0.0,Active,True,False,382.34200000000004,382.05114482,26,26,5.512100000000003,92.1022,72.77,3,3,2,3,3,0,0.0625,995.8926573094749,0,0,10,1,0,2,0,372.26200000000006,3,5,S=C(N=Nc1c[nH]c2ccccc12)Nc1ccccc1
UIREF-0889,SYVFRJYCKOKPOS-UHFFFAOYSA-N,Oc1[nH]c2ccccc2c1N=NC#SNc1ccccc1F,1,BindingDB,1,Canavalia ensiformis,1,Canavalia ensiformis,10.1080/14756360802188420,1,10.1080/14756360802188420,IC50,1,4.686132779630847,4.686132779630847,4.686132779630847,0.0,Active,True,False,314.345,314.063760192,22,22,4.773300000000002,85.98120000000002,72.77,4,3,2,3,3,0,0.0,910.536713840915,0,0,7,1,0,2,0,303.257,3,5,C(N=Nc1c[nH]c2ccccc12)#SNc1ccccc1
UIREF-0890,SZBQGYMDGGSKBT-UHFFFAOYSA-N,CCC(Oc1ccc(Br)cc1)c1nnc(Nc2ccc([N+](=O)[O-])cc2)o1,1,BindingDB,1,Canavalia ensiformis,1,Canavalia ensiformis,10.1111/cbdd.12297,1,10.1111/cbdd.12297,IC50,1,5.219682687859849,5.219682687859849,5.219682687859849,0.0,Active,True,False,419.2350000000001,418.02766706,26,26,5.014000000000004,98.47910000000003,103.32000000000001,7,1,7,3,3,0,0.17647058823529413,880.5383499589383,0,0,9,1,0,2,0,404.11500000000024,1,8,c1ccc(Nc2nnc(COc3ccccc3)o2)cc1
UIREF-0891,TUDBOGHYFXKMKQ-UHFFFAOYSA-N,COc1cc(C=CC(=O)OCCc2ccc([N+](=O)[O-])cc2)ccc1O,1,PubChem,1,Sporosarcina pasteurii,1,Sporosarcina pasteurii,10.1016/j.bmcl.2019.02.032,1,10.1016/j.bmcl.2019.02.032,IC50,0,,,,,Inactive,False,True,343.33500000000004,343.105587264,25,25,3.1081000000000025,91.45220000000002,98.9,6,1,7,2,2,0,0.16666666666666666,782.6533415129368,0,0,7,0,0,2,0,326.19900000000007,1,7,O=C(C=Cc1ccccc1)OCCc1ccccc1
UIREF-0892,TUFZLSGCCONOFJ-SFQUDFHCSA-N,CCCCCCCCn1c2ccc(C(C)=O)cc2c2cc(C(=O)/C=C/c3cc(OC)c(OC)c(OC)c3)ccc21,3,BindingDB|ChEMBL|PubChem,3,Canavalia ensiformis,1,Canavalia ensiformis,10.1016/j.bmc.2019.115123|CHEMBL4665672,2,10.1016/j.bmc.2019.115123,IC50,3,3.8241983671517206,3.8241983671517206,3.8241983671517206,0.0,Active|Unspecified,True,False,541.6880000000003,541.2828233479999,40,40,8.279500000000008,162.2869999999996,66.76,5,0,14,4,4,0,0.35294117647058826,1520.2622960987749,0,0,6,1,0,3,0,502.37600000000043,0,6,O=C(C=Cc1ccccc1)c1ccc2[nH]c3ccccc3c2c1
UIREF-0893,TUJNKYIUSPIALN-UHFFFAOYSA-N,CNCP(=O)(O)CN,2,PubChem,1,Proteus mirabilis|Sporosarcina pasteurii,2,Sporosarcina pasteurii,10.1021/ml500380f,1,10.1021/ml500380f,Ki,2,5.133561979318647,4.468521082957745,5.798602875679549,1.3300817927218045,Active|Unspecified,True,False,138.10699999999997,138.055814222,8,8,-0.6501000000000003,32.8064,75.35,3,3,3,0,0,0,1.0,105.45654516950493,0,0,5,0,0,0,0,127.01899999999999,4,4,
UIREF-0894,TUNWURMRBJWUFJ-IZZDOVSWSA-N,COc1ccc(/C=N/NC(N)=S)cc1,3,ChEMBL|PubChem,2,Canavalia ensiformis,1,Canavalia ensiformis,10.1016/j.ejmech.2011.09.009|CHEMBL1909545,2,CHEMBL1909545,IC50|Ki,3,6.052076380168273,6.052076380168273,6.09312646527793,0.041050085109656465,Active,True,False,209.274,209.062282972,14,14,0.8623000000000003,60.50910000000001,59.64,3,2,3,1,1,0,0.1111111111111111,334.41523279752516,0,0,5,0,0,1,0,198.186,3,4,c1ccccc1
UIREF-0895,TUNWURMRBJWUFJ-UHFFFAOYSA-N,COc1ccc(C=NNC(N)=S)cc1,2,BindingDB,1,Canavalia ensiformis,1,Canavalia ensiformis,10.1016/j.ejmech.2011.09.009,1,10.1016/j.ejmech.2011.09.009,IC50|Ki,2,6.0726014227231015,6.052076380168273,6.09312646527793,0.041050085109656465,Active,True,False,209.274,209.062282972,14,14,0.8623000000000003,60.50910000000001,59.64,3,2,3,1,1,0,0.1111111111111111,334.41523279752516,0,0,5,0,0,1,0,198.186,3,4,c1ccccc1
UIREF-0896,TUOIFGCFETWNPK-AWNIVKPZSA-N,COc1cccc(/C=N/N=c2[nH]c(O)cs2)c1OC,1,BindingDB,1,Sporosarcina pasteurii,1,Sporosarcina pasteurii,10.1016/j.bioorg.2015.10.005,1,10.1016/j.bioorg.2015.10.005,IC50,1,4.279592599196891,4.279592599196891,4.279592599196891,0.0,Active,True,False,279.321,279.06776227600005,19,19,1.7337999999999996,73.03750000000002,79.2,6,2,4,2,2,0,0.16666666666666666,645.6643197443336,0,0,7,1,0,1,0,266.217,2,6,C(=NN=c1[nH]ccs1)c1ccccc1
UIREF-0897,TUVKZFWBFHCOGE-UHFFFAOYSA-N,Cc1ccc(-n2[se]c3ccccc3c2=O)cc1,1,PubChem,1,Sporosarcina pasteurii,1,Sporosarcina pasteurii,10.1021/acs.jmedchem.2c01799,1,10.1021/acs.jmedchem.2c01799,Ki,1,8.393618634889394,8.393618634889394,8.393618634889394,0.0,Active,True,False,288.208,289.000585272,17,17,2.3561199999999998,71.22200000000002,22.0,1,0,1,3,3,0,0.07142857142857142,721.812066321055,0,0,3,1,0,2,0,277.12,0,2,O=c1c2ccccc2[se]n1-c1ccccc1
UIREF-0898,TVQOUUOMJPRYGL-UHFFFAOYSA-N,O=C(NC(=S)Nc1c(Cl)cc(Cl)cc1Cl)c1cccc(Cl)c1,3,BindingDB|ChEMBL|PubChem,3,Canavalia ensiformis,1,Canavalia ensiformis,10.1016/j.bmc.2016.07.042|CHEMBL3826920,2,10.1016/j.bmc.2016.07.042,IC50,3,5.438898616350944,5.438898616350944,5.438898616350944,0.0,Active,True,False,394.1100000000001,391.911144596,22,22,5.427000000000001,96.61089999999997,41.13,2,2,2,2,2,0,0.0,728.3678506161107,0,1,8,0,0,2,0,386.0460000000001,2,3,O=C(NC(=S)Nc1ccccc1)c1ccccc1
UIREF-0899,TXABRTYROZBBTM-UHFFFAOYSA-N,Cn1c2ccccc2c2cc(-c3cc(-c4ccccc4)nc(N)n3)ccc21,1,BindingDB,1,Canavalia ensiformis,1,Canavalia ensiformis,10.3109/14756366.2012.740477,1,10.3109/14756366.2012.740477,IC50,0,,,,,Active,True,False,350.42500000000007,350.15314657600004,27,27,5.037700000000004,111.29940000000002,56.730000000000004,3,1,2,5,5,0,0.043478260869565216,1286.2841325052245,0,0,4,2,0,3,0,332.281,2,4,c1ccc(-c2cc(-c3ccc4[nH]c5ccccc5c4c3)ncn2)cc1
UIREF-0900,TXNVACRHVDBQIN-UHFFFAOYSA-N,CC(C)C(NC(=O)CNC(=O)OC(C)(C)C)C(=O)NCC(=O)NC(C(=O)N1CCCC1C(=O)N1CCN(c2nsc3ccccc23)CC1)C(C)C,2,BindingDB|ChEMBL,2,Canavalia ensiformis,1,Canavalia ensiformis,10.1016/j.ejmech.2014.09.098|CHEMBL3352339,2,CHEMBL3352339,IC50,2,3.5301779840218366,3.5301779840218366,3.5301779840218366,0.0,Active,True,False,728.917,728.3679670040001,51,51,1.8584000000000047,193.93179999999938,182.38,10,4,12,4,2,2,0.6285714285714286,1580.990315086283,0,6,16,1,2,1,0,676.501,4,15,O=C(C1CCCN1)N1CCN(c2nsc3ccccc23)CC1
UIREF-0901,TYFFHKIKNLPXHK-UHFFFAOYSA-N,O=C(Cn1c(C2CC2)nc2cc(Cl)c(Cl)cc21)NN=Cc1cc(Cl)ccc1O,3,BindingDB|ChEMBL|PubChem,3,Canavalia ensiformis,1,Canavalia ensiformis,10.1016/j.bmcl.2017.05.019|CHEMBL4033708,2,10.1016/j.bmcl.2017.05.019,IC50,3,6.823908740944319,6.823908740944319,6.823908740944319,0.0,Active,True,False,437.71400000000006,436.02605876,28,28,4.729800000000003,110.58150000000002,79.51,4,2,5,4,3,1,0.21052631578947367,1106.2420733923416,0,1,9,1,0,2,1,422.5940000000002,2,6,O=C(Cn1c(C2CC2)nc2ccccc21)NN=Cc1ccccc1
UIREF-0902,TYHXOVYFQAXETR-UHFFFAOYSA-N,Cc1ccc(S(=O)(=O)Nc2ccc(S(=O)(=O)Nc3ncccn3)cc2)cc1,2,BindingDB|ChEMBL,2,Canavalia ensiformis,1,Canavalia ensiformis,10.1016/j.bmc.2019.01.043|CHEMBL4422682,2,CHEMBL4422682,IC50,2,8.657577319177793,8.657577319177793,8.657577319177793,0.0,Active,True,False,404.47300000000007,404.06129699200005,27,27,2.3866200000000006,101.27,118.12,6,2,6,3,3,0,0.058823529411764705,1129.8025017592022,0,0,10,1,0,2,0,388.34500000000014,2,8,O=S(=O)(Nc1ccc(S(=O)(=O)Nc2ncccn2)cc1)c1ccccc1
UIREF-0903,TYOUWTRGYLZOGF-VGOFMYFVSA-N,CNC(=O)c1cn(C2CC2)c2cc(N3CCN(CC(=O)Nc4ccc(C(=O)/C=C/c5ccccc5)cc4)CC3)c(F)cc2c1=O,1,PubChem,1,Proteus mirabilis,1,Proteus mirabilis,,0,,IC50,0,,,,,Inactive,False,True,607.6860000000001,607.2594827880001,45,45,4.491900000000004,173.3583999999996,103.75,6,2,9,6,4,2,0.2571428571428571,1840.391539585436,0,2,10,1,1,3,1,573.4140000000004,2,9,O=C(CN1CCN(c2ccc3c(=O)ccn(C4CC4)c3c2)CC1)Nc1ccc(C(=O)C=Cc2ccccc2)cc1
UIREF-0904,TZNKDWUSWZBIAP-UHFFFAOYSA-N,COc1ccc(C(O)CC(=O)N(C)O)cc1,1,PubChem,1,Helicobacter pylori,1,Helicobacter pylori,10.1016/j.bmc.2016.07.052,1,10.1016/j.bmc.2016.07.052,IC50,1,3.484126156288321,3.484126156288321,3.484126156288321,0.0,Unspecified,False,False,225.244,225.10010796,16,16,0.9662999999999999,57.12730000000003,70.0,4,2,4,1,1,0,0.36363636363636365,347.5071246242238,0,1,5,0,0,1,0,210.12399999999997,2,5,c1ccccc1
UIREF-0905,UAIJWXOWLUNDDQ-UHFFFAOYSA-N,COc1ccc(-c2cc(-c3ccc4c(c3)c3ccccc3n4C)nc(N)n2)cc1OC,1,BindingDB,1,Canavalia ensiformis,1,Canavalia ensiformis,10.3109/14756366.2012.740477,1,10.3109/14756366.2012.740477,IC50,1,4.512861624522814,4.512861624522814,4.512861624522814,0.0,Active,True,False,410.4770000000002,410.17427594400004,31,31,5.054900000000005,124.40340000000002,75.19000000000001,5,1,4,5,5,0,0.12,1438.9739244868229,0,0,6,2,0,3,0,388.3010000000001,2,6,c1ccc(-c2cc(-c3ccc4[nH]c5ccccc5c4c3)ncn2)cc1
UIREF-0906,UALZOUQNTGIYLW-UHFFFAOYSA-N,COC(=O)C1=C(C)N=C(NN)N(C)C1c1ccccc1,1,BindingDB,1,Canavalia ensiformis,1,Canavalia ensiformis,10.1016/j.bioorg.2015.12.007,1,10.1016/j.bioorg.2015.12.007,IC50,1,4.627087997029894,4.627087997029894,4.627087997029894,0.0,Active,True,False,274.324,274.142975816,20,20,0.9394000000000006,76.42010000000003,79.94999999999999,6,2,2,2,1,1,0.2857142857142857,565.7964524418636,0,0,6,0,1,1,0,256.18,3,6,C1=CC(c2ccccc2)NC=N1
UIREF-0907,UAUVMOJLJLHCKZ-UHFFFAOYSA-N,Fc1ccc(-n2c(-c3c(-c4ccc(Br)cc4)[nH]c4ccccc34)nc(-c3ccccc3)c2-c2ccccc2)cc1,3,BindingDB|ChEMBL|PubChem,3,Canavalia ensiformis,1,Canavalia ensiformis,10.1016/j.ejmech.2015.08.011|CHEMBL3621141,2,10.1016/j.ejmech.2015.08.011,IC50,3,4.916139199133427,4.916139199133427,4.916139199133427,0.0,Active|Unspecified,True,False,584.4920000000003,583.105938056,40,40,9.923199999999992,164.82269999999966,33.61,1,1,5,7,7,0,0.0,1939.0051340201803,0,0,5,2,0,5,0,561.3080000000003,1,3,c1ccc(-c2nc(-c3c(-c4ccccc4)[nH]c4ccccc34)n(-c3ccccc3)c2-c2ccccc2)cc1
UIREF-0908,UBFWUDJWOKNWOB-PKNBQFBNSA-N,O=C(O)/C(=C/c1ccc(F)cc1)CCCCP(=O)(O)O,3,PubChem,1,Sporosarcina pasteurii,1,Sporosarcina pasteurii,10.1016/j.ejmech.2018.09.074,1,10.1016/j.ejmech.2018.09.074,IC50|Ki,3,5.536107011014092,5.000869458712629,5.58838029403677,0.5875108353241414,Active,True,False,302.23799999999994,302.071938462,20,20,2.641700000000002,72.77490000000002,94.83,2,3,7,1,1,0,0.3076923076923077,532.1974266811486,0,0,7,0,0,1,0,286.10999999999996,3,5,c1ccccc1
UIREF-0909,UEISUQSKOHDXLD-UHFFFAOYSA-N,Cc1cccc(C(=O)NC(=S)Nc2ccc(S(N)(=O)=O)cc2)c1,2,BindingDB|ChEMBL,2,Canavalia ensiformis,1,Canavalia ensiformis,10.1007/s00044-012-0376-4|CHEMBL3045259,2,CHEMBL3045259,Ki,2,6.050609993355087,6.050609993355087,6.050609993355087,0.0,Active,True,False,349.4370000000001,349.05548333999997,23,23,1.76922,92.6811,101.28999999999999,4,3,3,2,2,0,0.06666666666666667,846.5257528021808,0,1,8,0,0,2,0,334.31700000000006,4,6,O=C(NC(=S)Nc1ccccc1)c1ccccc1
UIREF-0910,UEKHBUNMFZUBFK-DLBZAZTESA-N,COc1cc(CC[C@H](O)C[C@H](O)CCc2cc(OC)c(O)c(OC)c2)ccc1O,1,PubChem,1,"Urease, unspecified origin",1,"Urease, unspecified origin",10.1039/d3md00645j,1,10.1039/d3md00645j,IC50,1,3.6020599913279625,3.6020599913279625,3.6020599913279625,0.0,Unspecified,False,False,406.47500000000014,406.1991532999999,29,29,2.8009000000000017,109.14220000000003,108.61000000000001,7,4,11,2,2,0,0.45454545454545453,765.7205139086022,0,0,7,0,0,2,0,376.2350000000002,4,7,c1ccc(CCCCCCCc2ccccc2)cc1
UIREF-0911,UEKHBUNMFZUBFK-IAGOWNOFSA-N,COc1cc(CC[C@@H](O)C[C@H](O)CCc2cc(OC)c(O)c(OC)c2)ccc1O,1,PubChem,1,"Urease, unspecified origin",1,"Urease, unspecified origin",10.1039/d3md00645j,1,10.1039/d3md00645j,IC50,1,3.6020599913279625,3.6020599913279625,3.6020599913279625,0.0,Unspecified,False,False,406.47500000000014,406.1991532999999,29,29,2.8009000000000017,109.14220000000003,108.61000000000001,7,4,11,2,2,0,0.45454545454545453,765.7205139086022,0,0,7,0,0,2,0,376.2350000000002,4,7,c1ccc(CCCCCCCc2ccccc2)cc1
UIREF-0912,UELHWVKBVJWUPY-UHFFFAOYSA-N,O=c1[nH][se]c2ccccc12,4,PubChem,1,Helicobacter pylori|Sporosarcina pasteurii,2,Helicobacter pylori,10.1021/acs.jmedchem.6b00986,1,10.1021/acs.jmedchem.6b00986,IC50|Ki,3,5.892790030352131,5.1598939055432425,7.607303046740334,2.4474091411970917,Active|Inactive,True,True,198.083,198.95363508,10,10,0.5851000000000002,41.50870000000001,32.86,1,1,0,2,2,0,0.0,400.8983534112405,0,0,3,1,0,1,0,193.04299999999998,1,2,O=c1[nH][se]c2ccccc12
UIREF-0913,UERCRTCKPBLQQB-UHFFFAOYSA-N,O=C(OCCc1ccc([N+](=O)[O-])cc1)c1cc(O)c(O)c(O)c1,1,PubChem,1,Sporosarcina pasteurii,1,Sporosarcina pasteurii,10.1016/j.bmcl.2019.02.032,1,10.1016/j.bmcl.2019.02.032,IC50,0,,,,,Inactive,False,True,319.269,319.069201756,23,23,2.1111000000000004,78.51930000000002,130.13,7,3,5,2,2,0,0.13333333333333333,716.9857662452117,0,0,8,0,0,2,0,306.165,3,8,O=C(OCCc1ccccc1)c1ccccc1
UIREF-0914,UFEFLAPGFZKREV-OBGWFSINSA-N,CCCCCCCCn1c2ccc(C(C)=O)cc2c2cc(C(=O)/C=C/c3ccccc3Br)ccc21,3,BindingDB|ChEMBL|PubChem,3,Canavalia ensiformis,1,Canavalia ensiformis,10.1016/j.bmc.2019.115123|CHEMBL4665672,2,10.1016/j.bmc.2019.115123,IC50,3,5.049148541111453,5.049148541111453,5.049148541111453,0.0,Active,True,False,530.5060000000002,529.1616413639999,35,35,9.0162,150.33099999999976,39.07,2,0,11,4,4,0,0.2903225806451613,1396.1502531766348,0,0,4,1,0,3,0,498.2500000000003,0,3,O=C(C=Cc1ccccc1)c1ccc2[nH]c3ccccc3c2c1
UIREF-0915,UFFIYOCVTSSAHT-UHFFFAOYSA-N,CC(C)=CCn1c(O)c(N=NC(=O)c2cccc(C(F)(F)F)c2)c2ccccc21,3,ChEMBL|PubChem,2,Helicobacter pylori,1,Helicobacter pylori,10.1016/j.bmcl.2018.08.025|CHEMBL4265894,2,10.1016/j.bmcl.2018.08.025,IC50|MIC,2,4.181774106386045,4.181774106386045,4.181774106386045,0.0,Active|Unspecified,True,False,401.38800000000003,401.13511147599996,29,29,6.256000000000004,103.32430000000001,66.94999999999999,3,1,4,3,3,0,0.19047619047619047,1123.8920127161266,0,1,8,1,0,2,0,383.2440000000001,1,5,O=C(N=Nc1c[nH]c2ccccc12)c1ccccc1
UIREF-0916,UFNLROFKXBUCTG-UHFFFAOYSA-N,COc1ccc(-n2[se]c3ccccc3c2=O)cc1,3,PubChem,1,Proteus mirabilis|Sporosarcina pasteurii,2,Proteus mirabilis,10.1021/acs.jmedchem.2c01799,1,10.1021/acs.jmedchem.2c01799,IC50|IC90|Ki,2,7.577575099596681,7.356547323513812,7.798602875679548,0.4420555521657361,Active,True,False,304.20700000000005,304.995499892,18,18,2.0563,73.03700000000002,31.23,2,0,2,3,3,0,0.07142857142857142,740.3250218822898,0,0,4,1,0,2,0,293.119,0,3,O=c1c2ccccc2[se]n1-c1ccccc1
UIREF-0917,UFSDACCZRUHTFK-UHFFFAOYSA-N,CCCCCCCCNCP(=O)(O)CN,2,PubChem,1,Proteus mirabilis|Sporosarcina pasteurii,2,Sporosarcina pasteurii,10.1021/ml500380f,1,10.1021/ml500380f,Ki,0,,,,,Inactive,False,True,236.29599999999996,236.16536466999997,15,15,2.0806,65.12540000000006,75.35,3,3,10,0,0,0,1.0,188.26120178074865,0,0,5,0,0,0,0,211.09599999999998,4,4,
UIREF-0918,UGFILLIGHGZLHE-UHFFFAOYSA-N,COC(=O)Cc1ccc(O)c(O)c1,1,PubChem,1,Sporosarcina pasteurii,1,Sporosarcina pasteurii,10.1016/j.bmcl.2019.02.032,1,10.1016/j.bmcl.2019.02.032,IC50,1,3.800793520838342,3.800793520838342,3.800793520838342,0.0,Unspecified,False,False,182.175,182.0579088,13,13,0.8132999999999999,45.49160000000003,66.76,4,2,2,1,1,0,0.2222222222222222,319.3907822709721,0,0,4,0,0,1,0,172.09499999999997,2,4,c1ccccc1
UIREF-0919,UGFZEFPJDVDEGL-UHFFFAOYSA-N,Cc1ccc(Nc2nnc(C(C)Oc3ccc(C)cc3)o2)cc1,1,BindingDB,1,Canavalia ensiformis,1,Canavalia ensiformis,10.1111/cbdd.12297,1,10.1111/cbdd.12297,IC50,1,5.00788851221305,5.00788851221305,5.00788851221305,0.0,Active,True,False,309.369,309.147726848,23,23,4.570040000000003,88.98170000000003,60.18000000000001,5,1,5,3,3,0,0.2222222222222222,763.7206122135165,0,0,5,1,0,2,0,290.21700000000004,1,5,c1ccc(Nc2nnc(COc3ccccc3)o2)cc1
UIREF-0920,UGLKNRLHRREZKD-UHFFFAOYSA-N,CCOC(=O)c1ccc(NC(=S)NC(=O)c2ccccc2)cc1,2,BindingDB|PubChem,2,"Canavalia ensiformis|Urease, unspecified origin",2,Canavalia ensiformis,10.1016/j.bioorg.2013.10.001,1,10.1016/j.bioorg.2013.10.001,IC50,1,6.292429823902063,6.292429823902063,6.292429823902063,0.0,Active,True,False,328.39300000000003,328.088163372,23,23,2.9901000000000018,92.52740000000001,67.43,4,2,4,2,2,0,0.11764705882352941,699.538235969975,0,1,6,0,0,2,0,312.26500000000004,2,5,O=C(NC(=S)Nc1ccccc1)c1ccccc1
UIREF-0921,UHPALUGVFOSLRU-UHFFFAOYSA-N,O=C(OCCc1ccccc1)c1cc(O)c(O)c(O)c1,1,PubChem,1,Sporosarcina pasteurii,1,Sporosarcina pasteurii,10.1016/j.bmcl.2019.02.032,1,10.1016/j.bmcl.2019.02.032,IC50,1,3.0123337350737254,3.0123337350737254,3.0123337350737254,0.0,Unspecified,False,False,274.272,274.08412354800004,20,20,2.2029000000000005,71.86490000000002,86.99000000000001,5,3,4,2,2,0,0.13333333333333333,583.9109798510393,0,0,5,0,0,2,0,260.15999999999997,3,5,O=C(OCCc1ccccc1)c1ccccc1
UIREF-0922,UIGFUFWFALPWKF-VZUCSPMQSA-N,O=[N+]([O-])c1ccccc1/C=N/Nc1nc(O)cs1,1,BindingDB,1,Sporosarcina pasteurii,1,Sporosarcina pasteurii,10.1016/j.bioorg.2015.10.005,1,10.1016/j.bioorg.2015.10.005,IC50,1,4.323123568026863,4.323123568026863,4.323123568026863,0.0,Active,True,False,264.266,264.031711116,18,18,2.2028999999999996,68.09190000000001,100.65,7,2,4,2,2,0,0.0,596.3136574325333,0,0,8,1,0,1,0,256.202,2,7,C(=NNc1nccs1)c1ccccc1
UIREF-0923,UJOILZSEVCUNFH-ASGJETJBSA-N,CC(C)CCCCc1ccc(O[C@@H]2OC(CO)[C@H](O)[C@@H](O)C2O)cc1,1,BindingDB,1,Canavalia ensiformis,1,Canavalia ensiformis,10.3109/14756366.2010.528415,1,10.3109/14756366.2010.528415,IC50,1,4.527243550682788,4.527243550682788,4.527243550682788,0.0,Active,True,False,354.44300000000004,354.20423867999995,25,25,1.2340999999999993,93.23020000000005,99.38000000000001,6,4,8,2,1,1,0.6842105263157895,501.14071083368634,0,0,6,0,1,1,0,324.2030000000001,4,6,c1ccc(OC2CCCCO2)cc1
UIREF-0924,UJXLXCGMCIQPKM-UHFFFAOYSA-N,Cc1cc(C)cc(NCCC(O)=NO)c1,2,PubChem,1,Helicobacter pylori,1,Helicobacter pylori,10.1016/j.ejmech.2018.06.065,1,10.1016/j.ejmech.2018.06.065,IC50,1,5.53313237964589,5.53313237964589,5.53313237964589,0.0,Active|Inconclusive,True,False,208.261,208.121177752,15,15,2.4511399999999997,60.87300000000002,64.85,3,3,4,1,1,0,0.36363636363636365,341.3555960561882,0,0,4,0,0,1,0,192.13299999999998,3,4,c1ccccc1
UIREF-0925,UKAFILNIAQIJLH-UHFFFAOYSA-N,O=C(NC(=S)Nc1ncccn1)c1ccccc1,3,BindingDB|ChEMBL|PubChem,3,Canavalia ensiformis,1,Canavalia ensiformis,10.1016/j.ejmech.2013.10.012|CHEMBL3085707,2,10.1016/j.ejmech.2013.10.012,IC50,3,5.085656842880559,5.085656842880559,5.085656842880559,0.0,Active,True,False,258.30600000000004,258.05753194,18,18,1.6034,72.16090000000003,66.91,4,2,2,2,2,0,0.0,544.5185730206647,0,1,6,1,0,1,0,248.22599999999997,2,5,O=C(NC(=S)Nc1ncccn1)c1ccccc1
UIREF-0926,UKVVJMKXGTZERT-UHFFFAOYSA-N,O=c1[nH]c(=S)[nH]c(O)c1C=Nc1cccc(C(F)(F)F)c1,2,BindingDB|PubChem,2,Canavalia ensiformis,1,Canavalia ensiformis,10.1016/j.bmc.2015.05.038,1,10.1016/j.bmc.2015.05.038,IC50,2,4.60977163753087,4.60977163753087,4.60977163753087,0.0,Active|Unspecified,True,False,315.276,315.028932156,21,21,2.907490000000001,72.61019999999999,81.24,4,3,2,2,2,0,0.08333333333333333,808.370554917143,0,0,9,1,0,1,0,307.212,3,5,O=c1[nH]c(=S)[nH]cc1C=Nc1ccccc1
UIREF-0927,ULGWXOBGQNJZII-UHFFFAOYSA-N,CCOC(=O)c1ccc(NC(=S)NC(=O)c2cccc(C)c2)cc1,2,BindingDB|PubChem,2,"Canavalia ensiformis|Urease, unspecified origin",2,Canavalia ensiformis,10.1016/j.bioorg.2013.10.001,1,10.1016/j.bioorg.2013.10.001,IC50,1,5.97061622231479,5.97061622231479,5.97061622231479,0.0,Active,True,False,342.4200000000001,342.103813436,24,24,3.2985200000000017,97.26440000000001,67.43,4,2,4,2,2,0,0.16666666666666666,757.1141193897469,0,1,6,0,0,2,0,324.27600000000007,2,5,O=C(NC(=S)Nc1ccccc1)c1ccccc1
UIREF-0928,ULSUXBXHSYSGDT-UHFFFAOYSA-N,COc1ccc(-c2cc(=O)c3c(OC)c(OC)c(OC)c(OC)c3o2)cc1,1,PubChem,1,Helicobacter pylori,1,Helicobacter pylori,10.1016/j.ejmech.2013.03.016,1,10.1016/j.ejmech.2013.03.016,IC50,1,2.334606649720288,2.334606649720288,2.334606649720288,0.0,Unspecified,False,False,372.3730000000001,372.12090298,27,27,3.503000000000003,100.68000000000005,76.36000000000001,7,0,6,3,3,0,0.25,1019.4101656943606,0,0,7,1,0,2,0,352.21300000000014,0,7,O=c1cc(-c2ccccc2)oc2ccccc12
UIREF-0929,UMGDCJDMYOKAJW-UHFFFAOYSA-N,NC(N)=S,78,BindingDB|ChEMBL|PubChem,3,"Canavalia ensiformis|Helicobacter pylori|Sporosarcina pasteurii|Urease, unspecified origin",4,Canavalia ensiformis,10.1007/s00044-011-9804-0|10.1007/s00044-012-0376-4|10.1007/s00044-013-0575-7|10.1016/j.bioorg.2015.10.005|10.1016/j.bioorg.2015.12.007|10.1016/j.bioorg.2016.03.010|10.1016/j.bioorg.2016.04.005|10.1016/j.bmc.2014.05.057|10.1016/j.bmc.2015.05.038|10.1016/j.bmc.2015.10.017|10.1016/j.bmc.2016.07.042|10.1016/j.bmc.2017.11.028|10.1016/j.bmc.2018.06.005|10.1016/j.bmc.2019.115123|10.1016/j.bmc.2020.115759|10.1016/j.bmcl.2015.05.069|10.1016/j.bmcl.2017.05.019|10.1016/j.ejmech.2011.09.009|10.1016/j.ejmech.2013.06.045|10.1016/j.ejmech.2013.07.040|10.1016/j.ejmech.2013.10.012|10.1016/j.ejmech.2014.01.001|10.1016/j.ejmech.2014.09.098|10.1016/j.ejmech.2015.08.011|10.1016/j.ejmech.2022.114273|10.1080/14756360801945598|10.1080/14756360802188420|10.1111/cbdd.12379|10.1111/cbdd.12675|10.3109/14756360903179385|10.3109/14756360903389864|10.3109/14756366.2010.528415|10.3109/14756366.2012.740477|35694689.0|CHEMBL1909545|CHEMBL2417515|CHEMBL2434823|CHEMBL3044957|CHEMBL3045259|CHEMBL3045895|CHEMBL3085707|CHEMBL3120147|CHEMBL3352339|CHEMBL3600348|CHEMBL3621141|CHEMBL3627633|CHEMBL3817741|CHEMBL3826920|CHEMBL4033708|CHEMBL4118270|CHEMBL4177710|CHEMBL4665672|CHEMBL5137004|CHEMBL5241112,54,10.1016/j.ejmech.2014.01.001,IC50|Ki,73,4.6777807052660805,3.1655792963184677,6.251811972993799,3.0862326766753316,Active|Inactive|Unspecified,True,True,76.124,76.009519128,4,4,-0.8113000000000001,20.972800000000007,52.04,1,2,0,0,0,0,0.0,29.019550008653873,0,0,3,0,0,0,0,72.092,4,2,
UIREF-0930,UMTUKKJZAJFTRH-UHFFFAOYSA-N,Cn1c2ccccc2c2cc(-c3cc(-c4ccc(F)c(F)c4)nc(N)n3)ccc21,1,BindingDB,1,Canavalia ensiformis,1,Canavalia ensiformis,10.3109/14756366.2012.740477,1,10.3109/14756366.2012.740477,IC50,1,4.3448615651886175,4.3448615651886175,4.3448615651886175,0.0,Active,True,False,386.4050000000001,386.13430295200004,29,29,5.315900000000003,111.21540000000002,56.730000000000004,3,1,2,5,5,0,0.043478260869565216,1405.4665108885201,0,0,6,2,0,3,0,370.27700000000004,2,4,c1ccc(-c2cc(-c3ccc4[nH]c5ccccc5c4c3)ncn2)cc1
UIREF-0931,UNBKYLFATLEILA-UHFFFAOYSA-N,COc1cccc(C(c2c(O)c3ccccc3oc2=O)c2c(O)c3ccccc3oc2=O)c1,2,BindingDB|ChEMBL,2,Canavalia ensiformis,1,Canavalia ensiformis,10.1016/j.bmc.2005.09.048|CHEMBL1144858,2,CHEMBL1144858,IC50,2,4.25000052144804,4.25000001945443,4.2500010234416505,1.0039872204714584e-06,Active,True,False,442.4230000000002,442.1052529159999,33,33,4.499400000000003,122.23660000000002,110.11000000000001,7,2,4,5,5,0,0.07692307692307693,1529.0204132366666,0,0,7,2,0,3,0,424.2790000000003,2,7,O=c1oc2ccccc2cc1C(c1ccccc1)c1cc2ccccc2oc1=O
UIREF-0932,UNNQKGKIPWSKDM-UHFFFAOYSA-N,Oc1[nH]c2ccccc2c1N=NC(=S)Nc1c(F)cccc1F,2,BindingDB|ChEMBL,2,Canavalia ensiformis,1,Canavalia ensiformis,10.1007/s00044-013-0575-7|CHEMBL3044957,2,CHEMBL3044957,IC50,2,4.480172006224281,4.480172006224281,4.480172006224281,0.0,Active,True,False,332.33500000000004,332.05433838,23,23,4.632400000000001,87.0582,72.77,3,3,2,3,3,0,0.0,902.7309182245324,0,0,8,1,0,2,0,322.25500000000005,3,5,S=C(N=Nc1c[nH]c2ccccc12)Nc1ccccc1
UIREF-0933,UNWAQKQQFZTCBT-JTQLQIEISA-N,C[C@H]1COc2c(N3CCN(C)CC3)c(F)cc3c(=O)c(C(=O)NN)cn1c23,1,PubChem,1,Proteus mirabilis,1,Proteus mirabilis,,0,,IC50,0,,,,,Inactive,False,True,375.40400000000005,375.17066778400005,27,27,0.4493000000000004,99.73560000000002,92.83000000000001,6,2,2,4,2,2,0.4444444444444444,981.3465319691156,0,1,9,1,2,1,0,353.22800000000007,3,8,O=c1ccn2c3c(c(N4CCNCC4)ccc13)OCC2
UIREF-0934,UORVCLMRJXCDCP-UHFFFAOYSA-N,C#CC(=O)O,3,PubChem,1,Sporosarcina pasteurii,1,Sporosarcina pasteurii,10.1016/j.bmcl.2017.02.022,1,10.1016/j.bmcl.2017.02.022,Ki,3,4.35261702988538,3.1372724716820253,4.361510743045363,1.2242382713633377,Unspecified,False,False,70.047,70.005479304,5,5,-0.2958,16.4688,37.3,1,1,0,0,0,0,0.0,77.38407798525417,0,0,2,0,0,0,0,68.031,1,2,
UIREF-0935,UOUVLKPLCQPNES-UHFFFAOYSA-N,CN(C)c1ccc(C=C2C(=O)NC(=S)NC2=O)cc1,1,PubChem,1,Sporosarcina pasteurii,1,Sporosarcina pasteurii,10.1016/j.bmc.2014.05.057,1,10.1016/j.bmc.2014.05.057,IC50,1,4.232844133917819,4.232844133917819,4.232844133917819,0.0,Unspecified,False,False,275.33299999999997,275.072847656,19,19,0.6668999999999995,77.62940000000002,61.440000000000005,4,2,2,2,1,1,0.15384615384615385,554.0560551756178,0,2,6,0,1,1,0,262.229,2,5,O=C1NC(=S)NC(=O)C1=Cc1ccccc1
UIREF-0936,UPIFKAFMJSKJSC-UHFFFAOYSA-N,CCOC(=O)C(C)=C=C(c1ccccc1)c1ccccc1,1,PubChem,1,"Urease, unspecified origin",1,"Urease, unspecified origin",10.1016/j.bmcl.2008.10.007,1,10.1016/j.bmcl.2008.10.007,IC50,1,5.958607314841775,5.958607314841775,5.958607314841775,0.0,Active,True,False,278.351,278.130679816,21,21,4.226600000000004,84.72600000000004,26.3,2,0,4,2,2,0,0.15789473684210525,621.7272459831379,0,0,2,0,0,2,0,260.20699999999994,0,2,C=C(c1ccccc1)c1ccccc1
UIREF-0937,UQPIBMDOCDHGNQ-CSKARUKUSA-N,O=C(O)/C(=C/c1ccc(Cl)cc1)CCCP(=O)(O)O,3,PubChem,1,Sporosarcina pasteurii,1,Sporosarcina pasteurii,10.1016/j.ejmech.2018.09.074,1,10.1016/j.ejmech.2018.09.074,IC50|Ki,3,5.790484985457369,5.603800652904264,5.844663962534938,0.24086330963067404,Active,True,False,304.66599999999994,304.02673785799993,19,19,2.765900000000002,73.20990000000002,94.83,2,3,6,1,1,0,0.25,517.4262097125037,0,0,7,0,0,1,0,290.554,3,5,c1ccccc1
UIREF-0938,USAJLDRNEOVHJV-UHFFFAOYSA-N,Cc1ccc(NCC(O)=NO)cc1,2,PubChem,1,Helicobacter pylori,1,Helicobacter pylori,10.1016/j.ejmech.2018.06.065,1,10.1016/j.ejmech.2018.06.065,IC50,1,5.407823242604133,5.407823242604133,5.407823242604133,0.0,Active|Inconclusive,True,False,180.20700000000002,180.089877624,13,13,1.7526199999999998,51.51900000000001,64.85,3,3,3,1,1,0,0.2222222222222222,292.9879407824652,0,0,4,0,0,1,0,168.11099999999996,3,4,c1ccccc1
UIREF-0939,UTOHVLOPDNPBRA-UHFFFAOYSA-N,Fc1ccc(-n2c(-c3c(-c4ccc(Cl)cc4)[nH]c4ccccc34)nc(-c3ccccc3)c2-c2ccccc2)cc1,3,BindingDB|ChEMBL|PubChem,3,Canavalia ensiformis,1,Canavalia ensiformis,10.1016/j.ejmech.2015.08.011|CHEMBL3621141,2,10.1016/j.ejmech.2015.08.011,IC50,3,6.356547323513812,6.356547323513812,6.356547323513812,0.0,Active,True,False,540.0410000000003,539.1564536359999,40,40,9.814099999999994,162.13269999999966,33.61,1,1,5,7,7,0,0.0,1939.0051340201803,0,0,5,2,0,5,0,516.8570000000004,1,3,c1ccc(-c2nc(-c3c(-c4ccccc4)[nH]c4ccccc34)n(-c3ccccc3)c2-c2ccccc2)cc1
UIREF-0940,UUDIOVAKFLQNMI-UHFFFAOYSA-N,COc1ccc(CNc2ccc(Cl)cc2)cc1OC,2,PubChem,1,Helicobacter pylori,1,Helicobacter pylori,10.1016/j.bmc.2015.06.014,1,10.1016/j.bmc.2015.06.014,IC50,1,3.3010299956639813,3.3010299956639813,3.3010299956639813,0.0,Inconclusive|Unspecified,False,False,277.75100000000003,277.08695643199997,19,19,3.969300000000003,78.32470000000004,30.49,3,1,5,2,2,0,0.2,540.3418797762266,0,0,4,0,0,2,0,261.623,1,3,c1ccc(CNc2ccccc2)cc1
UIREF-0941,UUWXLYFLKBDEID-WPZCJLIBSA-N,CC(=O)OCC1=C(C(=O)O)N2C(=O)C(NS(=O)(=O)c3ccc(N)cc3)[C@H]2SC1,1,ChEMBL,1,Canavalia ensiformis,1,Canavalia ensiformis,CHEMBL2434823,1,CHEMBL2434823,IC50,0,,,,,Active,True,False,427.4600000000002,427.0507918840001,28,28,-0.2673999999999985,99.35070000000002,156.1,8,3,6,3,1,2,0.3125,972.4569496061222,0,1,12,0,2,1,0,410.3240000000002,4,10,O=C1C(NS(=O)(=O)c2ccccc2)C2SCC=CN12
UIREF-0942,UWRSXCOXVDVLPT-UHFFFAOYSA-N,O=C(O)C(=Cc1ccc(O)c(O)c1)CP(=O)(O)O,2,PubChem,1,Sporosarcina pasteurii,1,Sporosarcina pasteurii,10.1021/acs.jmedchem.0c01143,1,10.1021/acs.jmedchem.0c01143,Ki,2,5.825264100392807,5.667561540084394,5.982966660701219,0.31540512061682513,Active,True,False,274.16499999999996,274.024239322,18,18,0.7434999999999998,62.295500000000025,135.29000000000002,4,5,4,1,1,0,0.1,543.1572187141937,0,0,8,0,0,1,0,263.07699999999994,5,7,c1ccccc1
UIREF-0943,UXCRNCSXENFIHQ-UHFFFAOYSA-N,O=C1NC(=S)NC(=O)C1=Cc1ccc(O)cc1O,1,PubChem,1,Sporosarcina pasteurii,1,Sporosarcina pasteurii,10.1016/j.bmc.2014.05.057,1,10.1016/j.bmc.2014.05.057,IC50,1,4.493494967595128,4.493494967595128,4.493494967595128,0.0,Unspecified,False,False,264.262,264.02047773600003,18,18,0.012099999999999889,66.632,98.66000000000001,5,4,1,2,1,1,0.0,572.7060509769751,0,2,7,0,1,1,0,256.198,4,6,O=C1NC(=S)NC(=O)C1=Cc1ccccc1
UIREF-0944,UXFPXEJEBQZOKE-UHFFFAOYSA-N,O=C(NNC(=S)Nc1ccc([N+](=O)[O-])cc1)c1ccc(-c2nc3ccccc3s2)cc1,2,BindingDB|PubChem,2,"Canavalia ensiformis|Urease, unspecified origin",2,Canavalia ensiformis,10.1016/j.bioorg.2016.03.010|10.1016/j.ejmech.2022.114273,2,10.1016/j.bioorg.2016.03.010,IC50,2,5.853871964321762,5.853871964321762,5.853871964321762,0.0,Active,True,False,449.51700000000017,449.06163134,31,31,4.502900000000002,124.975,109.19000000000001,6,3,4,4,4,0,0.0,1237.4296222211067,0,1,10,1,0,3,0,434.3970000000003,3,8,O=C(NNC(=S)Nc1ccccc1)c1ccc(-c2nc3ccccc3s2)cc1
UIREF-0945,UXGRCBNHEKKFAG-UHFFFAOYSA-N,COc1ccccc1NC(=S)NCC(=O)NC(Cc1ccccc1)C(=O)NCC(=O)NC(C(=O)N1CCCC1C(=O)N1CCN(c2nsc3ccccc23)CC1)C(C)C,2,BindingDB|ChEMBL,2,Canavalia ensiformis,1,Canavalia ensiformis,10.1016/j.ejmech.2014.09.098|CHEMBL3352339,2,CHEMBL3352339,IC50,2,4.7447274948966935,4.7447274948966935,4.7447274948966935,0.0,Active,True,False,842.0609999999996,841.3403723519999,59,59,2.915600000000003,232.22049999999942,177.34000000000003,10,5,15,6,4,2,0.40476190476190477,2125.1322367528333,0,5,17,1,2,3,0,790.6529999999998,5,15,O=C(CNC(=O)C(Cc1ccccc1)NC(=O)CNC(=S)Nc1ccccc1)NCC(=O)N1CCCC1C(=O)N1CCN(c2nsc3ccccc23)CC1
UIREF-0946,UXHZQGGLYQZGCD-VGOFMYFVSA-N,O=C(Cc1c(O)[nH]c(=S)[nH]c1=O)N/N=C/c1ccccc1,1,PubChem,1,"Urease, unspecified origin",1,"Urease, unspecified origin",10.1016/j.bmc.2020.115759,1,10.1016/j.bmc.2020.115759,IC50,1,4.264241462556261,4.264241462556261,4.264241462556261,0.0,Unspecified,False,False,304.331,304.063011244,21,21,0.8308900000000001,79.7949,110.33999999999999,5,4,4,2,2,0,0.07692307692307693,779.9936488348867,0,1,8,1,0,1,0,292.23500000000007,4,7,O=C(Cc1c[nH]c(=S)[nH]c1=O)NN=Cc1ccccc1
UIREF-0947,UXRIXFDGGMTBAQ-UHFFFAOYSA-N,Oc1ccc(CCc2cccc(Cl)c2)cc1O,2,PubChem,1,Helicobacter pylori,1,Helicobacter pylori,10.1016/j.ejmech.2010.08.015,1,10.1016/j.ejmech.2010.08.015,IC50,2,4.4138751842937465,4.023650020996727,4.804100347590766,0.780450326594039,Unspecified,False,False,248.70900000000003,248.060407336,17,17,3.5364000000000027,68.63160000000002,40.46,2,2,3,2,2,0,0.14285714285714285,523.3807012815957,0,0,3,0,0,2,0,235.60499999999996,2,2,c1ccc(CCc2ccccc2)cc1
UIREF-0948,UXXKDUALNPPFSP-UHFFFAOYSA-N,Cc1ccc(-n2c(C(O)c3ccccc3)n[nH]c2=S)cc1,1,BindingDB,1,Canavalia ensiformis,1,Canavalia ensiformis,10.3109/14756360903389864,1,10.3109/14756360903389864,IC50,1,4.777283528852417,4.777283528852417,4.777283528852417,0.0,Active,True,False,297.38300000000004,297.0935831,21,21,3.320010000000001,83.98950000000002,53.839999999999996,3,2,3,3,3,0,0.125,790.3943409033799,0,0,5,1,0,2,0,282.26300000000003,2,4,S=c1[nH]nc(Cc2ccccc2)n1-c1ccccc1
UIREF-0949,UYFPPBIUBFOOGD-UHFFFAOYSA-N,O=C(Cc1c(O)[nH]c(=S)[nH]c1=O)N1CCOCC1,1,PubChem,1,"Urease, unspecified origin",1,"Urease, unspecified origin",10.1016/j.bmc.2020.115759,1,10.1016/j.bmc.2020.115759,IC50,1,5.085656842880559,5.085656842880559,5.085656842880559,0.0,Active,True,False,271.298,271.062676896,18,18,-0.4606100000000002,65.01520000000001,98.41999999999999,5,3,2,2,1,1,0.5,558.9765990101454,0,1,8,1,1,0,0,258.19399999999996,3,7,O=C(Cc1c[nH]c(=S)[nH]c1=O)N1CCOCC1
UIREF-0950,UZGASXAASHFBGH-UHFFFAOYSA-N,O=[N+]([O-])c1ccc(S(=O)(=O)Nc2nnc(-c3ccc(C(c4c[nH]c5ccc(Br)cc45)c4c[nH]c5ccc(Br)cc45)cc3)s2)c([N+](=O)[O-])c1,1,PubChem,1,"Urease, unspecified origin",1,"Urease, unspecified origin",10.1016/j.ejmech.2022.114273,1,10.1016/j.ejmech.2022.114273,IC50,1,6.301029995663981,6.301029995663981,6.301029995663981,0.0,Active,True,False,809.4780000000001,806.920497528,48,48,8.490100000000002,188.8466999999998,189.80999999999997,9,3,9,7,7,0,0.03225806451612903,2432.4811135073,0,0,17,3,0,4,0,790.3259999999999,3,13,O=S(=O)(Nc1nnc(-c2ccc(C(c3c[nH]c4ccccc34)c3c[nH]c4ccccc34)cc2)s1)c1ccccc1
UIREF-0951,UZNMGXUGAOXQOY-UHFFFAOYSA-N,O=[N+]([O-])c1cccc(NCC(O)=NO)c1,2,PubChem,1,Helicobacter pylori,1,Helicobacter pylori,10.1016/j.ejmech.2018.06.065,1,10.1016/j.ejmech.2018.06.065,IC50,1,5.085656842880559,5.085656842880559,5.085656842880559,0.0,Active|Inconclusive,True,False,211.177,211.059305768,15,15,1.3523999999999998,53.436400000000006,107.99000000000001,5,3,4,1,1,0,0.125,391.22810110058697,0,0,7,0,0,1,0,202.105,3,7,c1ccccc1
UIREF-0952,UZVULDPLKQSWIM-UHFFFAOYSA-N,O=[N+]([O-])c1ccccc1CNc1ccc(Cl)cc1,2,PubChem,1,Helicobacter pylori,1,Helicobacter pylori,10.1016/j.bmc.2015.06.014,1,10.1016/j.bmc.2015.06.014,IC50,1,3.6221475809932455,3.6221475809932455,3.6221475809932455,0.0,Inconclusive|Unspecified,False,False,262.69599999999997,262.050905272,18,18,3.8603000000000023,71.87510000000003,55.17,3,1,4,2,2,0,0.07692307692307693,555.1726316891575,0,0,5,0,0,2,0,251.60799999999998,1,4,c1ccc(CNc2ccccc2)cc1
UIREF-0953,VAFOYGQKXXTQOE-UHFFFAOYSA-N,C=C(C(=O)OC)C(OC(C)=O)c1ccc(NC(C)=O)cc1,1,PubChem,1,Sporosarcina pasteurii,1,Sporosarcina pasteurii,10.1016/j.ejmech.2017.03.070,1,10.1016/j.ejmech.2017.03.070,IC50,1,3.519993057042849,3.519993057042849,3.519993057042849,0.0,Unspecified,False,False,291.303,291.11067264400003,21,21,1.9784,76.40870000000004,81.69999999999999,5,1,5,1,1,0,0.26666666666666666,561.9316384205488,0,1,6,0,0,1,0,274.167,1,6,c1ccccc1
UIREF-0954,VAOCPAMSLUNLGC-UHFFFAOYSA-N,Cc1ncc([N+](=O)[O-])n1CCO,1,PubChem,1,Helicobacter pylori,1,Helicobacter pylori,10.1016/j.bmcl.2018.08.025,1,10.1016/j.bmcl.2018.08.025,MIC,0,,,,,Unspecified,False,False,171.15599999999998,171.064391148,12,12,0.09201999999999994,40.704200000000014,81.19,4,1,3,1,1,0,0.5,294.2284590462867,0,0,6,1,0,0,0,162.08399999999997,1,6,c1c[nH]cn1
UIREF-0955,VBGJSVZUKFPNNE-UHFFFAOYSA-N,Oc1ccc(CCc2ccc(F)cc2)c(O)c1O,2,PubChem,1,Helicobacter pylori,1,Helicobacter pylori,10.1016/j.ejmech.2010.08.015,1,10.1016/j.ejmech.2010.08.015,IC50,1,4.366531544420414,4.366531544420414,4.366531544420414,0.0,Inconclusive|Unspecified,False,False,248.25300000000001,248.084872496,18,18,2.7277000000000013,65.24440000000003,60.69,3,3,3,2,2,0,0.14285714285714285,549.7107166096947,0,0,4,0,0,2,0,235.14899999999994,3,3,c1ccc(CCc2ccccc2)cc1
UIREF-0956,VCFKLAMFXOWTOW-UHFFFAOYSA-N,ON=C(O)CNc1ccc(Cl)cc1,2,PubChem,1,Helicobacter pylori,1,Helicobacter pylori,10.1016/j.ejmech.2018.06.065,1,10.1016/j.ejmech.2018.06.065,IC50,1,5.607303046740334,5.607303046740334,5.607303046740334,0.0,Active|Inconclusive,True,False,200.625,200.035255208,13,13,2.0976,51.792000000000016,64.85000000000001,3,3,3,1,1,0,0.125,297.517265795446,0,0,5,0,0,1,0,191.553,3,4,c1ccccc1
UIREF-0957,VCZWBCLQZVMPMR-UHFFFAOYSA-N,NC(=S)NN=CCc1ccccn1,2,BindingDB|PubChem,2,"Canavalia ensiformis|Urease, unspecified origin",2,Canavalia ensiformis,10.1111/cbdd.12379,1,10.1111/cbdd.12379,IC50,1,5.576754126063192,5.576754126063192,5.576754126063192,0.0,Active,True,False,194.26300000000003,194.06261732,13,13,0.4430999999999999,56.35410000000002,63.3,3,2,3,1,1,0,0.125,296.27215329760946,0,0,5,1,0,0,0,184.183,3,4,c1ccncc1
UIREF-0958,VDLJOYYXZLZHFP-UHFFFAOYSA-N,ON=C(O)CC(O)c1ccc(OCc2ccccc2)cc1,2,PubChem,1,Helicobacter pylori,1,Helicobacter pylori,10.1016/j.ejmech.2013.07.047,1,10.1016/j.ejmech.2013.07.047,IC50,1,4.211124884224583,4.211124884224583,4.211124884224583,0.0,Inconclusive|Unspecified,False,False,287.315,287.115758024,21,21,3.0348000000000015,78.64310000000003,82.28000000000002,4,3,6,2,2,0,0.1875,580.985788480361,0,0,5,0,0,2,0,270.179,3,5,c1ccc(COc2ccccc2)cc1
UIREF-0959,VDNOSFFNBJQPOO-UHFFFAOYSA-N,Cc1ccc(OC(C)c2nnc(Nc3ccc(F)cc3)o2)cc1,1,BindingDB,1,Canavalia ensiformis,1,Canavalia ensiformis,10.1111/cbdd.12297,1,10.1111/cbdd.12297,IC50,1,4.906578314837765,4.906578314837765,4.906578314837765,0.0,Active,True,False,313.33200000000005,313.12265497199996,23,23,4.400720000000003,84.20270000000002,60.18000000000001,5,1,5,3,3,0,0.17647058823529413,769.2923939382223,0,0,6,1,0,2,0,297.204,1,5,c1ccc(Nc2nnc(COc3ccccc3)o2)cc1
UIREF-0960,VEJAHRSRJLDDTL-UHFFFAOYSA-N,CP(O)(=S)CNC(=O)OCc1ccccc1,3,PubChem,1,"Proteus vulgaris|Sporosarcina pasteurii|Urease, unspecified origin",3,"Urease, unspecified origin",10.1021/jm800570q,1,10.1021/jm800570q,IC50|Ki,2,3.876062445187698,3.801342913045578,3.950781977329818,0.14943906428424025,Inactive|Unspecified,False,True,259.267,259.043200938,16,16,1.8868999999999998,67.05750000000003,58.56,3,2,4,1,1,0,0.3,390.310432309459,0,1,6,0,0,1,0,245.15499999999997,2,4,c1ccccc1
UIREF-0961,VFCCZOBUJKAKQF-UHFFFAOYSA-N,COc1ccc(C(=O)N=Nc2c(O)n(CC=C(C)C)c3ccccc23)cc1OC,3,ChEMBL|PubChem,2,Helicobacter pylori,1,Helicobacter pylori,10.1016/j.bmcl.2018.08.025|CHEMBL4265894,2,10.1016/j.bmcl.2018.08.025,IC50|MIC,2,6.1487416512809245,6.1487416512809245,6.1487416512809245,0.0,Active,True,False,393.44300000000015,393.168856216,29,29,5.254400000000004,111.42630000000003,85.41000000000001,5,1,6,3,3,0,0.22727272727272727,1108.6880224721367,0,1,7,1,0,2,0,370.2590000000002,1,7,O=C(N=Nc1c[nH]c2ccccc12)c1ccccc1
UIREF-0962,VFRVHRMFCRFTKS-UHFFFAOYSA-N,CN(C)c1ccc(C(O)=NO)cc1,2,PubChem,1,Helicobacter pylori,1,Helicobacter pylori,10.1016/j.ejmech.2013.07.047,1,10.1016/j.ejmech.2013.07.047,IC50,1,4.108462542327436,4.108462542327436,4.108462542327436,0.0,Inconclusive|Unspecified,False,False,180.20699999999997,180.089877624,13,13,1.4464,51.721300000000014,56.06,3,2,2,1,1,0,0.2222222222222222,303.8956697731356,0,0,4,0,0,1,0,168.11099999999996,2,4,c1ccccc1
UIREF-0963,VFSGEEBMGYDOJI-UHFFFAOYSA-N,Cc1cccc(C2c3c([nH]c(=O)[nH]c3=O)OC(=N)C2C#N)c1,2,BindingDB|ChEMBL,2,Canavalia ensiformis,1,Canavalia ensiformis,35694689.0|CHEMBL5241112,2,CHEMBL5241112,IC50,2,4.385841290490825,4.385841290490825,4.385841290490825,0.0,Active,True,False,296.286,296.090940244,22,22,1.01297,78.1631,122.59,5,3,1,3,2,1,0.2,919.360407791883,0,0,7,1,1,1,0,284.19,3,7,N=C1CC(c2ccccc2)c2c([nH]c(=O)[nH]c2=O)O1
UIREF-0964,VFXVGJWTIMTXOL-UHFFFAOYSA-N,O=C(Cc1nn[nH]n1)Cn1nc(-c2ccccc2O)nc1-c1ccccc1O,2,ChEMBL|PubChem,2,Canavalia ensiformis,1,Canavalia ensiformis,10.1016/j.ejmech.2022.114273|CHEMBL5137004,2,CHEMBL5137004,IC50,2,5.896196279044043,5.896196279044043,5.896196279044043,0.0,Active,True,False,377.36400000000015,377.12363734,28,28,1.3481999999999992,97.11229999999999,142.70000000000002,8,3,6,4,4,0,0.1111111111111111,1121.931873686671,0,0,10,2,0,2,0,362.24400000000014,3,10,O=C(Cc1nn[nH]n1)Cn1nc(-c2ccccc2)nc1-c1ccccc1
UIREF-0965,VGYIBZGOCPCKSV-UHFFFAOYSA-N,ON=C(O)CN1CCCc2ccccc21,2,PubChem,1,Helicobacter pylori,1,Helicobacter pylori,10.1016/j.ejmech.2018.06.065,1,10.1016/j.ejmech.2018.06.065,IC50,1,4.148130399270234,4.148130399270234,4.148130399270234,0.0,Inconclusive|Unspecified,False,False,206.24500000000003,206.105527688,15,15,1.7849,58.826300000000025,56.06000000000001,3,2,2,2,1,1,0.36363636363636365,376.60560032416964,0,0,4,0,1,1,0,192.13299999999998,2,4,c1ccc2c(c1)CCCN2
UIREF-0966,VHDFPWKESGSWFS-UHFFFAOYSA-N,COc1ccc(C(=O)NC(=S)Nc2ccc(S(N)(=O)=O)cc2)c(OC)c1OC,2,BindingDB|ChEMBL,2,Canavalia ensiformis,1,Canavalia ensiformis,10.1007/s00044-012-0376-4|CHEMBL3045259,2,CHEMBL3045259,Ki,2,5.872895201635192,5.872895201635192,5.872895201635192,0.0,Active,True,False,425.4880000000002,425.07152732799995,28,28,1.4866000000000001,107.60010000000001,128.98,7,3,6,2,2,0,0.17647058823529413,990.6974648443643,0,1,11,0,0,2,0,406.33600000000024,4,9,O=C(NC(=S)Nc1ccccc1)c1ccccc1
UIREF-0967,VHGKRHOJMQAKBN-DARPEHSRSA-N,O=S(=O)(Cl)c1ccc(/N=c2/sc(-c3ccc(Cl)cc3)cn2-c2ccccc2)cc1,1,ChEMBL,1,Canavalia ensiformis,1,Canavalia ensiformis,CHEMBL2434823,1,CHEMBL2434823,IC50,0,,,,,Active,True,False,461.3950000000001,459.98737504800005,29,29,6.019100000000004,118.79579999999997,51.43,4,0,4,4,4,0,0.0,1309.8710690810583,0,0,8,1,0,3,0,447.28300000000024,0,4,c1ccc(N=c2sc(-c3ccccc3)cn2-c2ccccc2)cc1
UIREF-0968,VHILMKFSCRWWIJ-UHFFFAOYSA-N,COC(=O)C#CC(=O)OC,3,PubChem,1,Sporosarcina pasteurii,1,Sporosarcina pasteurii,10.1016/j.bmcl.2017.02.022,1,10.1016/j.bmcl.2017.02.022,Ki,3,7.906578314837764,6.011887159731648,8.010105436281227,1.9982182765495793,Active,True,False,142.10999999999999,142.026608672,10,10,-0.6642000000000001,31.807999999999993,52.60000000000001,4,0,0,0,0,0,0.3333333333333333,175.52869341667886,0,0,4,0,0,0,0,136.06199999999998,0,4,
UIREF-0969,VIDKYIRDANSKGH-UHFFFAOYSA-N,O=c1c(C(c2cccnc2)c2c(O)oc3ccccc3c2=O)c(O)oc2ccccc12,2,BindingDB|ChEMBL,2,Canavalia ensiformis,1,Canavalia ensiformis,10.1016/j.bmc.2005.09.048|CHEMBL1144858,2,CHEMBL1144858,IC50,2,4.450002067645579,4.449999986821809,4.450004148469349,4.1616475394690156e-06,Active,True,False,413.38500000000016,413.08993719999995,31,31,3.8858000000000024,113.47960000000003,113.77000000000001,7,2,3,5,5,0,0.041666666666666664,1453.0624818802692,0,0,7,3,0,2,0,398.2650000000002,2,7,O=c1c(C(c2cccnc2)c2coc3ccccc3c2=O)coc2ccccc12
UIREF-0970,VIISGXFPKLOPRI-UHFFFAOYSA-N,CC(=O)N1CCN(c2cc3c(cc2F)c(=O)c(C(=O)O)cn3C2CC2)CC1,1,PubChem,1,Proteus mirabilis,1,Proteus mirabilis,,0,,IC50,0,,,,,Active,True,False,373.3840000000002,373.14378434,27,27,1.8422,97.86330000000004,82.85,4,1,3,4,2,2,0.42105263157894735,1004.1623408143881,0,1,8,1,1,1,1,353.2240000000001,1,7,O=c1ccn(C2CC2)c2cc(N3CCNCC3)ccc12
UIREF-0971,VJDXFPIGFRDBGX-UHFFFAOYSA-N,COC(=O)C(=Cc1ccc(NC(C)=O)cc1)CP(=O)(O)O,2,PubChem,1,Sporosarcina pasteurii,1,Sporosarcina pasteurii,10.1016/j.ejmech.2017.03.070,1,10.1016/j.ejmech.2017.03.070,Ki,2,3.40351566510882,3.3936186348893953,3.413412695328245,0.01979406043884957,Unspecified,False,False,313.24600000000004,313.07152386199994,21,21,1.3790999999999995,77.64980000000001,112.93,4,3,5,1,1,0,0.23076923076923078,601.5924294141006,0,1,8,0,0,1,0,297.118,3,7,c1ccccc1
UIREF-0972,VJZHYBAQOACZAV-BDPMCISCSA-N,CC(=O)OCC1=C(C(=O)O)N2C(=O)C(NC(=O)CN3CCN(c4ccc([N+](=O)[O-])cc4F)CC3)[C@H]2SC1,1,ChEMBL,1,Canavalia ensiformis,1,Canavalia ensiformis,CHEMBL2434823,1,CHEMBL2434823,IC50,0,,,,,Active,True,False,537.5260000000002,537.132961948,37,37,0.1576000000000013,128.02490000000003,162.63,10,2,8,4,1,3,0.45454545454545453,1185.6021942374584,0,2,15,0,3,1,0,513.3340000000003,2,13,O=C(CN1CCN(c2ccccc2)CC1)NC1C(=O)N2C=CCSC12
UIREF-0973,VKCDMAJVSYQVAL-UHFFFAOYSA-N,CCOC(=O)c1ccc(NC(=S)NC(=O)c2ccc(Cl)cc2Cl)cc1,2,BindingDB|PubChem,2,"Canavalia ensiformis|Urease, unspecified origin",2,Canavalia ensiformis,10.1016/j.bioorg.2013.10.001,1,10.1016/j.bioorg.2013.10.001,IC50,1,6.552841968657781,6.552841968657781,6.552841968657781,0.0,Active,True,False,397.28300000000013,396.010218668,25,25,4.296900000000003,102.5474,67.43,4,2,4,2,2,0,0.11764705882352941,810.040300503536,0,1,8,0,0,2,0,383.17100000000005,2,5,O=C(NC(=S)Nc1ccccc1)c1ccccc1
UIREF-0974,VKPCAEXNFRWRDN-UHFFFAOYSA-N,ON=C(O)COc1cccc(F)c1,2,PubChem,1,Helicobacter pylori,1,Helicobacter pylori,10.1016/j.bmc.2018.07.003,1,10.1016/j.bmc.2018.07.003,IC50,1,4.568636235841013,4.568636235841013,4.568636235841013,0.0,Inconclusive|Unspecified,False,False,185.154,185.048821336,13,13,1.5502,43.745300000000015,62.05000000000001,3,2,3,1,1,0,0.125,314.0123782932826,0,0,5,0,0,1,0,177.08999999999997,2,4,c1ccccc1
UIREF-0975,VKQPGHNXUFJXTA-UHFFFAOYSA-N,CP(O)(=S)CNC(=O)CNC(=O)OCc1ccccc1,3,PubChem,1,"Proteus vulgaris|Sporosarcina pasteurii|Urease, unspecified origin",3,"Urease, unspecified origin",10.1021/jm800570q,1,10.1021/jm800570q,IC50|Ki,2,5.62668290053121,5.508638306165727,5.7447274948966935,0.23608918873096663,Active,True,False,316.31899999999996,316.064664654,20,20,1.0030999999999994,80.06720000000003,87.66000000000001,4,3,6,1,1,0,0.3333333333333333,503.4386032403302,0,2,8,0,0,1,0,299.18300000000005,3,6,c1ccccc1
UIREF-0976,VKVJYWXTSOMRFM-SDNWHVSQSA-N,COC(=O)/C(=C/c1ccc(C)cc1)CCCCP(=O)(O)O,3,PubChem,1,Sporosarcina pasteurii,1,Sporosarcina pasteurii,10.1016/j.ejmech.2018.09.074,1,10.1016/j.ejmech.2018.09.074,IC50|Ki,3,3.583359492661719,3.5316526695878423,3.6595558851598815,0.1279032155720392,Unspecified,False,False,312.30199999999996,312.11266040199996,21,21,2.899420000000002,81.93410000000003,83.83000000000001,3,2,7,1,1,0,0.4,541.6873339136641,0,0,6,0,0,1,0,291.134,2,5,c1ccccc1
UIREF-0977,VLHCQIQOYHSXEC-UHFFFAOYSA-N,CC(=NNC(=O)c1ccc(C=C2C(=O)Nc3ccc(Cl)cc32)cc1)c1ccccc1O,2,BindingDB|ChEMBL,2,Canavalia ensiformis,1,Canavalia ensiformis,10.1016/j.bmcl.2015.05.069|CHEMBL3600348,2,CHEMBL3600348,IC50,2,4.1438755557577,4.1438755557577,4.1438755557577,0.0,Active,True,False,431.87900000000013,431.103669116,31,31,4.692300000000003,122.17869999999998,90.79,4,3,4,4,3,1,0.041666666666666664,1247.179289840749,0,2,7,0,1,3,0,413.73500000000024,3,6,O=C1Nc2ccccc2C1=Cc1ccc(C(=O)NN=Cc2ccccc2)cc1
UIREF-0978,VLTJYDZWZRHUIU-UHFFFAOYSA-N,COc1ccc(NC(=S)NCC(=O)NC(Cc2ccccc2)C(=O)NCC(=O)NC(C(=O)N2CCCC2C(=O)N2CCN(c3nsc4ccccc34)CC2)C(C)C)cc1,2,BindingDB|ChEMBL,2,Canavalia ensiformis,1,Canavalia ensiformis,10.1016/j.ejmech.2014.09.098|CHEMBL3352339,2,CHEMBL3352339,IC50,2,4.823908740944319,4.823908740944319,4.823908740944319,0.0,Active,True,False,842.0609999999997,841.3403723519999,59,59,2.915600000000002,232.22049999999942,177.34000000000003,10,5,15,6,4,2,0.40476190476190477,2107.8822367528333,0,5,17,1,2,3,0,790.6529999999997,5,15,O=C(CNC(=O)C(Cc1ccccc1)NC(=O)CNC(=S)Nc1ccccc1)NCC(=O)N1CCCC1C(=O)N1CCN(c2nsc3ccccc23)CC1
UIREF-0979,VMRFEDBTCSVDGN-UHFFFAOYSA-N,CCCCCCCCCCCCCCCCCCCCCCCCOC(=O)C=Cc1ccc(O)c(O)c1,1,BindingDB,1,Canavalia ensiformis,1,Canavalia ensiformis,10.3109/14756360903179385,1,10.3109/14756360903179385,IC50,1,4.6786087216883105,4.6786087216883105,4.6786087216883105,0.0,Active,True,False,516.8070000000004,516.4178602719999,37,37,10.256299999999992,157.01259999999976,66.76,4,2,25,1,1,0,0.7272727272727273,697.5635364905571,0,0,4,0,0,1,0,460.3590000000003,2,4,c1ccccc1
UIREF-0980,VMWQSMRXOCPLSJ-UHFFFAOYSA-N,CCC(Oc1ccc(Cl)c(Cl)c1)c1nnc(Nc2ccc(C)cc2)o1,1,BindingDB,1,Canavalia ensiformis,1,Canavalia ensiformis,10.1111/cbdd.12297,1,10.1111/cbdd.12297,IC50,1,4.324221658325915,4.324221658325915,4.324221658325915,0.0,Active,True,False,378.25900000000007,377.069782144,25,25,5.958520000000004,98.88170000000002,60.18000000000001,5,1,6,3,3,0,0.2222222222222222,849.7824452982595,0,0,7,1,0,2,0,361.12300000000016,1,5,c1ccc(Nc2nnc(COc3ccccc3)o2)cc1
UIREF-0981,VNEWXRWSGLQAFY-UHFFFAOYSA-N,CNCP(=O)(O)CO,2,PubChem,1,Proteus vulgaris|Sporosarcina pasteurii,2,Proteus vulgaris,10.1021/jm100340m,1,10.1021/jm100340m,IC50,2,5.90816582131999,5.798602875679549,6.017728766960431,0.219125891280882,Active,True,False,139.091,139.03982981,8,8,-0.6165000000000003,30.83779999999999,69.56,3,3,3,0,0,0,1.0,104.70165766734146,0,0,5,0,0,0,0,129.011,3,4,
UIREF-0982,VNJMEFZKYZHWEO-VOTSOKGWSA-N,Cc1ccc(C(=O)/C=C/C(=O)O)cc1,3,PubChem,1,Sporosarcina pasteurii,1,Sporosarcina pasteurii,10.1016/j.bmcl.2017.02.022,1,10.1016/j.bmcl.2017.02.022,Ki,3,5.1778319206319825,4.112945621949043,5.196542884351587,1.0835972624025434,Active|Unspecified,True,False,190.198,190.06299418,14,14,1.81852,52.285300000000014,54.370000000000005,2,1,3,1,1,0,0.09090909090909091,374.0240468599654,0,0,3,0,0,1,0,180.11799999999997,1,3,c1ccccc1
UIREF-0983,VNMIXZLSPNJOGL-UHFFFAOYSA-N,O=C(NC(=S)Nc1c(Cl)cccc1Cl)c1ccccc1,3,BindingDB|ChEMBL|PubChem,3,Canavalia ensiformis,1,Canavalia ensiformis,10.1016/j.ejmech.2013.10.012|CHEMBL3085707,2,10.1016/j.ejmech.2013.10.012,IC50,3,5.369572124974976,5.369572124974976,5.369572124974976,0.0,Active,True,False,325.2200000000001,323.9890893,20,20,4.120200000000002,86.5909,41.13,2,2,2,2,2,0,0.0,626.6270925467023,0,1,6,0,0,2,0,315.1400000000001,2,3,O=C(NC(=S)Nc1ccccc1)c1ccccc1
UIREF-0984,VOEBGVUOHGPBOR-UHFFFAOYSA-N,ON=C(O)CCNc1cc(F)cc(F)c1,2,PubChem,1,Helicobacter pylori,1,Helicobacter pylori,10.1016/j.ejmech.2018.06.065,1,10.1016/j.ejmech.2018.06.065,IC50,1,5.818156412055227,5.818156412055227,5.818156412055227,0.0,Active|Inconclusive,True,False,216.18699999999998,216.071034,15,15,2.1125,51.31500000000001,64.85000000000001,3,3,4,1,1,0,0.2222222222222222,348.8800188482176,0,0,6,0,0,1,0,206.10699999999997,3,4,c1ccccc1
UIREF-0985,VOEMGPULGVVRBO-RGVLZGJSSA-N,C/C(=N\NC(=S)Nc1cccc(Cl)c1)c1cc2ccccc2o1,1,PubChem,1,"Urease, unspecified origin",1,"Urease, unspecified origin",,0,,IC50,0,,,,,Active,True,False,343.8390000000001,343.05461074799996,23,23,4.796800000000002,99.2334,49.56,3,2,3,3,3,0,0.058823529411764705,855.1856816401735,0,0,6,1,0,2,0,329.7270000000001,2,4,S=C(NN=Cc1cc2ccccc2o1)Nc1ccccc1
UIREF-0986,VOEMGPULGVVRBO-UHFFFAOYSA-N,CC(=NNC(=S)Nc1cccc(Cl)c1)c1cc2ccccc2o1,1,BindingDB,1,Canavalia ensiformis,1,Canavalia ensiformis,10.1016/j.bioorg.2015.06.004,1,10.1016/j.bioorg.2015.06.004,IC50,1,5.94692155651658,5.94692155651658,5.94692155651658,0.0,Active,True,False,343.8390000000001,343.05461074799996,23,23,4.796800000000002,99.2334,49.56,3,2,3,3,3,0,0.058823529411764705,855.1856816401735,0,0,6,1,0,2,0,329.7270000000001,2,4,S=C(NN=Cc1cc2ccccc2o1)Nc1ccccc1
UIREF-0987,VOKMZEJABNLUSJ-UHFFFAOYSA-N,C=C(C(=O)OC)C(OC(C)=O)c1ccc(F)cc1,1,PubChem,1,Sporosarcina pasteurii,1,Sporosarcina pasteurii,10.1016/j.ejmech.2017.03.070,1,10.1016/j.ejmech.2017.03.070,IC50,1,5.3819519032879075,5.3819519032879075,5.3819519032879075,0.0,Active,True,False,252.24099999999999,252.079787116,18,18,2.1590999999999996,62.06300000000003,52.6,4,0,4,1,1,0,0.23076923076923078,464.3845176048577,0,0,5,0,0,1,0,239.13699999999994,0,4,c1ccccc1
UIREF-0988,VOQQFGYSHOKMRQ-UHFFFAOYSA-N,COc1ccccc1NC(=O)NCC(=O)NC(C(=O)NCC(=O)NC(C(=O)N1CCCC1C(=O)N1CCN(c2nsc3ccccc23)CC1)C(C)C)C(C)C,2,BindingDB|ChEMBL,2,Canavalia ensiformis,1,Canavalia ensiformis,10.1016/j.ejmech.2014.09.098|CHEMBL3352339,2,CHEMBL3352339,IC50,2,4.657577319177793,4.657577319177793,4.657577319177793,0.0,Active,True,False,777.9489999999998,777.363215972,55,55,2.164000000000004,209.71049999999943,194.41000000000003,10,5,14,5,3,2,0.5,1860.0408154316424,0,7,17,1,2,2,0,726.5409999999998,5,16,O=C(CNC(=O)CNC(=O)Nc1ccccc1)NCC(=O)NCC(=O)N1CCCC1C(=O)N1CCN(c2nsc3ccccc23)CC1
UIREF-0989,VPGGVFDKMHYFJL-UHFFFAOYSA-N,CN(O)C(=O)CC(O)c1ccc(OCc2ccccc2)c(OCc2ccccc2)c1,1,PubChem,1,Helicobacter pylori,1,Helicobacter pylori,10.1016/j.bmc.2016.07.052,1,10.1016/j.bmc.2016.07.052,IC50,1,3.424812155072339,3.424812155072339,3.424812155072339,0.0,Unspecified,False,False,407.4660000000001,407.1732729,30,30,4.115700000000004,112.12330000000001,79.23,5,2,9,3,3,0,0.20833333333333334,944.3248167045084,0,1,6,0,0,3,0,382.2660000000002,2,6,c1ccc(COc2ccccc2OCc2ccccc2)cc1
UIREF-0990,VPTSVLMGDDLAJD-UHFFFAOYSA-N,O=C1N=c2ccc(Cl)cc2=C1Cc1ccc(C(=O)NN=Cc2ccc(O)cc2)cc1,2,BindingDB|ChEMBL,2,Canavalia ensiformis,1,Canavalia ensiformis,10.1016/j.bmcl.2015.05.069|CHEMBL3600348,2,CHEMBL3600348,IC50,2,4.071604147743286,4.071604147743286,4.071604147743286,0.0,Active,True,False,417.85200000000003,417.088019052,30,30,2.3627000000000002,113.96099999999998,91.12,4,2,5,4,3,1,0.043478260869565216,1280.7637841534524,0,2,7,0,1,3,0,401.72400000000016,2,6,O=C1N=c2ccccc2=C1Cc1ccc(C(=O)NN=Cc2ccccc2)cc1
UIREF-0991,VPXGGQWEOWMSPY-RMKNXTFCSA-N,COc1ccc(/C=C(\CP(=O)(O)O)C(=O)O)cc1,2,PubChem,1,Sporosarcina pasteurii,1,Sporosarcina pasteurii,10.1016/j.ejmech.2017.03.070,1,10.1016/j.ejmech.2017.03.070,Ki,2,4.501271857335961,4.46344155742847,4.539102157243452,0.07566059981498174,Unspecified,False,False,272.193,272.044974766,18,18,1.3408999999999998,65.51790000000003,104.06000000000002,3,3,5,1,1,0,0.18181818181818182,498.7696521436176,0,0,7,0,0,1,0,259.08899999999994,3,6,c1ccccc1
UIREF-0992,VQAMDLCEVUFIAI-UHFFFAOYSA-N,Cc1ccc(C(c2c[nH]c3ccc(C(=O)NNC(=S)Nc4ccc(Cl)cc4)cc23)c2c[nH]c3ccc(C(=O)NNC(=S)Nc4ccc(Cl)cc4)cc23)cc1,3,BindingDB|ChEMBL|PubChem,3,Canavalia ensiformis,1,Canavalia ensiformis,10.1016/j.bmc.2017.11.028|CHEMBL4177710,2,10.1016/j.bmc.2017.11.028,IC50,3,5.560667306169737,5.560667306169737,5.560667306169737,0.0,Active,True,False,791.79,790.146669624,54,54,8.707419999999999,225.27059999999975,137.9,4,8,7,7,7,0,0.05,2363.6011406900016,0,2,14,2,0,5,0,759.5339999999999,8,10,O=C(NNC(=S)Nc1ccccc1)c1ccc2[nH]cc(C(c3ccccc3)c3c[nH]c4ccc(C(=O)NNC(=S)Nc5ccccc5)cc34)c2c1
UIREF-0993,VQBTYYRQOWLFFH-UHFFFAOYSA-N,O=C(Cc1ccc(O)c(O)c1)OCc1ccccc1,1,PubChem,1,Sporosarcina pasteurii,1,Sporosarcina pasteurii,10.1016/j.bmcl.2019.02.032,1,10.1016/j.bmcl.2019.02.032,IC50,1,4.355659901173677,4.355659901173677,4.355659901173677,0.0,Unspecified,False,False,258.27299999999997,258.089208928,19,19,2.3837,69.71360000000004,66.76,4,2,4,2,2,0,0.13333333333333333,563.6131868754018,0,0,4,0,0,2,0,244.16099999999994,2,4,O=C(Cc1ccccc1)OCc1ccccc1
UIREF-0994,VQCMNKBSPKNMKE-CYBMUJFWSA-N,O=c1c2ccccc2[se]n1[C@H](CO)c1ccccc1,4,PubChem,1,Helicobacter pylori|Sporosarcina pasteurii,2,Helicobacter pylori,10.1021/acs.jmedchem.6b00986,1,10.1021/acs.jmedchem.6b00986,IC50|Ki,3,5.298432014944073,4.6439741428068775,7.91721462968355,3.2732404868766727,Active|Inactive|Unspecified,True,True,318.234,319.01114995600005,19,19,1.6401999999999999,76.81480000000002,42.230000000000004,2,1,3,3,3,0,0.13333333333333333,745.4314920885984,0,0,4,1,0,2,0,305.13000000000005,1,3,O=c1c2ccccc2[se]n1Cc1ccccc1
UIREF-0995,VQIQQYLIOAABJK-UHFFFAOYSA-N,COc1cc(C=NNC(N)=S)cc(OC)c1O,5,BindingDB|ChEMBL|PubChem,3,Canavalia ensiformis,1,Canavalia ensiformis,10.1016/j.ejmech.2011.09.009|CHEMBL1909545,2,10.1016/j.ejmech.2011.09.009,IC50|Ki,5,6.632644078973981,6.632644078973981,6.872895201635192,0.24025112266121074,Active,True,False,255.29899999999998,255.067762276,17,17,0.5765,68.72590000000001,89.10000000000001,5,3,4,1,1,0,0.2,423.4174176148909,0,0,7,0,0,1,0,242.19499999999996,4,6,c1ccccc1
UIREF-0996,VQNVFDYHZBGABB-UHFFFAOYSA-N,ON=C(O)CNc1cccc(Br)c1,2,PubChem,1,Helicobacter pylori,1,Helicobacter pylori,10.1016/j.ejmech.2018.06.065,1,10.1016/j.ejmech.2018.06.065,IC50,2,5.1916782361913,4.317854923626168,6.065501548756432,1.7476466251302636,Active|Unspecified,True,False,245.076,243.984739628,13,13,2.2067000000000005,54.48200000000001,64.85000000000001,3,3,3,1,1,0,0.125,314.76726579544606,0,0,5,0,0,1,0,236.004,3,4,c1ccccc1
UIREF-0997,VRDWWLJLPSPRRR-UHFFFAOYSA-N,COc1cc(C(=O)N2CCN(c3cc4c(cc3F)c(=O)c(C(=O)NN)cn4C3CC3)CC2)cc(OC)c1OC,1,PubChem,1,Proteus mirabilis,1,Proteus mirabilis,,0,,IC50,0,,,,,Active,True,False,539.5640000000003,539.2180119,39,39,2.0671999999999997,142.30509999999984,128.36,8,2,7,5,3,2,0.37037037037037035,1485.7640668846568,0,2,12,1,1,2,1,509.32400000000035,3,11,O=C(c1ccccc1)N1CCN(c2ccc3c(=O)ccn(C4CC4)c3c2)CC1
UIREF-0998,VSNHCAURESNICA-UHFFFAOYSA-N,NC(O)=NO,2,PubChem,1,"Helicobacter pylori|Urease, unspecified origin",2,Helicobacter pylori,10.1016/j.ejmech.2022.114273|10.1039/d3md00645j,2,10.1016/j.ejmech.2022.114273,IC50,2,4.055349148746845,4.0,4.110698297493689,0.11069829749368942,Unspecified,False,False,76.05499999999999,76.027277368,5,5,-0.7517,16.0377,78.84,2,3,0,0,0,0,0.0,45.609640474436816,0,0,4,0,0,0,0,72.023,4,4,
UIREF-0999,VSYRLEOKFZDZRX-UHFFFAOYSA-N,CP(=O)(O)CNC(=O)C(N)Cc1ccccc1,3,PubChem,1,"Proteus vulgaris|Sporosarcina pasteurii|Urease, unspecified origin",3,"Urease, unspecified origin",10.1021/jm800570q,1,10.1021/jm800570q,IC50|Ki,2,3.172238701873291,3.122628654130226,3.221848749616356,0.09922009548612998,Inactive|Unspecified,False,True,256.242,256.097679034,17,17,0.5302999999999993,66.88040000000004,92.42,3,3,5,1,1,0,0.36363636363636365,415.98453691565754,0,1,6,0,0,1,0,239.10599999999997,4,5,c1ccccc1
UIREF-1000,VTKUSUOHHFDIEK-JXMROGBWSA-N,COC(=O)/C(=C/c1ccc(OC)cc1)C[PH](=O)O,2,PubChem,1,Sporosarcina pasteurii,1,Sporosarcina pasteurii,10.1016/j.ejmech.2017.03.070,1,10.1016/j.ejmech.2017.03.070,Ki,2,3.815457039589246,3.804100347590766,3.826813731587726,0.02271338399695999,Unspecified,False,False,270.22099999999995,270.06571021,18,18,1.7186000000000003,69.07430000000002,72.83,4,1,5,1,1,0,0.25,463.86104345760117,0,0,6,0,0,1,0,255.10099999999994,1,5,c1ccccc1
UIREF-1001,VTQFCLNJYSQGAY-UHFFFAOYSA-N,NS(=O)(=O)c1ccc(NC(=S)NC(=O)c2ccc([N+](=O)[O-])cc2)cc1,2,BindingDB|ChEMBL,2,Canavalia ensiformis,1,Canavalia ensiformis,10.1007/s00044-012-0376-4|CHEMBL3045259,2,CHEMBL3045259,Ki,2,5.1249387366083,5.1249387366083,5.1249387366083,0.0,Active,True,False,380.4070000000001,380.024911484,25,25,1.3690000000000004,94.5985,144.43,6,3,4,2,2,0,0.0,924.6993966362691,0,1,11,0,0,2,0,368.31100000000015,4,9,O=C(NC(=S)Nc1ccccc1)c1ccccc1
UIREF-1002,VUGOCNWJAQLFOT-UHFFFAOYSA-N,S=C(NCc1ccncc1)Nc1ccccc1,3,BindingDB|ChEMBL|PubChem,3,Canavalia ensiformis,1,Canavalia ensiformis,10.1016/j.ejmech.2014.01.001|CHEMBL3120147,2,10.1016/j.ejmech.2014.01.001,IC50,3,4.486782399932061,4.486782399932061,4.486782399932061,0.0,Active|Unspecified,True,False,243.33500000000004,243.083018416,17,17,2.568200000000001,73.73940000000003,36.95,2,2,3,2,2,0,0.07692307692307693,470.53795259979046,0,0,4,1,0,1,0,230.23099999999997,2,3,S=C(NCc1ccncc1)Nc1ccccc1
UIREF-1003,VUMXNIQSCQYYAR-UHFFFAOYSA-N,ON=C(O)CCOc1cc(F)cc(F)c1,2,PubChem,1,Helicobacter pylori,1,Helicobacter pylori,10.1016/j.bmc.2018.07.003,1,10.1016/j.bmc.2018.07.003,IC50,1,5.293282217663242,5.293282217663242,5.293282217663242,0.0,Active|Inconclusive,True,False,217.171,217.055049588,15,15,2.0793999999999997,48.32030000000002,62.05000000000001,3,2,4,1,1,0,0.2222222222222222,348.12513134605416,0,0,6,0,0,1,0,208.09899999999996,2,4,c1ccccc1
UIREF-1004,VUZXENISCCPMMO-UHFFFAOYSA-N,O=C(NNC(=S)Nc1ccc(Br)cc1)c1ccc(-c2nc3ccccc3s2)cc1,1,BindingDB,1,Canavalia ensiformis,1,Canavalia ensiformis,10.1016/j.bioorg.2016.03.010,1,10.1016/j.bioorg.2016.03.010,IC50,1,4.863279432843593,4.863279432843593,4.863279432843593,0.0,Active,True,False,483.41600000000017,481.9870652,29,29,5.357200000000002,126.02059999999999,66.05000000000001,4,3,3,4,4,0,0.0,1140.4979416852311,0,1,8,1,0,3,0,468.29600000000033,3,5,O=C(NNC(=S)Nc1ccccc1)c1ccc(-c2nc3ccccc3s2)cc1
UIREF-1005,VWABGOYOPIBDIT-UHFFFAOYSA-N,O=[N+]([O-])c1cccc(N(CC(O)=NO)S(=O)(=O)c2cccc(F)c2)c1,1,PubChem,1,Helicobacter pylori,1,Helicobacter pylori,10.1016/j.bmcl.2022.129043,1,10.1016/j.bmcl.2022.129043,IC50,1,6.130768280269024,6.130768280269024,6.130768280269024,0.0,Active,True,False,369.33000000000004,369.043084324,25,25,2.2749000000000006,85.87850000000003,133.34,6,2,6,2,2,0,0.07142857142857142,931.6692569602055,0,0,11,0,0,2,0,357.23400000000015,2,9,O=S(=O)(Nc1ccccc1)c1ccccc1
UIREF-1006,VWSYHAONIODAGP-RMKNXTFCSA-N,O=C(O)/C(=C/c1ccccc1)CP(=O)(O)O,4,PubChem,1,Sporosarcina pasteurii,1,Sporosarcina pasteurii,10.1016/j.ejmech.2017.03.070,1,10.1016/j.ejmech.2017.03.070,IC50|Ki,4,4.674564664025037,4.351639989019068,4.886056647693163,0.534416658674095,Unspecified,False,False,242.16699999999997,242.03441008200002,16,16,1.3323,58.965900000000026,94.83,2,3,4,1,1,0,0.1,445.53701021376105,0,0,6,0,0,1,0,231.07899999999995,3,5,c1ccccc1
UIREF-1007,VYLSFZILUOILHT-UHFFFAOYSA-N,COc1ccc(C2COc3cc(OC)ccc3C2O)cc1,1,PubChem,1,Helicobacter pylori,1,Helicobacter pylori,10.1016/j.ejmech.2013.03.016,1,10.1016/j.ejmech.2013.03.016,IC50,1,2.4126258279269344,2.4126258279269344,2.4126258279269344,0.0,Unspecified,False,False,286.327,286.120509056,21,21,2.913400000000001,79.18380000000003,47.92,4,1,3,3,2,1,0.29411764705882354,621.1872765270095,0,0,4,0,1,2,0,268.183,1,4,c1ccc(C2COc3ccccc3C2)cc1
UIREF-1008,VYWUWPNYWVIXLF-UHFFFAOYSA-N,ON=C(O)CCNc1ccc(F)cc1,2,PubChem,1,Helicobacter pylori,1,Helicobacter pylori,10.1016/j.ejmech.2018.06.065,1,10.1016/j.ejmech.2018.06.065,IC50,2,5.745937231958401,4.747146969020107,6.7447274948966935,1.9975805258765869,Active|Unspecified,True,False,198.197,198.080455812,14,14,1.9733999999999998,51.35700000000002,64.85000000000001,3,3,4,1,1,0,0.2222222222222222,311.0929223461079,0,0,5,0,0,1,0,187.10899999999998,3,4,c1ccccc1
UIREF-1009,VZCYOOQTPOCHFL-OWOJBTEDSA-N,O=C(O)/C=C/C(=O)O,3,PubChem,1,Sporosarcina pasteurii,1,Sporosarcina pasteurii,10.1016/j.bmcl.2017.02.022,1,10.1016/j.bmcl.2017.02.022,Ki,3,4.430626090384954,3.364516253185088,4.437707135543525,1.0731908823584373,Unspecified,False,False,116.07199999999999,116.01095860800001,8,8,-0.28819999999999985,24.411599999999993,74.6,2,2,2,0,0,0,0.0,118.97373660251155,0,0,4,0,0,0,0,112.03999999999998,2,4,
UIREF-1010,VZCYOOQTPOCHFL-UPHRSURJSA-N,O=C(O)/C=C\C(=O)O,3,PubChem,1,Sporosarcina pasteurii,1,Sporosarcina pasteurii,10.1016/j.bmcl.2017.02.022,1,10.1016/j.bmcl.2017.02.022,Ki,0,,,,,Inactive,False,True,116.07199999999999,116.01095860800001,8,8,-0.28819999999999985,24.411599999999993,74.6,2,2,2,0,0,0,0.0,118.97373660251155,0,0,4,0,0,0,0,112.03999999999998,2,4,
UIREF-1011,VZNRFDGFOBRTQL-UHFFFAOYSA-N,CN(C(=S)NC(=O)c1cccc(Cl)c1)c1ccccc1,3,BindingDB|ChEMBL|PubChem,3,Canavalia ensiformis,1,Canavalia ensiformis,10.1016/j.bmc.2016.07.042|CHEMBL3826920,2,10.1016/j.bmc.2016.07.042,IC50,3,4.756961951313706,4.756961951313706,4.756961951313706,0.0,Active|Unspecified,True,False,304.802,304.043711716,20,20,3.491100000000001,86.36120000000003,32.34,2,1,2,2,2,0,0.06666666666666667,630.7804569178577,0,1,5,0,0,2,0,291.69800000000004,1,3,O=C(NC(=S)Nc1ccccc1)c1ccccc1
UIREF-1012,VZOCTAWZKUZTMQ-UHFFFAOYSA-N,CCOc1ccc(C(c2c(O)c3ccccc3oc2=O)c2c(O)c3ccccc3oc2=O)cc1,1,BindingDB,1,Canavalia ensiformis,1,Canavalia ensiformis,10.1080/14756360409162452,1,10.1080/14756360409162452,IC50,1,4.039529222465701,4.039529222465701,4.039529222465701,0.0,Active,True,False,456.4500000000002,456.1209029799999,34,34,4.889500000000004,126.85360000000001,110.11000000000001,7,2,5,5,5,0,0.1111111111111111,1528.890730676096,0,0,7,2,0,3,0,436.2900000000003,2,7,O=c1oc2ccccc2cc1C(c1ccccc1)c1cc2ccccc2oc1=O
UIREF-1013,VZTGDNRRQPPAIT-UHFFFAOYSA-N,COc1ccc(C2CC(O)c3c(OC)c(OC)c(OC)c(OC)c3O2)cc1,1,PubChem,1,Helicobacter pylori,1,Helicobacter pylori,10.1016/j.ejmech.2013.03.016,1,10.1016/j.ejmech.2013.03.016,IC50,1,2.3139897086847148,2.3139897086847148,2.3139897086847148,0.0,Unspecified,False,False,376.40500000000014,376.152203108,27,27,3.286800000000002,98.58980000000005,75.61000000000001,7,1,6,3,2,1,0.4,801.2129052623599,0,0,7,0,1,2,0,352.21300000000014,1,7,c1ccc(C2CCc3ccccc3O2)cc1
UIREF-1014,WAADVORYRRJSIG-UHFFFAOYSA-N,Cc1ccc(Cl)cc1-n1[se]c2ccccc2c1=O,1,PubChem,1,Sporosarcina pasteurii,1,Sporosarcina pasteurii,10.1021/acs.jmedchem.2c01799,1,10.1021/acs.jmedchem.2c01799,Ki,1,7.123782159408358,7.123782159408358,7.123782159408358,0.0,Active,True,False,322.6530000000001,322.96161292,18,18,3.009520000000001,76.23200000000003,22.0,1,0,1,3,3,0,0.07142857142857142,787.833482391638,0,0,4,1,0,2,0,312.57300000000004,0,2,O=c1c2ccccc2[se]n1-c1ccccc1
UIREF-1015,WAAKXGDBPPDZNM-UHFFFAOYSA-N,Cc1ccc(NC(=S)Nc2cccc(Cl)c2)c(C)c1,3,BindingDB|ChEMBL|PubChem,3,Canavalia ensiformis,1,Canavalia ensiformis,10.1016/j.ejmech.2014.01.001|CHEMBL3120147,2,10.1016/j.ejmech.2014.01.001,IC50,3,4.617982957425132,4.617982957425132,4.617982957425132,0.0,Active|Unspecified,True,False,290.8190000000001,290.06444716000004,19,19,4.765740000000003,87.21140000000003,24.06,1,2,2,2,2,0,0.13333333333333333,610.8446114189804,0,0,4,0,0,2,0,275.699,2,2,S=C(Nc1ccccc1)Nc1ccccc1
UIREF-1016,WAFLXIBCHPZCSL-UHFFFAOYSA-N,O=[N+]([O-])c1cccc(OCC(O)=NO)c1,2,PubChem,1,Helicobacter pylori,1,Helicobacter pylori,10.1016/j.bmc.2018.07.003,1,10.1016/j.bmc.2018.07.003,IC50,1,4.023650020996727,4.023650020996727,4.023650020996727,0.0,Inconclusive|Unspecified,False,False,212.16099999999997,212.043321356,15,15,1.3193,50.44170000000001,105.19000000000001,5,2,4,1,1,0,0.125,390.37334812831364,0,0,7,0,0,1,0,204.09699999999998,2,7,c1ccccc1
UIREF-1017,WBCMSWOWGZVCTB-UHFFFAOYSA-N,Cc1ccc(C2c3c([nH]c(=O)[nH]c3=O)OC(=N)C2C#N)cc1,2,BindingDB|ChEMBL,2,Canavalia ensiformis,1,Canavalia ensiformis,35694689.0|CHEMBL5241112,2,CHEMBL5241112,IC50,2,4.1431503212748275,4.1431503212748275,4.1431503212748275,0.0,Active,True,False,296.28600000000006,296.090940244,22,22,1.0129700000000001,78.1631,122.59,5,3,1,3,2,1,0.2,902.1104077918828,0,0,7,1,1,1,0,284.19,3,7,N=C1CC(c2ccccc2)c2c([nH]c(=O)[nH]c2=O)O1
UIREF-1018,WBJVMCAIHZOLET-UHFFFAOYSA-N,CC(C)=CCn1c(O)c(N=NC(=O)c2ccc(C(C)(C)C)cc2)c2ccccc21,3,ChEMBL|PubChem,2,Helicobacter pylori,1,Helicobacter pylori,10.1016/j.bmcl.2018.08.025|CHEMBL4265894,2,10.1016/j.bmcl.2018.08.025,IC50|MIC,2,4.709965388637482,4.709965388637482,4.709965388637482,0.0,Active|Unspecified,True,False,389.4990000000001,389.210327104,29,29,6.534700000000007,117.02230000000004,66.94999999999999,3,1,4,3,3,0,0.2916666666666667,1093.5964660793363,0,1,5,1,0,2,0,362.28300000000013,1,5,O=C(N=Nc1c[nH]c2ccccc12)c1ccccc1
UIREF-1019,WBMRLZYYYDOOCM-UHFFFAOYSA-N,CCOC(=O)C1C(C)=NC(=S)NC1c1ccc([N+](=O)[O-])cc1,1,BindingDB,1,Canavalia ensiformis,1,Canavalia ensiformis,10.1016/j.bioorg.2015.12.007,1,10.1016/j.bioorg.2015.12.007,IC50,1,4.392544976785332,4.392544976785332,4.392544976785332,0.0,Active,True,False,321.35800000000006,321.07832695999997,22,22,2.1642,84.80310000000001,93.83,5,1,4,2,1,1,0.35714285714285715,641.9929643561486,0,0,8,0,1,1,0,306.23800000000006,1,7,S=C1N=CCC(c2ccccc2)N1
UIREF-1020,WBYWAXJHAXSJNI-VOTSOKGWSA-N,O=C(O)/C=C/c1ccccc1,3,PubChem,1,Sporosarcina pasteurii,1,Sporosarcina pasteurii,10.1016/j.bmcl.2017.02.022,1,10.1016/j.bmcl.2017.02.022,Ki,3,4.638272163982407,3.2254830342714502,4.667561540084395,1.4420785058129448,Unspecified,False,False,148.161,148.052429496,11,11,1.7844,43.11180000000002,37.3,1,1,2,1,1,0,0.0,262.15103906059477,0,0,2,0,0,1,0,140.09699999999998,1,2,c1ccccc1
UIREF-1021,WCJYQNYSKWLZTR-UHFFFAOYSA-N,O=C1NC(=S)NC(=O)C1=Cc1cccs1,1,PubChem,1,Sporosarcina pasteurii,1,Sporosarcina pasteurii,10.1016/j.bmc.2014.05.057,1,10.1016/j.bmc.2014.05.057,IC50,1,4.667561540084395,4.667561540084395,4.667561540084395,0.0,Unspecified,False,False,238.29300000000003,237.987069432,15,15,0.6624,61.17940000000001,58.2,4,2,1,2,1,1,0.0,440.4667114050869,0,2,6,1,1,0,0,232.24499999999998,2,4,O=C1NC(=S)NC(=O)C1=Cc1cccs1
UIREF-1022,WCLULZBTCHTXCC-UHFFFAOYSA-N,CCCCCCc1ccc(O)c(O)c1O,2,PubChem,1,Helicobacter pylori,1,Helicobacter pylori,10.1016/j.ejmech.2010.08.015,1,10.1016/j.ejmech.2010.08.015,IC50,1,4.040958607678906,4.040958607678906,4.040958607678906,0.0,Inconclusive|Unspecified,False,False,210.273,210.125594436,15,15,2.926200000000003,59.282400000000045,60.69,3,3,5,1,1,0,0.5,320.8884248692657,0,0,3,0,0,1,0,192.12899999999996,3,3,c1ccccc1
UIREF-1023,WDIKQDARDCJMNH-JZJYNLBNSA-N,Cc1cs/c(=N\C(=O)c2cccc(F)c2)n1-c1ccc(S(N)(=O)=O)cc1,1,BindingDB,1,Canavalia ensiformis,1,Canavalia ensiformis,10.1111/cbdd.12675,1,10.1111/cbdd.12675,IC50,1,7.1938200260161125,7.1938200260161125,7.1938200260161125,0.0,Active,True,False,391.4490000000001,391.046061528,26,26,2.3748200000000006,96.04970000000002,94.51999999999998,4,1,3,3,3,0,0.058823529411764705,1146.496255011168,0,1,9,1,0,2,0,377.3370000000001,2,6,O=C(N=c1sccn1-c1ccccc1)c1ccccc1
UIREF-1024,WDIKQDARDCJMNH-UHFFFAOYSA-N,Cc1csc(=NC(=O)c2cccc(F)c2)n1-c1ccc(S(N)(=O)=O)cc1,1,PubChem,1,Canavalia ensiformis,1,Canavalia ensiformis,,0,,IC50,0,,,,,Active,True,False,391.4490000000001,391.046061528,26,26,2.3748200000000006,96.04970000000002,94.51999999999998,4,1,3,3,3,0,0.058823529411764705,1146.496255011168,0,1,9,1,0,2,0,377.3370000000001,2,6,O=C(N=c1sccn1-c1ccccc1)c1ccccc1
UIREF-1025,WDMKQGDXHVGITQ-UHFFFAOYSA-N,CCCC(c1c(O)c2ccccc2oc1=O)c1c(O)c2ccccc2oc1=O,2,BindingDB|ChEMBL,2,Canavalia ensiformis,1,Canavalia ensiformis,10.1016/j.bmc.2005.09.048|CHEMBL1144858,2,CHEMBL1144858,IC50,2,4.170000947747601,4.169999984192581,4.170001911302621,1.9271100395457097e-06,Active,True,False,378.3800000000001,378.11033829599995,28,28,4.242600000000003,105.04860000000004,100.88,6,2,4,4,4,0,0.18181818181818182,1198.9015647007302,0,0,6,2,0,2,0,360.23600000000016,2,6,O=c1oc2ccccc2cc1Cc1cc2ccccc2oc1=O
UIREF-1026,WEBCASPSGDNATE-UHFFFAOYSA-N,S=C(Nc1ccccc1)Nc1cccnc1,6,BindingDB|ChEMBL|PubChem,3,Canavalia ensiformis,1,Canavalia ensiformis,10.1016/j.ejmech.2014.01.001|CHEMBL3120147,2,10.1016/j.ejmech.2014.01.001,IC50|Ki,6,5.069836987065845,5.065501548756432,5.074172425375258,0.008670876618825929,Active,True,False,229.30800000000002,229.067368352,16,16,2.8905000000000003,70.52240000000002,36.95,2,2,2,2,2,0,0.0,412.70479345074943,0,0,4,1,0,1,0,218.21999999999997,2,3,S=C(Nc1ccccc1)Nc1cccnc1
UIREF-1027,WEFWDSQOLMAXHJ-UHFFFAOYSA-N,CC(C)N(C(=[Se])N(C)C)C1CCCCC1,3,BindingDB|ChEMBL|PubChem,3,Canavalia ensiformis,1,Canavalia ensiformis,10.1016/j.bmcl.2007.07.085|CHEMBL1140524,2,10.1016/j.bmcl.2007.07.085,Ki,3,7.6020599913279625,7.6020599913279625,7.6020599913279625,0.0,Active,True,False,275.29800000000006,276.110470068,15,15,1.8469999999999995,68.29600000000005,6.48,2,0,4,1,0,1,0.9166666666666666,207.66765890409653,0,0,3,0,0,0,1,251.10599999999997,0,2,C1CCCCC1
UIREF-1028,WEYSEGHLFNCQHD-UHFFFAOYSA-N,O=C(NNC(=S)Nc1ccc(Cl)cc1)c1ccc(-c2nc3ccccc3s2)cc1,1,BindingDB,1,Canavalia ensiformis,1,Canavalia ensiformis,10.1016/j.bioorg.2016.03.010,1,10.1016/j.bioorg.2016.03.010,IC50,1,5.259637310505756,5.259637310505756,5.259637310505756,0.0,Active,True,False,438.96500000000015,438.03758078000004,29,29,5.248100000000002,123.3306,66.05000000000001,4,3,3,4,4,0,0.0,1140.4979416852311,0,1,8,1,0,3,0,423.84500000000025,3,5,O=C(NNC(=S)Nc1ccccc1)c1ccc(-c2nc3ccccc3s2)cc1
UIREF-1029,WFNSGANXAQPYGP-UHFFFAOYSA-N,CN(O)C(=O)CC(O)c1ccc(Cl)cc1,1,PubChem,1,Helicobacter pylori,1,Helicobacter pylori,10.1016/j.bmc.2016.07.052,1,10.1016/j.bmc.2016.07.052,IC50,1,4.058488567365597,4.058488567365597,4.058488567365597,0.0,Unspecified,False,False,229.663,229.050570924,15,15,1.6111000000000002,55.585300000000025,60.769999999999996,3,2,3,1,1,0,0.3,337.0256668869537,0,1,5,0,0,1,0,217.56699999999998,2,4,c1ccccc1
UIREF-1030,WFVYFZVWNUPGOE-UHFFFAOYSA-N,Cc1cccnc1NC(=S)Nc1cccc(Cl)c1,3,BindingDB|ChEMBL|PubChem,3,Canavalia ensiformis,1,Canavalia ensiformis,10.1016/j.ejmech.2014.01.001|CHEMBL3120147,2,10.1016/j.ejmech.2014.01.001,IC50,3,4.798602875679548,4.798602875679548,4.798602875679548,0.0,Active|Unspecified,True,False,277.78000000000003,277.044046064,18,18,3.8523200000000024,80.26940000000002,36.95,2,2,2,2,2,0,0.07692307692307693,571.6677441869939,0,0,5,1,0,1,0,265.68399999999997,2,3,S=C(Nc1ccccc1)Nc1ccccn1
UIREF-1031,WFWZMXFSFOSPKC-UHFFFAOYSA-N,Cn1c2ccccc2c2cc(-c3cc(-c4ccccn4)nc(N)n3)ccc21,1,BindingDB,1,Canavalia ensiformis,1,Canavalia ensiformis,10.3109/14756366.2012.740477,1,10.3109/14756366.2012.740477,IC50,0,,,,,Active,True,False,351.41300000000007,351.1483955440001,27,27,4.432700000000002,109.09440000000002,69.62,4,1,2,5,5,0,0.045454545454545456,1288.6089214100784,0,0,5,3,0,2,0,334.27700000000004,2,5,c1ccc(-c2cc(-c3ccc4[nH]c5ccccc5c4c3)ncn2)nc1
UIREF-1032,WGFQAUANYKYHDS-UHFFFAOYSA-N,CCCNC(=O)Cc1c(O)[nH]c(=S)[nH]c1=O,1,PubChem,1,"Urease, unspecified origin",1,"Urease, unspecified origin",10.1016/j.bmc.2020.115759,1,10.1016/j.bmc.2020.115759,IC50,1,4.960585880823863,4.960585880823863,4.960585880823863,0.0,Unspecified,False,False,243.288,243.067762276,16,16,0.2067899999999998,60.916900000000005,97.97999999999999,4,4,4,1,1,0,0.4444444444444444,491.50795702660747,0,1,7,1,0,0,0,230.184,4,6,O=c1cc[nH]c(=S)[nH]1
UIREF-1033,WGINHQMBNLWSHG-UHFFFAOYSA-N,COc1ccc(C=NNC(N)=S)cc1OCc1ccccc1,2,BindingDB,1,Canavalia ensiformis,1,Canavalia ensiformis,10.1016/j.ejmech.2011.09.009,1,10.1016/j.ejmech.2011.09.009,IC50|Ki,2,6.600226346437192,6.481486060122112,6.718966632752272,0.23748057263015987,Active,True,False,315.39799999999997,315.104147784,22,22,2.441300000000001,91.28310000000002,68.87,4,2,6,2,2,0,0.125,659.6954239982739,0,0,6,0,0,2,0,298.26200000000006,3,5,c1ccc(COc2ccccc2)cc1
UIREF-1034,WGINHQMBNLWSHG-VCHYOVAHSA-N,COc1ccc(/C=N/NC(N)=S)cc1OCc1ccccc1,3,ChEMBL|PubChem,2,Canavalia ensiformis,1,Canavalia ensiformis,10.1016/j.ejmech.2011.09.009|CHEMBL1909545,2,CHEMBL1909545,IC50|Ki,3,6.481486060122112,6.481486060122112,6.718966632752272,0.23748057263015987,Active,True,False,315.39799999999997,315.104147784,22,22,2.441300000000001,91.28310000000002,68.87,4,2,6,2,2,0,0.125,659.6954239982739,0,0,6,0,0,2,0,298.26200000000006,3,5,c1ccc(COc2ccccc2)cc1
UIREF-1035,WHTUDNHKIBKOHH-UHFFFAOYSA-N,O=C(COc1ccc(Cc2c(O)[nH]c(=O)[nH]c2=O)cc1)Nc1cccc(Cl)c1Cl,1,PubChem,1,Helicobacter pylori,1,Helicobacter pylori,10.1016/j.ejmech.2022.114273,1,10.1016/j.ejmech.2022.114273,IC50,1,6.161150909262744,6.161150909262744,6.161150909262744,0.0,Active,True,False,436.2510000000001,435.03887594,29,29,2.6839000000000004,109.18289999999999,124.28,5,4,6,3,3,0,0.10526315789473684,1155.7415837827348,0,1,10,1,0,2,0,421.1310000000002,4,8,O=C(COc1ccc(Cc2c[nH]c(=O)[nH]c2=O)cc1)Nc1ccccc1
UIREF-1036,WHZBPNPYUBGFOM-UHFFFAOYSA-N,COc1ccc(C(O)CC(=O)N(C)O)cc1OC,1,PubChem,1,Helicobacter pylori,1,Helicobacter pylori,10.1016/j.bmc.2016.07.052,1,10.1016/j.bmc.2016.07.052,IC50,1,3.3925449767853317,3.3925449767853317,3.3925449767853317,0.0,Unspecified,False,False,255.26999999999998,255.110672644,18,18,0.9749,63.67930000000003,79.23,5,2,5,1,1,0,0.4166666666666667,418.9288388353929,0,1,6,0,0,1,0,238.13399999999996,2,6,c1ccccc1
UIREF-1037,WIXBBMPTIJGHCZ-UHFFFAOYSA-N,Cc1ccc(NC(=S)Nc2cccc(Cl)c2)cc1,5,BindingDB|ChEMBL|PubChem,3,Canavalia ensiformis,1,Canavalia ensiformis,10.1016/j.ejmech.2014.01.001|CHEMBL3120147,2,10.1016/j.ejmech.2014.01.001,IC50|Ki,5,4.730487055782084,4.730487055782084,4.91721462968355,0.18672757390146622,Active|Unspecified,True,False,276.79200000000003,276.04879709600004,18,18,4.457320000000003,82.47440000000002,24.06,1,2,2,2,2,0,0.07142857142857142,551.9753791161851,0,0,4,0,0,2,0,263.688,2,2,S=C(Nc1ccccc1)Nc1ccccc1
UIREF-1038,WJNTZZGMZOFZGS-UHFFFAOYSA-N,C=CCNC(=O)Cc1ccc(O)c(O)c1,1,PubChem,1,Sporosarcina pasteurii,1,Sporosarcina pasteurii,10.1016/j.bmcl.2019.02.032,1,10.1016/j.bmcl.2019.02.032,IC50,1,4.049635145623877,4.049635145623877,4.049635145623877,0.0,Unspecified,False,False,207.22899999999998,207.089543276,15,15,0.9424999999999997,56.682300000000026,69.56,3,3,4,1,1,0,0.18181818181818182,374.0958253198427,0,1,4,0,0,1,0,194.12499999999997,3,4,c1ccccc1
UIREF-1039,WJVRBXGAJRPVDT-UHFFFAOYSA-N,N#CC1C(=N)Oc2[nH]c(=O)[nH]c(=O)c2C1c1ccc(Cl)cc1Cl,2,BindingDB|ChEMBL,2,Canavalia ensiformis,1,Canavalia ensiformis,35694689.0|CHEMBL5241112,2,CHEMBL5241112,IC50,2,4.711080394338273,4.711080394338273,4.711080394338273,0.0,Active,True,False,351.149,349.997345476,23,23,2.0113499999999997,83.44609999999999,122.58999999999997,5,3,1,3,2,1,0.14285714285714285,973.2083896525681,0,0,9,1,1,1,0,343.08500000000004,3,7,N=C1CC(c2ccccc2)c2c([nH]c(=O)[nH]c2=O)O1
UIREF-1040,WJYDQTNRHGSQKH-YRNVUSSQSA-N,COC(=O)/C(=C/c1ccc(C)cc1)C[PH](=O)O,2,PubChem,1,Sporosarcina pasteurii,1,Sporosarcina pasteurii,10.1016/j.ejmech.2017.03.070,1,10.1016/j.ejmech.2017.03.070,Ki,2,4.505845405981558,4.380906669373258,4.6307841425898575,0.2498774732165998,Unspecified,False,False,254.22199999999998,254.07079559000002,17,17,2.0184200000000008,67.25930000000002,63.60000000000001,3,1,4,1,1,0,0.25,448.07836242750983,0,0,5,0,0,1,0,239.10199999999995,1,4,c1ccccc1
UIREF-1041,WJYWTARRXHBXMT-UHFFFAOYSA-N,COC(=O)C1C(C)=NC(=S)NC1c1ccc(C)cc1,1,BindingDB,1,Canavalia ensiformis,1,Canavalia ensiformis,10.1016/j.bioorg.2015.12.007,1,10.1016/j.bioorg.2015.12.007,IC50,1,4.384049948343599,4.384049948343599,4.384049948343599,0.0,Active,True,False,276.361,276.093248752,19,19,2.17432,78.26870000000004,50.69,3,1,2,2,1,1,0.35714285714285715,536.881875440294,0,0,5,0,1,1,0,260.233,1,4,S=C1N=CCC(c2ccccc2)N1
UIREF-1042,WJYZLHFBKNWWDZ-UHFFFAOYSA-N,CP(=O)(O)CNC(=O)OCc1ccccc1,3,PubChem,1,"Proteus vulgaris|Sporosarcina pasteurii|Urease, unspecified origin",3,"Urease, unspecified origin",10.1021/jm800570q,1,10.1021/jm800570q,IC50|Ki,2,3.7031521027517105,3.496209316942819,3.910094888560602,0.41388557161778294,Inactive|Unspecified,False,True,243.199,243.066044558,16,16,1.7705,60.37900000000003,75.63000000000001,3,2,4,1,1,0,0.3,387.06531981162243,0,1,6,0,0,1,0,229.08699999999996,2,5,c1ccccc1
UIREF-1043,WKGCNYORZNZVNY-NSIKDUERSA-N,C/C(=N/Nc1nc(O)cs1)c1ccc([N+](=O)[O-])cc1Br,1,BindingDB,1,Sporosarcina pasteurii,1,Sporosarcina pasteurii,10.1016/j.bioorg.2015.10.005,1,10.1016/j.bioorg.2015.10.005,IC50,1,5.636388020107855,5.636388020107855,5.636388020107855,0.0,Active,True,False,357.18899999999996,355.95787324800006,20,20,3.3555,80.4089,100.65,7,2,4,2,2,0,0.09090909090909091,686.0578026204896,0,0,9,1,0,1,0,348.117,2,7,C(=NNc1nccs1)c1ccccc1
UIREF-1044,WKRLPKXXMCLRJN-UHFFFAOYSA-N,Cc1ccc(C(c2c[nH]c3ccc(C(=O)NNC(=S)Nc4ccccc4F)cc23)c2c[nH]c3ccc(C(=O)NNC(=S)Nc4ccccc4F)cc23)cc1,3,BindingDB|ChEMBL|PubChem,3,Canavalia ensiformis,1,Canavalia ensiformis,10.1016/j.bmc.2017.11.028|CHEMBL4177710,2,10.1016/j.bmc.2017.11.028,IC50,3,6.096910013008056,6.096910013008056,6.096910013008056,0.0,Active,True,False,758.8800000000001,758.205770704,54,54,7.678820000000004,215.1665999999998,137.9,4,8,7,7,7,0,0.05,2398.1011406900025,0,2,14,2,0,5,0,726.6239999999999,8,10,O=C(NNC(=S)Nc1ccccc1)c1ccc2[nH]cc(C(c3ccccc3)c3c[nH]c4ccc(C(=O)NNC(=S)Nc5ccccc5)cc34)c2c1
UIREF-1045,WKRVXCBCDMTKTQ-UHFFFAOYSA-N,Cc1ccc(NC(=O)Cc2c(O)[nH]c(=S)[nH]c2=O)c(C)c1,1,PubChem,1,"Urease, unspecified origin",1,"Urease, unspecified origin",10.1016/j.bmc.2020.115759,1,10.1016/j.bmc.2020.115759,IC50,1,4.122859110215179,4.122859110215179,4.122859110215179,0.0,Unspecified,False,False,305.3590000000001,305.08341234000005,21,21,1.9361299999999997,82.1619,97.97999999999999,4,4,3,2,2,0,0.21428571428571427,807.8420235191538,0,1,7,1,0,1,0,290.23900000000003,4,6,O=C(Cc1c[nH]c(=S)[nH]c1=O)Nc1ccccc1
UIREF-1046,WLKFVFKJVPHLLA-UHFFFAOYSA-N,O=C(NNC(=S)Nc1cccc(Br)c1)c1ccc(-c2nc3ccccc3s2)cc1,1,BindingDB,1,Canavalia ensiformis,1,Canavalia ensiformis,10.1016/j.bioorg.2016.03.010,1,10.1016/j.bioorg.2016.03.010,IC50,1,4.943095148663527,4.943095148663527,4.943095148663527,0.0,Active,True,False,483.41600000000017,481.9870652,29,29,5.3572000000000015,126.02059999999999,66.05000000000001,4,3,3,4,4,0,0.0,1157.7479416852311,0,1,8,1,0,3,0,468.29600000000033,3,5,O=C(NNC(=S)Nc1ccccc1)c1ccc(-c2nc3ccccc3s2)cc1
UIREF-1047,WLZIWLNNHWNRAW-UHFFFAOYSA-N,Cc1ccccc1NC(=S)Nc1cccc(Cl)c1,3,BindingDB|ChEMBL|PubChem,3,Canavalia ensiformis,1,Canavalia ensiformis,10.1016/j.ejmech.2014.01.001|CHEMBL3120147,2,10.1016/j.ejmech.2014.01.001,IC50,3,4.46344155742847,4.46344155742847,4.46344155742847,0.0,Active|Unspecified,True,False,276.79200000000003,276.04879709600004,18,18,4.457320000000002,82.47440000000002,24.06,1,2,2,2,2,0,0.07142857142857142,569.2253791161851,0,0,4,0,0,2,0,263.688,2,2,S=C(Nc1ccccc1)Nc1ccccc1
UIREF-1048,WMPQRJUIAXKGRA-UHFFFAOYSA-N,O=C1NC(=S)NC(=O)C1=Cc1c(Cl)c2cc(Br)ccc2oc1=O,1,PubChem,1,Sporosarcina pasteurii,1,Sporosarcina pasteurii,10.1016/j.bmc.2014.05.057,1,10.1016/j.bmc.2014.05.057,IC50,1,4.2020403562628035,4.2020403562628035,4.2020403562628035,0.0,Unspecified,False,False,413.6360000000001,411.89201745199995,23,23,2.1232000000000006,92.0544,88.41,5,2,1,3,2,1,0.0,960.6364784980958,0,2,9,1,1,1,0,407.5880000000001,2,6,O=C1NC(=S)NC(=O)C1=Cc1cc2ccccc2oc1=O
UIREF-1049,WMPWYMFIZZXAMW-UHFFFAOYSA-N,COc1cc(C(=O)N2CCN(c3cc4c(cc3F)c(=O)c(C(O)=NO)cn4C3CC3)CC2)cc(OC)c1OC,1,PubChem,1,Proteus mirabilis,1,Proteus mirabilis,,0,,IC50,0,,,,,Active,True,False,540.5480000000003,540.2020274879999,39,39,3.1575000000000015,141.60379999999986,126.06,8,2,7,5,3,2,0.37037037037037035,1499.779993207133,0,1,12,1,1,2,1,511.3160000000004,2,11,O=C(c1ccccc1)N1CCN(c2ccc3c(=O)ccn(C4CC4)c3c2)CC1
UIREF-1050,WMVHUSIHKBJBOP-UXBLZVDNSA-N,NCP(=O)(O)C/C(=C\c1ccccc1)C(=O)O,4,PubChem,1,Sporosarcina pasteurii,1,Sporosarcina pasteurii,10.1016/j.ejmech.2017.03.070,1,10.1016/j.ejmech.2017.03.070,IC50|Ki,4,2.8593595436235004,2.82131076022441,2.8797552044536348,0.05844444422922468,Unspecified,False,False,255.21,255.066044558,17,17,1.3412000000000002,65.80150000000003,100.62000000000002,3,3,5,1,1,0,0.18181818181818182,469.6195919131392,0,0,6,0,0,1,0,241.09799999999996,4,5,c1ccccc1
UIREF-1051,WNQLXXHCCUAUIQ-GZTJUZNOSA-N,C(=N\c1nc(-c2ccccc2)cs1)/c1ccccc1,2,BindingDB|PubChem,2,"Canavalia ensiformis|Urease, unspecified origin",2,Canavalia ensiformis,,0,,IC50,1,4.775725985705742,4.775725985705742,4.775725985705742,0.0,Active|Inactive,True,True,264.353,264.072119384,19,19,4.560700000000002,81.24600000000002,25.25,3,0,3,3,3,0,0.0,672.2382583330863,0,0,3,1,0,2,0,252.25699999999995,0,2,C(=Nc1nc(-c2ccccc2)cs1)c1ccccc1
UIREF-1052,WNVKQCSQSMTJAB-UHFFFAOYSA-N,CC(C)=CCn1c(O)c(N=NC(=O)c2ccc(Cl)cc2)c2ccccc21,3,ChEMBL|PubChem,2,Helicobacter pylori,1,Helicobacter pylori,10.1016/j.bmcl.2018.08.025|CHEMBL4265894,2,10.1016/j.bmcl.2018.08.025,IC50|MIC,2,3.8446639625349386,3.8446639625349386,3.8446639625349386,0.0,Active|Unspecified,True,False,367.83600000000007,367.108754496,26,26,5.890600000000005,103.33230000000002,66.94999999999999,3,1,4,3,3,0,0.15,1013.4623722402645,0,1,6,1,0,2,0,349.6920000000001,1,5,O=C(N=Nc1c[nH]c2ccccc12)c1ccccc1
UIREF-1053,WPNZYNSLBAICDI-UHFFFAOYSA-N,Cc1csc(=NC(=O)c2ccccc2)n1-c1ccc(S(N)(=O)=O)cc1,1,PubChem,1,Canavalia ensiformis,1,Canavalia ensiformis,,0,,IC50,0,,,,,Active,True,False,373.4590000000001,373.05548334,25,25,2.2357200000000006,96.09170000000002,94.51999999999998,4,1,3,3,3,0,0.058823529411764705,1080.171685261192,0,1,8,1,0,2,0,358.33900000000006,2,6,O=C(N=c1sccn1-c1ccccc1)c1ccccc1
UIREF-1054,WPNZYNSLBAICDI-ZPHPHTNESA-N,Cc1cs/c(=N\C(=O)c2ccccc2)n1-c1ccc(S(N)(=O)=O)cc1,1,BindingDB,1,Canavalia ensiformis,1,Canavalia ensiformis,10.1111/cbdd.12675,1,10.1111/cbdd.12675,IC50,1,7.017728766960431,7.017728766960431,7.017728766960431,0.0,Active,True,False,373.4590000000001,373.05548334,25,25,2.2357200000000006,96.09170000000002,94.51999999999998,4,1,3,3,3,0,0.058823529411764705,1080.171685261192,0,1,8,1,0,2,0,358.33900000000006,2,6,O=C(N=c1sccn1-c1ccccc1)c1ccccc1
UIREF-1055,WQOZSRHMVMMUQH-UHFFFAOYSA-N,CCOC(=O)c1ccc(NC(=S)NC(=O)c2ccccc2F)cc1,2,BindingDB|PubChem,2,"Canavalia ensiformis|Urease, unspecified origin",2,Canavalia ensiformis,10.1016/j.bioorg.2013.10.001,1,10.1016/j.bioorg.2013.10.001,IC50,1,6.136677139879544,6.136677139879544,6.136677139879544,0.0,Active,True,False,346.38300000000004,346.07874156,24,24,3.129200000000001,92.48540000000003,67.43,4,2,4,2,2,0,0.11764705882352941,762.6859011144528,0,1,7,0,0,2,0,331.26300000000003,2,5,O=C(NC(=S)Nc1ccccc1)c1ccccc1
UIREF-1056,WRRDZHYVGYWPKB-UHFFFAOYSA-N,COc1cc(C=CC(=O)OCc2cn(-c3ccccc3)nn2)ccc1O,1,PubChem,1,Sporosarcina pasteurii,1,Sporosarcina pasteurii,10.1016/j.bmcl.2019.02.032,1,10.1016/j.bmcl.2019.02.032,IC50,0,,,,,Inactive,False,True,351.362,351.12190602400005,26,26,2.7381000000000015,94.84780000000002,86.47000000000001,6,1,6,3,3,0,0.10526315789473684,919.5434853144426,0,0,7,1,0,2,0,334.22600000000006,1,7,O=C(C=Cc1ccccc1)OCc1cn(-c2ccccc2)nn1
UIREF-1057,WSPIFCUHKIWPGQ-UHFFFAOYSA-N,CC(Oc1ccc(Br)cc1)c1nnc(Nc2ccc(Cl)cc2)o1,1,BindingDB,1,Canavalia ensiformis,1,Canavalia ensiformis,10.1111/cbdd.12297,1,10.1111/cbdd.12297,IC50,1,4.935542010773082,4.935542010773082,4.935542010773082,0.0,Active,True,False,394.65600000000006,392.987966436,23,23,5.369100000000002,92.21770000000001,60.18000000000001,5,1,5,3,3,0,0.125,774.779262239478,0,0,7,1,0,2,0,381.55200000000013,1,5,c1ccc(Nc2nnc(COc3ccccc3)o2)cc1
UIREF-1058,WUSAYZFYRMDUHY-RZNTYIFUSA-N,COc1cc(/C=N\N=c2[nH]c(O)cs2)c(OC)cc1Br,1,BindingDB,1,Sporosarcina pasteurii,1,Sporosarcina pasteurii,10.1016/j.bioorg.2015.10.005,1,10.1016/j.bioorg.2015.10.005,IC50,1,5.761953896871205,5.761953896871205,5.761953896871205,0.0,Active,True,False,358.21700000000004,356.97827434400006,20,20,2.4963000000000006,80.73750000000003,79.2,6,2,4,2,2,0,0.16666666666666666,693.4962612953576,0,0,8,1,0,1,0,346.121,2,6,C(=NN=c1[nH]ccs1)c1ccccc1
UIREF-1059,WUYVJYHEIJQVRS-PKNBQFBNSA-N,O=C(O)/C(=C/c1ccccc1)CCCP(=O)(O)O,3,PubChem,1,Sporosarcina pasteurii,1,Sporosarcina pasteurii,10.1016/j.ejmech.2018.09.074,1,10.1016/j.ejmech.2018.09.074,IC50|Ki,3,6.129011186239424,5.508638306165727,6.293282217663242,0.7846439114975148,Active,True,False,270.22099999999995,270.06571021,18,18,2.1125000000000007,68.19990000000001,94.83,2,3,6,1,1,0,0.25,474.5009540976035,0,0,6,0,0,1,0,255.10099999999994,3,5,c1ccccc1
UIREF-1060,WVEOSRKEXVCBTQ-UHFFFAOYSA-N,O=[N+]([O-])c1ccc(NC(=S)Nc2ccccc2SSc2ccccc2NC(=S)Nc2ccc([N+](=O)[O-])cc2)cc1,3,BindingDB|ChEMBL|PubChem,3,Canavalia ensiformis,1,Canavalia ensiformis,10.1016/j.bmc.2015.10.017|CHEMBL3627633,2,10.1016/j.bmc.2015.10.017,IC50,3,5.1938200260161125,5.1938200260161125,5.1938200260161125,0.0,Active,True,False,608.7520000000002,608.04288712,40,40,7.920200000000003,170.4775999999998,134.4,8,4,9,4,4,0,0.0,1434.841547900333,0,0,14,0,0,4,0,588.5920000000001,4,10,S=C(Nc1ccccc1)Nc1ccccc1SSc1ccccc1NC(=S)Nc1ccccc1
UIREF-1061,WVFIURBSPQPTCE-LSHDLFTRSA-N,O=C(Cn1c(C2CC2)nc2cc(Cl)c(Cl)cc21)N/N=C/c1ccccc1,3,BindingDB|ChEMBL|PubChem,3,Canavalia ensiformis,1,Canavalia ensiformis,10.1016/j.bmcl.2017.05.019|CHEMBL4033708,2,10.1016/j.bmcl.2017.05.019,IC50,3,5.684029654543082,5.684029654543082,5.684029654543082,0.0,Active,True,False,387.27000000000004,386.070116492,26,26,4.370800000000003,103.90670000000001,59.28,3,1,5,4,3,1,0.21052631578947367,993.6918095583736,0,1,7,1,0,2,1,371.14200000000017,1,5,O=C(Cn1c(C2CC2)nc2ccccc21)NN=Cc1ccccc1
UIREF-1062,WVMBMWHEARTDCB-SRZZPIQSSA-N,COCc1c(/C=N/c2nc(-c3ccccc3)cs2)ccc(OC)c1OC,2,BindingDB|PubChem,2,"Canavalia ensiformis|Urease, unspecified origin",2,Canavalia ensiformis,,0,,IC50,1,4.60977163753087,4.60977163753087,4.60977163753087,0.0,Active|Inactive,True,True,368.4580000000002,368.11946349999994,26,26,4.724300000000004,105.06300000000005,52.94000000000001,6,0,7,3,3,0,0.2,891.3268813581197,0,0,6,1,0,2,0,348.2980000000002,0,5,C(=Nc1nc(-c2ccccc2)cs1)c1ccccc1
UIREF-1063,WVWXOKAUCLDRJM-UHFFFAOYSA-N,Cc1cccc(NC(=S)Nc2cccc(Cl)c2)c1,5,BindingDB|ChEMBL|PubChem,3,Canavalia ensiformis,1,Canavalia ensiformis,10.1016/j.ejmech.2014.01.001|CHEMBL3120147,2,10.1016/j.ejmech.2014.01.001,IC50|Ki,5,4.8230410194130915,4.804100347590766,4.8230410194130915,0.018940671822325506,Active|Unspecified,True,False,276.79200000000003,276.04879709600004,18,18,4.457320000000002,82.47440000000002,24.06,1,2,2,2,2,0,0.07142857142857142,519.7253791161851,0,0,4,0,0,2,0,263.688,2,2,S=C(Nc1ccccc1)Nc1ccccc1
UIREF-1064,WWKAAMICBMJUPI-UHFFFAOYSA-N,COc1ccc(OCC(O)=NO)cc1,2,PubChem,1,Helicobacter pylori,1,Helicobacter pylori,10.1016/j.bmc.2018.07.003,1,10.1016/j.bmc.2018.07.003,IC50,1,4.305394801066432,4.305394801066432,4.305394801066432,0.0,Inconclusive|Unspecified,False,False,197.19000000000003,197.068807832,14,14,1.4197,50.339300000000016,71.28,4,2,4,1,1,0,0.2222222222222222,307.0929223461079,0,0,5,0,0,1,0,186.10199999999998,2,5,c1ccccc1
UIREF-1065,WWWVCBCHTCQFSX-UHFFFAOYSA-N,Cc1ccc(N=C2C(=O)Nc3ccc(Br)cc32)cc1N=C1C(=O)Nc2ccc(Br)cc21,1,ChEMBL,1,Canavalia ensiformis,1,Canavalia ensiformis,CHEMBL3817741,1,CHEMBL3817741,IC50,1,7.3979400086720375,7.3979400086720375,7.3979400086720375,0.0,Active,True,False,538.1990000000001,535.948349888,31,31,5.665820000000003,129.1164,82.92,4,2,2,5,3,2,0.043478260869565216,1361.6776087381415,0,2,8,0,2,3,0,524.0870000000002,2,6,O=C1Nc2ccccc2C1=Nc1cccc(N=C2C(=O)Nc3ccccc32)c1
UIREF-1066,WXARAJUUYMGMPE-UHFFFAOYSA-N,O=c1[nH]c(=S)[nH]c(O)c1C=Nc1ccc(C(F)(F)F)cc1,2,BindingDB|PubChem,2,Canavalia ensiformis,1,Canavalia ensiformis,10.1016/j.bmc.2015.05.038,1,10.1016/j.bmc.2015.05.038,IC50,2,3.86518562967954,3.86518562967954,3.86518562967954,0.0,Active|Unspecified,True,False,315.276,315.028932156,21,21,2.90749,72.61019999999999,81.24,4,3,2,2,2,0,0.08333333333333333,791.120554917143,0,0,9,1,0,1,0,307.212,3,5,O=c1[nH]c(=S)[nH]cc1C=Nc1ccccc1
UIREF-1067,WXLUUJBDZZEORE-LLVKDONJSA-N,C[C@H](c1ccccc1)n1[se]c2ccccc2c1=O,4,PubChem,1,Helicobacter pylori|Sporosarcina pasteurii,2,Helicobacter pylori,10.1021/acs.jmedchem.6b00986,1,10.1021/acs.jmedchem.6b00986,IC50|Ki,3,5.297569463554474,4.5968794788241825,6.856360764725457,2.2594812859012743,Active|Inactive|Unspecified,True,True,302.235,303.01623533599997,18,18,2.6678000000000006,75.40300000000003,22.0,1,0,2,3,3,0,0.13333333333333333,726.8383455226029,0,0,3,1,0,2,0,289.13100000000003,0,2,O=c1c2ccccc2[se]n1Cc1ccccc1
UIREF-1068,WYCCIXGRPXNLTL-UHFFFAOYSA-N,Brc1ccc(-c2[nH]c3ccccc3c2-c2nc(-c3ccccc3)c(-c3ccccc3)n2-c2ccccc2)cc1,3,BindingDB|ChEMBL|PubChem,3,Canavalia ensiformis,1,Canavalia ensiformis,10.1016/j.ejmech.2015.08.011|CHEMBL3621141,2,10.1016/j.ejmech.2015.08.011,IC50,3,5.317854923626168,5.317854923626168,5.317854923626168,0.0,Active,True,False,566.5020000000003,565.115359868,39,39,9.784099999999995,164.86469999999963,33.61,1,1,5,7,7,0,0.0,1885.360592887369,0,0,4,2,0,5,0,542.3100000000003,1,3,c1ccc(-c2nc(-c3c(-c4ccccc4)[nH]c4ccccc34)n(-c3ccccc3)c2-c2ccccc2)cc1
UIREF-1069,WZCAMLJLQAUFDS-UHFFFAOYSA-N,O=C1N=c2ccc(Cl)cc2=C1Cc1ccc(C(=O)NN=Cc2cc(O)c(O)cc2O)cc1,2,BindingDB|ChEMBL,2,Canavalia ensiformis,1,Canavalia ensiformis,10.1016/j.bmcl.2015.05.069|CHEMBL3600348,2,CHEMBL3600348,IC50,2,3.901356274182943,3.901356274182943,3.901356274182943,0.0,Active,True,False,449.8500000000001,449.07784829199994,32,32,1.7739,117.29059999999998,131.58,6,4,5,4,3,1,0.043478260869565216,1398.3646510603446,0,2,9,0,1,3,0,433.7220000000002,4,8,O=C1N=c2ccccc2=C1Cc1ccc(C(=O)NN=Cc2ccccc2)cc1
UIREF-1070,XAKNTJATDGXKFC-UHFFFAOYSA-N,ON=C(O)CNc1ccccc1,2,PubChem,1,Helicobacter pylori,1,Helicobacter pylori,10.1016/j.ejmech.2018.06.065,1,10.1016/j.ejmech.2018.06.065,IC50,1,5.330683119433887,5.330683119433887,5.330683119433887,0.0,Active|Inconclusive,True,False,166.18,166.07422756,12,12,1.4442000000000002,46.78200000000002,64.85000000000001,3,3,3,1,1,0,0.125,259.0201872896982,0,0,4,0,0,1,0,156.1,3,4,c1ccccc1
UIREF-1071,XANXKOZYSJGJJY-LICLKQGHSA-N,C(=N\c1nc(-c2ccccc2)cs1)/c1ccncc1,2,BindingDB|PubChem,2,"Canavalia ensiformis|Urease, unspecified origin",2,Canavalia ensiformis,,0,,IC50,1,5.119186407719209,5.119186407719209,5.119186407719209,0.0,Active,True,False,265.341,265.067368352,19,19,3.955700000000002,79.04100000000003,38.14,4,0,3,3,3,0,0.0,674.8800118967949,0,0,4,2,0,1,0,254.25299999999996,0,3,C(=Nc1nc(-c2ccccc2)cs1)c1ccncc1
UIREF-1072,XBCRXHRIVDBBQT-UHFFFAOYSA-N,C=C(C(=O)OC)C(OC(C)=O)c1ccc(OC)cc1,1,PubChem,1,Sporosarcina pasteurii,1,Sporosarcina pasteurii,10.1016/j.ejmech.2017.03.070,1,10.1016/j.ejmech.2017.03.070,IC50,1,2.9083330424043154,2.9083330424043154,2.9083330424043154,0.0,Unspecified,False,False,264.277,264.09977361200004,19,19,2.0286,68.65700000000004,61.83,5,0,5,1,1,0,0.2857142857142857,475.11462042475404,0,0,5,0,0,1,0,248.14899999999994,0,5,c1ccccc1
UIREF-1073,XBKXBRCTEOYKDB-UHFFFAOYSA-N,O=c1c(C(c2ccc([N+](=O)[O-])cc2)c2c(O)oc3ccccc3c2=O)c(O)oc2ccccc12,2,BindingDB|ChEMBL,2,Canavalia ensiformis,1,Canavalia ensiformis,10.1016/j.bmc.2005.09.048|CHEMBL1144858,2,CHEMBL1144858,IC50,2,4.149998702163938,4.149997413907539,4.149999990420336,2.576512796892416e-06,Active,True,False,457.3940000000002,457.07976643999996,34,34,4.399000000000003,122.33900000000003,144.01999999999998,8,2,4,5,5,0,0.04,1600.1870879685991,0,0,9,2,0,3,0,442.2740000000003,2,9,O=c1c(C(c2ccccc2)c2coc3ccccc3c2=O)coc2ccccc12
UIREF-1074,XBWSZRWZPRFVMH-UHFFFAOYSA-N,Cc1ccc(-n2c(-c3c(-c4ccccc4)[nH]c4ccc(Br)cc34)nc(-c3ccccc3)c2-c2ccccc2)cc1,2,ChEMBL|PubChem,2,Canavalia ensiformis,1,Canavalia ensiformis,10.1016/j.ejmech.2015.08.011|CHEMBL3621141,2,CHEMBL3621141,IC50,0,,,,,Active|Inconclusive,True,False,580.5290000000003,579.1310099320001,40,40,10.092519999999995,169.60169999999962,33.61,1,1,5,7,7,0,0.027777777777777776,1935.412739561331,0,0,4,2,0,5,0,554.3210000000003,1,3,c1ccc(-c2nc(-c3c(-c4ccccc4)[nH]c4ccccc34)n(-c3ccccc3)c2-c2ccccc2)cc1
UIREF-1075,XCAQJQDPFVSLPX-UHFFFAOYSA-N,O=COc1ccc(C2CC(c3ccccc3O)=Nc3ccccc3S2)cc1OC=O,1,BindingDB,1,Canavalia ensiformis,1,Canavalia ensiformis,10.1080/14756360801945598,1,10.1080/14756360801945598,IC50,1,4.719649306953994,4.719649306953994,4.719649306953994,0.0,Active,True,False,419.4580000000001,419.08274364399995,30,30,4.820500000000004,113.78680000000001,85.19,7,1,6,4,3,1,0.08695652173913043,1128.081257580276,0,0,7,0,1,3,0,402.3220000000002,1,6,c1ccc(C2=Nc3ccccc3SC(c3ccccc3)C2)cc1
UIREF-1076,XCGOVQXVYGQVNK-UHFFFAOYSA-N,O=C(NNC(=S)Nc1ccc(F)cc1)c1ccc(-c2nc3ccccc3s2)cc1,1,BindingDB,1,Canavalia ensiformis,1,Canavalia ensiformis,10.1016/j.bioorg.2016.03.010,1,10.1016/j.bioorg.2016.03.010,IC50,1,5.6020599913279625,5.6020599913279625,5.6020599913279625,0.0,Active,True,False,422.51000000000016,422.06713132,29,29,4.733800000000002,118.2786,66.05000000000001,4,3,3,4,4,0,0.0,1140.4979416852311,0,1,8,1,0,3,0,407.39000000000016,3,5,O=C(NNC(=S)Nc1ccccc1)c1ccc(-c2nc3ccccc3s2)cc1
UIREF-1077,XCHZMONWAUJXFG-UHFFFAOYSA-N,CN(C)CP(=O)(O)CN(C)C,2,PubChem,1,Proteus mirabilis|Sporosarcina pasteurii,2,Sporosarcina pasteurii,10.1021/ml500380f,1,10.1021/ml500380f,Ki,1,3.614393726401688,3.614393726401688,3.614393726401688,0.0,Inactive|Unspecified,False,True,180.18799999999996,180.102764414,11,11,0.29499999999999993,46.933300000000024,43.78000000000001,3,1,4,0,0,0,1.0,144.66127285260657,0,0,5,0,0,0,0,163.05199999999996,1,4,
UIREF-1078,XCJKLKICHPVYFB-UHFFFAOYSA-N,Cn1c2ccccc2c2cc(-c3cc(-c4ccc([N+](=O)[O-])cc4)nc(N)n3)ccc21,1,BindingDB,1,Canavalia ensiformis,1,Canavalia ensiformis,10.3109/14756366.2012.740477,1,10.3109/14756366.2012.740477,IC50,1,4.059483515067432,4.059483515067432,4.059483515067432,0.0,Active,True,False,395.42200000000014,395.1382247840001,30,30,4.9459000000000035,117.95380000000002,99.86999999999999,5,1,3,5,5,0,0.043478260869565216,1438.0212444064778,0,0,7,2,0,3,0,378.2860000000001,2,7,c1ccc(-c2cc(-c3ccc4[nH]c5ccccc5c4c3)ncn2)cc1
UIREF-1079,XCWNXFLFZLFHAB-UHFFFAOYSA-N,O=C1NC(=S)NC(=O)C1=Cc1ccc(C=C2C(=O)NC(=S)NC2=O)cc1,1,PubChem,1,Sporosarcina pasteurii,1,Sporosarcina pasteurii,10.1016/j.bmc.2014.05.057,1,10.1016/j.bmc.2014.05.057,IC50,1,5.173925197299173,5.173925197299173,5.173925197299173,0.0,Active,True,False,386.4140000000001,386.01434680000006,26,26,-0.4847999999999999,100.16279999999999,116.4,6,4,2,3,1,2,0.0,826.5013592765563,0,4,10,0,2,1,0,376.33400000000006,4,8,O=C1NC(=S)NC(=O)C1=Cc1ccc(C=C2C(=O)NC(=S)NC2=O)cc1
UIREF-1080,XCXFXAGXNTXUPU-UHFFFAOYSA-N,CC(=O)CCc1cccc(O)c1,3,PubChem,1,Sporosarcina pasteurii,1,Sporosarcina pasteurii,10.1016/j.bmcl.2017.02.022,1,10.1016/j.bmcl.2017.02.022,Ki,3,4.671620396561262,3.688246138944246,4.673664139071248,0.9854180001270025,Unspecified,False,False,164.20399999999998,164.083729624,12,12,1.9138,47.10880000000003,37.3,2,1,3,1,1,0,0.3,278.9219978261821,0,0,2,0,0,1,0,152.10799999999998,1,2,c1ccccc1
UIREF-1081,XDYSRHRWUIPLOM-UHFFFAOYSA-N,S=C(Nc1cccc(Cl)c1)Nc1ccc(Cl)cc1Cl,3,BindingDB|ChEMBL|PubChem,3,Canavalia ensiformis,1,Canavalia ensiformis,10.1016/j.ejmech.2014.01.001|CHEMBL3120147,2,10.1016/j.ejmech.2014.01.001,IC50,3,4.374687549038326,4.374687549038326,4.374687549038326,0.0,Active|Unspecified,True,False,331.6550000000001,329.955202328,19,19,5.455700000000001,87.75740000000002,24.06,1,2,2,2,2,0,0.0,616.5873665151106,0,0,6,0,0,2,0,322.58299999999997,2,2,S=C(Nc1ccccc1)Nc1ccccc1
UIREF-1082,XFSQTPHEUDEBAO-UHFFFAOYSA-N,COc1ccc(NCC(O)=NO)cc1,2,PubChem,1,Helicobacter pylori,1,Helicobacter pylori,10.1016/j.ejmech.2018.06.065,1,10.1016/j.ejmech.2018.06.065,IC50,1,4.156144577376839,4.156144577376839,4.156144577376839,0.0,Inconclusive|Unspecified,False,False,196.20600000000002,196.084792244,14,14,1.4527999999999999,53.33400000000001,74.08,4,3,4,1,1,0,0.2222222222222222,308.3380348439444,0,0,5,0,0,1,0,184.10999999999999,3,5,c1ccccc1
UIREF-1083,XFZQVTZGWAKHFZ-UHFFFAOYSA-N,COC(=O)C(CP(=O)(O)O)c1ccc(O)c(O)c1,2,PubChem,1,Helicobacter pylori|Sporosarcina pasteurii,2,Sporosarcina pasteurii,10.1016/j.ejmech.2023.115528,1,10.1016/j.ejmech.2023.115528,IC50|Ki,2,4.3054878746181515,4.107905397309519,4.503070351926785,0.39516495461726553,Unspecified,False,False,276.18100000000004,276.039889386,18,18,0.5320999999999996,61.43970000000003,124.29000000000002,5,4,4,1,1,0,0.3,492.9996041730904,0,0,8,0,0,1,0,263.077,4,7,c1ccccc1
UIREF-1084,XGGMSOHJTPQERW-UHFFFAOYSA-N,Cn1c2ccccc2c2cc(-c3cc(-c4ccc(Cl)cc4)nc(N)n3)ccc21,1,BindingDB,1,Canavalia ensiformis,1,Canavalia ensiformis,10.3109/14756366.2012.740477,1,10.3109/14756366.2012.740477,IC50,0,,,,,Active,True,False,384.8700000000001,384.1141742240001,28,28,5.691100000000003,116.3094,56.730000000000004,3,1,2,5,5,0,0.043478260869565216,1336.6013176498077,0,0,5,2,0,3,0,367.7340000000001,2,4,c1ccc(-c2cc(-c3ccc4[nH]c5ccccc5c4c3)ncn2)cc1
UIREF-1085,XHTDRWXFACLUDB-UHFFFAOYSA-N,Cc1ccc(C)c(NC(=S)Nc2cccc(Cl)c2)c1,5,BindingDB|ChEMBL|PubChem,3,Canavalia ensiformis,1,Canavalia ensiformis,10.1016/j.ejmech.2014.01.001|CHEMBL3120147,2,10.1016/j.ejmech.2014.01.001,IC50|Ki,5,4.679853713888946,4.679853713888946,4.7146677723561154,0.03481405846716967,Active|Unspecified,True,False,290.8190000000001,290.06444716000004,19,19,4.765740000000003,87.21140000000001,24.06,1,2,2,2,2,0,0.13333333333333333,610.8446114189804,0,0,4,0,0,2,0,275.699,2,2,S=C(Nc1ccccc1)Nc1ccccc1
UIREF-1086,XICYUOBWOYQAOC-DHRITJCHSA-N,O=C1N=c2ccc(Cl)cc2=C1Cc1ccc(C(=O)N/N=C/c2ccc([N+](=O)[O-])cc2)cc1,2,BindingDB|ChEMBL,2,Canavalia ensiformis,1,Canavalia ensiformis,10.1016/j.bmcl.2015.05.069|CHEMBL3600348,2,CHEMBL3600348,IC50,2,4.0343280287798935,4.0343280287798935,4.0343280287798935,0.0,Active,True,False,446.8500000000001,446.07818264,32,32,2.5653000000000006,118.9506,114.03,5,1,6,4,3,1,0.043478260869565216,1380.9889540412719,0,2,9,0,1,3,0,431.7300000000002,1,8,O=C1N=c2ccccc2=C1Cc1ccc(C(=O)NN=Cc2ccccc2)cc1
UIREF-1087,XIKMFMQXUPARAQ-UHFFFAOYSA-N,S=C(Nc1ccccc1SSc1ccccc1NC(=S)NC12CC3CC(CC(C3)C1)C2)NC12CC3CC(CC(C3)C1)C2,3,BindingDB|ChEMBL|PubChem,3,Canavalia ensiformis,1,Canavalia ensiformis,10.1016/j.bmc.2015.10.017|CHEMBL3627633,2,10.1016/j.bmc.2015.10.017,IC50,3,4.7544873321858505,4.7544873321858505,4.7544873321858505,0.0,Active|Unspecified,True,False,635.006,634.2292313440001,42,42,8.9964,185.11679999999956,48.12,4,4,7,10,2,8,0.5882352941176471,1200.7471140254268,0,0,8,0,0,2,8,592.6700000000002,4,4,S=C(Nc1ccccc1SSc1ccccc1NC(=S)NC12CC3CC(CC(C3)C1)C2)NC12CC3CC(CC(C3)C1)C2
UIREF-1088,XIPBVIPVEGAKPN-UHFFFAOYSA-N,CC(C)C(NC(=O)CNC(=O)C(Cc1ccccc1)NC(=O)CNC(=O)OC(C)(C)C)C(=O)N1CCCC1C(=O)N1CCN(c2nsc3ccccc23)CC1,2,BindingDB|ChEMBL,2,Canavalia ensiformis,1,Canavalia ensiformis,10.1016/j.ejmech.2014.09.098|CHEMBL3352339,2,CHEMBL3352339,IC50,2,3.5934598195660445,3.5934598195660445,3.5934598195660445,0.0,Active,True,False,776.9609999999998,776.3679670039999,55,55,2.4451000000000036,209.23979999999943,182.38000000000005,10,4,13,5,3,2,0.5128205128205128,1837.8558119176878,0,6,16,1,2,2,0,724.5449999999998,4,15,O=C(CCc1ccccc1)NCC(=O)NCC(=O)N1CCCC1C(=O)N1CCN(c2nsc3ccccc23)CC1
UIREF-1089,XJCBVQHELYWPAN-WOJGMQOQSA-N,NC(=S)N/N=C/Cc1ccc(OCc2ccccc2)cc1,2,BindingDB|PubChem,2,"Canavalia ensiformis|Urease, unspecified origin",2,Canavalia ensiformis,10.1111/cbdd.12379,1,10.1111/cbdd.12379,IC50,1,5.438898616350944,5.438898616350944,5.438898616350944,0.0,Active,True,False,299.399,299.109233164,21,21,2.6271000000000013,89.33310000000003,59.64,3,2,6,2,2,0,0.125,596.6789707423742,0,0,5,0,0,2,0,282.26300000000003,3,4,c1ccc(COc2ccccc2)cc1
UIREF-1090,XJOBHUGXKQWDGD-UHFFFAOYSA-N,ON=C(O)CCNc1c(Cl)cccc1Cl,2,PubChem,1,Helicobacter pylori,1,Helicobacter pylori,10.1016/j.ejmech.2018.06.065,1,10.1016/j.ejmech.2018.06.065,IC50,1,4.6020599913279625,4.6020599913279625,4.6020599913279625,0.0,Inconclusive|Unspecified,False,False,249.09700000000004,248.01193292,15,15,3.1411000000000016,61.41900000000002,64.85000000000001,3,3,4,1,1,0,0.2222222222222222,348.8800188482176,0,0,6,0,0,1,0,239.01699999999997,3,4,c1ccccc1
UIREF-1091,XJRXAGJLORNWLN-UHFFFAOYSA-N,CC(C)C(NC(=O)CNC(=O)C(Cc1ccccc1)NC(=O)CNC(=O)Nc1ccc(F)cc1)C(=O)N1CCCC1C(=O)N1CCN(c2nsc3ccccc23)CC1,2,BindingDB|ChEMBL,2,Canavalia ensiformis,1,Canavalia ensiformis,10.1016/j.ejmech.2014.09.098|CHEMBL3352339,2,CHEMBL3352339,IC50,2,4.455931955649724,4.455931955649724,4.455931955649724,0.0,Active,True,False,813.9569999999994,813.3432294759999,58,58,2.8812000000000033,218.4244999999995,185.18,9,5,14,6,4,2,0.3902439024390244,2092.0631724178443,0,7,17,1,2,3,0,765.5729999999998,5,15,O=C(CNC(=O)C(Cc1ccccc1)NC(=O)CNC(=O)Nc1ccccc1)NCC(=O)N1CCCC1C(=O)N1CCN(c2nsc3ccccc23)CC1
UIREF-1092,XLTITIJKWVRJMS-DLBZAZTESA-N,Oc1ccc(CC[C@H](O)C[C@H](O)CCc2ccc(O)c(O)c2)cc1,1,PubChem,1,"Urease, unspecified origin",1,"Urease, unspecified origin",10.1039/d3md00645j,1,10.1039/d3md00645j,IC50,1,5.017728766960431,5.017728766960431,5.017728766960431,0.0,Active,True,False,332.396,332.162373868,24,24,2.4807000000000015,91.15100000000002,101.15,5,5,8,2,2,0,0.3684210526315789,638.7054488430408,0,0,5,0,0,2,0,308.20400000000006,5,5,c1ccc(CCCCCCCc2ccccc2)cc1
UIREF-1093,XLYMOEINVGRTEX-ONEGZZNKSA-N,CCOC(=O)/C=C/C(=O)O,3,PubChem,1,Sporosarcina pasteurii,1,Sporosarcina pasteurii,10.1016/j.bmcl.2017.02.022,1,10.1016/j.bmcl.2017.02.022,Ki,3,4.228412519118745,3.0515870342213987,4.280668713016273,1.2290816787948744,Unspecified,False,False,144.12599999999998,144.042258736,10,10,0.19029999999999997,33.40879999999999,63.60000000000001,3,1,3,0,0,0,0.3333333333333333,159.13075145540293,0,0,4,0,0,0,0,136.06199999999998,1,4,
UIREF-1094,XLYONLUBLSILAZ-UHFFFAOYSA-N,Oc1ccc(CCc2cccc(Br)c2)cc1O,2,PubChem,1,Helicobacter pylori,1,Helicobacter pylori,10.1016/j.ejmech.2010.08.015,1,10.1016/j.ejmech.2010.08.015,IC50,2,4.411605767208057,4.051098239029787,4.772113295386326,0.7210150563565394,Unspecified,False,False,293.16,292.009891756,17,17,3.6455000000000024,71.32160000000002,40.46,2,2,3,2,2,0,0.14285714285714285,523.3807012815957,0,0,3,0,0,2,0,280.056,2,2,c1ccc(CCc2ccccc2)cc1
UIREF-1095,XMAAUITXMKFGNA-UHFFFAOYSA-N,O=C(NC(=S)Nc1ccccc1Cl)c1ccccc1,3,BindingDB|ChEMBL|PubChem,3,Canavalia ensiformis,1,Canavalia ensiformis,10.1016/j.ejmech.2013.10.012|CHEMBL3085707,2,10.1016/j.ejmech.2013.10.012,IC50,3,4.3851027839668655,4.3851027839668655,4.3851027839668655,0.0,Active|Unspecified,True,False,290.77500000000003,290.028061652,19,19,3.466800000000001,81.58090000000001,41.13,2,2,2,2,2,0,0.0,601.4047764486287,0,1,5,0,0,2,0,279.687,2,3,O=C(NC(=S)Nc1ccccc1)c1ccccc1
UIREF-1096,XMMRNCHTDONGRJ-ZZXKWVIFSA-N,O=C(O)/C=C/c1ccc([N+](=O)[O-])cc1,3,PubChem,1,Sporosarcina pasteurii,1,Sporosarcina pasteurii,10.1016/j.bmcl.2017.02.022,1,10.1016/j.bmcl.2017.02.022,Ki,3,4.804100347590766,3.490797477668897,4.924453038607469,1.433655560938572,Unspecified,False,False,193.158,193.037507704,14,14,1.6925999999999999,49.76620000000002,80.44,3,1,3,1,1,0,0.0,380.30335715415833,0,0,5,0,0,1,0,186.10199999999995,1,5,c1ccccc1
UIREF-1097,XMQRSIOABPKHJN-UHFFFAOYSA-N,Cc1cccc(C)c1NC(=S)Nc1cccc(Cl)c1,3,BindingDB|ChEMBL|PubChem,3,Canavalia ensiformis,1,Canavalia ensiformis,10.1016/j.ejmech.2014.01.001|CHEMBL3120147,2,10.1016/j.ejmech.2014.01.001,IC50,3,4.562249437179612,4.562249437179612,4.562249437179612,0.0,Active|Unspecified,True,False,290.8190000000001,290.06444716000004,19,19,4.765740000000003,87.21140000000003,24.06,1,2,2,2,2,0,0.13333333333333333,590.5946114189804,0,0,4,0,0,2,0,275.699,2,2,S=C(Nc1ccccc1)Nc1ccccc1
UIREF-1098,XMQRYRMVSKNQCK-NYYWCZLTSA-N,COc1cc(/C=C/C(=O)c2ccc(NC(=O)CN3CCN(c4cc5c(cc4F)c(=O)c(C(O)=NO)cn5C4CC4)CC3)cc2)cc(OC)c1OC,1,PubChem,1,Proteus mirabilis,1,Proteus mirabilis,,0,,IC50,0,,,,,Inactive,False,True,699.736,699.2704413960001,51,51,4.851900000000004,190.57649999999964,155.16,10,3,12,6,4,2,0.2972972972972973,2058.6175494938834,0,1,14,1,1,3,1,661.4320000000001,3,13,O=C(CN1CCN(c2ccc3c(=O)ccn(C4CC4)c3c2)CC1)Nc1ccc(C(=O)C=Cc2ccccc2)cc1
UIREF-1099,XNBWNUVNJMDFSP-VCHYOVAHSA-N,Clc1ccccc1/C=N/c1nc(-c2ccccc2)cs1,2,BindingDB|PubChem,2,"Canavalia ensiformis|Urease, unspecified origin",2,Canavalia ensiformis,,0,,IC50,1,4.885055584287415,4.885055584287415,4.885055584287415,0.0,Active|Inactive,True,True,298.798,298.03314703200004,20,20,5.214100000000003,86.25600000000001,25.25,3,0,3,3,3,0,0.0,734.9975029278694,0,0,4,1,0,2,0,287.7099999999999,0,2,C(=Nc1nc(-c2ccccc2)cs1)c1ccccc1
UIREF-1100,XNERWVPQCYSMLC-UHFFFAOYSA-N,O=C(O)C#Cc1ccccc1,3,PubChem,1,Sporosarcina pasteurii,1,Sporosarcina pasteurii,10.1016/j.bmcl.2017.02.022,1,10.1016/j.bmcl.2017.02.022,Ki,3,4.394694953858891,3.2335871528876003,4.430626090384954,1.1970389374973536,Unspecified,False,False,146.14499999999998,146.036779432,11,11,1.1227,40.95580000000002,37.3,1,1,0,1,1,0,0.0,303.3297724382128,0,0,2,0,0,1,0,140.09699999999998,1,2,c1ccccc1
UIREF-1101,XNMKJNWXWYGDNC-UHFFFAOYSA-N,COc1cc(C=NN=c2[nH]c(O)cs2)cc(OC)c1O,1,BindingDB,1,Sporosarcina pasteurii,1,Sporosarcina pasteurii,10.1016/j.bioorg.2015.10.005,1,10.1016/j.bioorg.2015.10.005,IC50,1,4.421246215573565,4.421246215573565,4.421246215573565,0.0,Active,True,False,295.32000000000005,295.062676896,20,20,1.4393999999999998,74.70230000000002,99.43,7,3,4,2,2,0,0.16666666666666666,665.0011487975212,0,0,8,1,0,1,0,282.216,3,7,C(=NN=c1[nH]ccs1)c1ccccc1
UIREF-1102,XOCYAQHDFFMPDV-UHFFFAOYSA-N,CN(O)C(=O)CC(O)c1cccc(Br)c1,1,PubChem,1,Helicobacter pylori,1,Helicobacter pylori,10.1016/j.bmc.2016.07.052,1,10.1016/j.bmc.2016.07.052,IC50,1,4.106793246940152,4.106793246940152,4.106793246940152,0.0,Unspecified,False,False,274.11400000000003,273.000055344,15,15,1.7202000000000002,58.27530000000003,60.769999999999996,3,2,3,1,1,0,0.3,354.27566688695373,0,1,5,0,0,1,0,262.018,2,4,c1ccccc1
UIREF-1103,XOPKGISFZWZSIB-UHFFFAOYSA-N,CC(C)=CCn1c(O)c(N=NC(=O)c2ccccc2)c2ccccc21,3,ChEMBL|PubChem,2,Helicobacter pylori,1,Helicobacter pylori,10.1016/j.bmcl.2018.08.025|CHEMBL4265894,2,10.1016/j.bmcl.2018.08.025,IC50|MIC,2,3.889410289700751,3.889410289700751,3.889410289700751,0.0,Active|Unspecified,True,False,333.3910000000001,333.147726848,25,25,5.237200000000005,98.32230000000004,66.94999999999999,3,1,4,3,3,0,0.15,965.2748788028863,0,1,5,1,0,2,0,314.23900000000003,1,5,O=C(N=Nc1c[nH]c2ccccc12)c1ccccc1
UIREF-1104,XPEANGDBINWTML-UHFFFAOYSA-N,O=[N+]([O-])c1ccc(OCC(O)=NO)cc1,2,PubChem,1,Helicobacter pylori,1,Helicobacter pylori,10.1016/j.bmc.2018.07.003,1,10.1016/j.bmc.2018.07.003,IC50,1,4.20690839982342,4.20690839982342,4.20690839982342,0.0,Inconclusive|Unspecified,False,False,212.161,212.043321356,15,15,1.3193,50.44170000000001,105.19000000000001,5,2,4,1,1,0,0.125,373.1233481283137,0,0,7,0,0,1,0,204.09699999999998,2,7,c1ccccc1
UIREF-1105,XPVVDRKFFMOIRR-UHFFFAOYSA-N,O=C(O)c1ccccc1N=Cc1c(O)[nH]c(=S)[nH]c1=O,2,BindingDB|PubChem,2,Canavalia ensiformis,1,Canavalia ensiformis,10.1016/j.bmc.2015.05.038,1,10.1016/j.bmc.2015.05.038,IC50,2,4.8873949984654255,4.8873949984654255,4.8873949984654255,0.0,Active|Unspecified,True,False,291.288,291.03137676800003,20,20,1.5868899999999995,74.56750000000001,118.53999999999999,5,4,3,2,2,0,0.0,806.8351134430266,0,0,8,1,0,1,0,282.216,4,7,O=c1[nH]c(=S)[nH]cc1C=Nc1ccccc1
UIREF-1106,XQPSWDRJQACIFU-UHFFFAOYSA-N,O=C1NC(=S)NC(=O)C1=Cc1c[nH]c2ccccc12,1,PubChem,1,Sporosarcina pasteurii,1,Sporosarcina pasteurii,10.1016/j.bmc.2014.05.057,1,10.1016/j.bmc.2014.05.057,IC50,1,3.7675121336470134,3.7675121336470134,3.7675121336470134,0.0,Unspecified,False,False,271.30100000000004,271.041547528,19,19,1.0821999999999998,75.15910000000001,73.99000000000001,3,3,1,3,2,1,0.0,723.1812157453747,0,2,6,1,1,1,0,262.229,3,5,O=C1NC(=S)NC(=O)C1=Cc1c[nH]c2ccccc12
UIREF-1107,XQQMOIXERJIDPI-UHFFFAOYSA-N,O=c1[nH]c(=S)[nH]c(O)c1C=Nc1ccccc1C(F)(F)F,2,BindingDB|PubChem,2,Canavalia ensiformis,1,Canavalia ensiformis,10.1016/j.bmc.2015.05.038,1,10.1016/j.bmc.2015.05.038,IC50,2,4.185086818724926,4.185086818724926,4.185086818724926,0.0,Active|Unspecified,True,False,315.276,315.028932156,21,21,2.90749,72.6102,81.24,4,3,2,2,2,0,0.08333333333333333,808.370554917143,0,0,9,1,0,1,0,307.21199999999993,3,5,O=c1[nH]c(=S)[nH]cc1C=Nc1ccccc1
UIREF-1108,XRIMRWXYXFTWBM-UHFFFAOYSA-N,CN(C)c1ccc(CNc2cccc([N+](=O)[O-])c2)cc1,2,PubChem,1,Helicobacter pylori,1,Helicobacter pylori,10.1016/j.bmc.2015.06.014,1,10.1016/j.bmc.2015.06.014,IC50,2,4.457476076038494,4.140261433802853,4.774690718274137,0.6344292844712838,Unspecified,False,False,271.32,271.132076784,20,20,3.2729000000000017,81.19210000000002,58.41,4,1,5,2,2,0,0.2,594.3225505612996,0,0,5,0,0,2,0,254.18399999999994,1,5,c1ccc(CNc2ccccc2)cc1
UIREF-1109,XSSBKMOHZAWDFT-UHFFFAOYSA-N,CC(C)C(NC(=O)CNC(=O)Nc1ccccc1F)C(=O)NCC(=O)NC(C(=O)N1CCCC1C(=O)N1CCN(c2nsc3ccccc23)CC1)C(C)C,2,BindingDB|ChEMBL,2,Canavalia ensiformis,1,Canavalia ensiformis,10.1016/j.ejmech.2014.09.098|CHEMBL3352339,2,CHEMBL3352339,IC50,2,4.376750709602099,4.376750709602099,4.376750709602099,0.0,Active,True,False,765.9129999999998,765.3432294759999,54,54,2.294500000000003,203.11649999999946,185.18,9,5,13,5,3,2,0.4864864864864865,1846.6635057051776,0,7,17,1,2,2,0,717.5289999999999,5,15,O=C(CNC(=O)CNC(=O)Nc1ccccc1)NCC(=O)NCC(=O)N1CCCC1C(=O)N1CCN(c2nsc3ccccc23)CC1
UIREF-1110,XUDPLPBCTJZYJS-UHFFFAOYSA-N,Cc1cccc(OCC(O)=NO)c1,2,PubChem,1,Helicobacter pylori,1,Helicobacter pylori,10.1016/j.bmc.2018.07.003,1,10.1016/j.bmc.2018.07.003,IC50,1,4.070070439915412,4.070070439915412,4.070070439915412,0.0,Inconclusive|Unspecified,False,False,181.19100000000003,181.073893212,13,13,1.71952,48.52430000000001,62.05,3,2,3,1,1,0,0.2222222222222222,309.4830532803018,0,0,4,0,0,1,0,170.10299999999998,2,4,c1ccccc1
UIREF-1111,XVBWNGRLOIWSCT-WPZCJLIBSA-N,CC(=O)OCC1=C(C(=O)O)N2C(=O)C(NS(=O)(=O)c3ccc([N+](=O)[O-])cc3)[C@H]2SC1,1,ChEMBL,1,Canavalia ensiformis,1,Canavalia ensiformis,CHEMBL2434823,1,CHEMBL2434823,IC50,0,,,,,Active,True,False,457.44200000000023,457.02497106000004,30,30,0.058600000000000874,101.59270000000001,173.21999999999997,9,2,7,3,1,2,0.3125,1065.9366846013277,0,1,14,0,2,1,0,442.32200000000023,2,12,O=C1C(NS(=O)(=O)c2ccccc2)C2SCC=CN12
UIREF-1112,XVZDVCMPOKBNIC-UHFFFAOYSA-N,Cn1c2ccccc2c2cc(-c3cc(-c4ccc(F)cc4)nc(N)n3)ccc21,1,BindingDB,1,Canavalia ensiformis,1,Canavalia ensiformis,10.3109/14756366.2012.740477,1,10.3109/14756366.2012.740477,IC50,0,,,,,Active,True,False,368.4150000000001,368.14372476400007,28,28,5.176800000000003,111.2574,56.730000000000004,3,1,2,5,5,0,0.043478260869565216,1336.6013176498077,0,0,5,2,0,3,0,351.27900000000005,2,4,c1ccc(-c2cc(-c3ccc4[nH]c5ccccc5c4c3)ncn2)cc1
UIREF-1113,XWHUSDCTZYSMKM-UHFFFAOYSA-N,Cc1ccc(-n2c(-c3cccc(Cl)c3)n[nH]c2=S)c(C)c1,2,BindingDB|ChEMBL,2,Canavalia ensiformis,1,Canavalia ensiformis,10.1016/j.ejmech.2010.08.034|CHEMBL1275315,2,CHEMBL1275315,IC50,2,3.337657779233692,3.337657779233692,3.337657779233692,0.0,Active,True,False,315.82900000000006,315.059696128,21,21,4.867130000000002,88.66870000000002,33.61,2,1,2,3,3,0,0.125,863.9538034414612,0,0,5,1,0,2,0,301.71700000000004,1,3,S=c1[nH]nc(-c2ccccc2)n1-c1ccccc1
UIREF-1114,XWPFDDKBZDUUMZ-UHFFFAOYSA-N,Fc1ccc(NC(=S)Nc2ccccc2SSc2ccccc2NC(=S)Nc2ccc(F)cc2)cc1,3,BindingDB|ChEMBL|PubChem,3,Canavalia ensiformis,1,Canavalia ensiformis,10.1016/j.bmc.2015.10.017|CHEMBL3627633,2,10.1016/j.bmc.2015.10.017,IC50,3,6.3979400086720375,6.3979400086720375,6.3979400086720375,0.0,Active,True,False,554.7380000000002,554.05388708,36,36,8.382000000000001,157.0847999999998,48.12,4,4,7,4,4,0,0.0,1243.9177134884576,0,0,10,0,0,4,0,534.5780000000002,4,4,S=C(Nc1ccccc1)Nc1ccccc1SSc1ccccc1NC(=S)Nc1ccccc1
UIREF-1115,XZHWEHOSQYNGOL-LURJTMIESA-N,C[C@H](O)c1nc2ccccc2[nH]1,2,ChEMBL|PubChem,2,Canavalia ensiformis,1,Canavalia ensiformis,10.1016/j.ejmech.2022.114273|CHEMBL5137004,2,CHEMBL5137004,IC50,2,4.657577319177793,4.657577319177793,4.657577319177793,0.0,Active|Unspecified,True,False,162.192,162.07931294,12,12,1.6161999999999996,46.72750000000002,48.910000000000004,2,2,1,2,2,0,0.2222222222222222,359.082794894873,0,0,3,1,0,1,0,152.112,2,3,c1ccc2[nH]cnc2c1
UIREF-1116,YBCNPHIFENBQHH-UHFFFAOYSA-N,COc1ccc(C(=O)N=Nc2c(O)n(CC=C(C)C)c3ccccc23)cc1F,3,ChEMBL|PubChem,2,Helicobacter pylori,1,Helicobacter pylori,10.1016/j.bmcl.2018.08.025|CHEMBL4265894,2,10.1016/j.bmcl.2018.08.025,IC50|MIC,2,5.417936637088291,5.417936637088291,5.417936637088291,0.0,Active,True,False,381.4070000000001,381.14886972,28,28,5.384900000000004,104.83230000000003,76.18,4,1,5,3,3,0,0.19047619047619047,1095.7140302694154,0,1,7,1,0,2,0,361.2470000000001,1,6,O=C(N=Nc1c[nH]c2ccccc12)c1ccccc1
UIREF-1117,YCGXOMZMTMQQHW-UHFFFAOYSA-N,COc1cccc(NC(=S)Nc2ccccc2SSc2ccccc2NC(=S)Nc2cccc(OC)c2)c1,3,BindingDB|ChEMBL|PubChem,3,Canavalia ensiformis,1,Canavalia ensiformis,10.1016/j.bmc.2015.10.017|CHEMBL3627633,2,10.1016/j.bmc.2015.10.017,IC50,3,4.835647144215563,4.835647144215563,4.835647144215563,0.0,Active|Unspecified,True,False,578.8100000000002,578.0938600720001,38,38,8.121000000000004,170.27279999999973,66.58,6,4,9,4,4,0,0.07142857142857142,1310.0095301814056,0,0,10,0,0,4,0,552.6020000000002,4,6,S=C(Nc1ccccc1)Nc1ccccc1SSc1ccccc1NC(=S)Nc1ccccc1
UIREF-1118,YCIMNLLNPGFGHC-UHFFFAOYSA-N,Oc1ccccc1O,1,PubChem,1,Sporosarcina pasteurii,1,Sporosarcina pasteurii,10.1016/j.bmcl.2019.02.032,1,10.1016/j.bmcl.2019.02.032,IC50,1,5.130768280269024,5.130768280269024,5.130768280269024,0.0,Active,True,False,110.11199999999998,110.036779432,8,8,1.0977999999999999,29.771599999999992,40.46,2,2,0,1,1,0,0.0,162.63833891467198,0,0,2,0,0,1,0,104.06399999999998,2,2,c1ccccc1
UIREF-1119,YCJMRFVHCOLZSE-UHFFFAOYSA-N,Cc1cccc(NC(=O)Cc2c(O)[nH]c(=S)[nH]c2=O)c1C,1,PubChem,1,"Urease, unspecified origin",1,"Urease, unspecified origin",10.1016/j.bmc.2020.115759,1,10.1016/j.bmc.2020.115759,IC50,1,4.148680487351255,4.148680487351255,4.148680487351255,0.0,Unspecified,False,False,305.3590000000001,305.08341234,21,21,1.9361299999999997,82.16190000000002,97.97999999999999,4,4,3,2,2,0,0.21428571428571427,807.8420235191538,0,1,7,1,0,1,0,290.23900000000003,4,6,O=C(Cc1c[nH]c(=S)[nH]c1=O)Nc1ccccc1
UIREF-1120,YCLXIEZQESAKDJ-UHFFFAOYSA-N,Cc1ccc(Cl)cc1NC(=S)Nc1cccc(Cl)c1,5,BindingDB|ChEMBL|PubChem,3,Canavalia ensiformis,1,Canavalia ensiformis,10.1016/j.ejmech.2014.01.001|CHEMBL3120147,2,10.1016/j.ejmech.2014.01.001,IC50|Ki,5,4.696803942579511,4.696803942579511,4.733298033115912,0.03649409053640085,Active|Unspecified,True,False,311.2370000000001,310.00982474399996,19,19,5.110720000000002,87.48440000000001,24.06,1,2,2,2,2,0,0.07142857142857142,614.1450014443018,0,0,5,0,0,2,0,299.141,2,2,S=C(Nc1ccccc1)Nc1ccccc1
UIREF-1121,YDFKTVNZZVQOSW-UHFFFAOYSA-N,COc1ccccc1NC(=S)NC(=O)c1cccc(Cl)c1,3,BindingDB|ChEMBL|PubChem,3,Canavalia ensiformis,1,Canavalia ensiformis,10.1016/j.bmc.2016.07.042|CHEMBL3826920,2,10.1016/j.bmc.2016.07.042,IC50,3,5.421360790031928,5.421360790031928,5.421360790031928,0.0,Active,True,False,320.80100000000004,320.03862633600005,21,21,3.4754000000000014,88.1329,50.36,3,2,3,2,2,0,0.06666666666666667,676.228122834643,0,1,6,0,0,2,0,307.69699999999995,2,4,O=C(NC(=S)Nc1ccccc1)c1ccccc1
UIREF-1122,YDLMIFZLRMMOLX-UHFFFAOYSA-N,COc1ccc(C=C2C(=O)NC(=S)NC2=O)cc1O,1,PubChem,1,Sporosarcina pasteurii,1,Sporosarcina pasteurii,10.1016/j.bmc.2014.05.057,1,10.1016/j.bmc.2014.05.057,IC50,1,4.642065152999546,4.642065152999546,4.642065152999546,0.0,Unspecified,False,False,278.28900000000004,278.0361278,19,19,0.3151,71.5192,87.66000000000001,5,3,2,2,1,1,0.08333333333333333,587.7469884250571,0,2,7,0,1,1,0,268.209,3,6,O=C1NC(=S)NC(=O)C1=Cc1ccccc1
UIREF-1123,YEKDGZZWZZFEAY-UHFFFAOYSA-N,COc1cccc(NCC(O)=NO)c1,2,PubChem,1,Helicobacter pylori,1,Helicobacter pylori,10.1016/j.ejmech.2018.06.065,1,10.1016/j.ejmech.2018.06.065,IC50,1,4.6613443344213,4.6613443344213,4.6613443344213,0.0,Inconclusive|Unspecified,False,False,196.20600000000002,196.084792244,14,14,1.4527999999999999,53.33400000000001,74.08,4,3,4,1,1,0,0.2222222222222222,325.5880348439444,0,0,5,0,0,1,0,184.10999999999999,3,5,c1ccccc1
UIREF-1124,YEWCOTXRBVKDHB-UHFFFAOYSA-N,S=C(Nc1ccccc1)Nc1ccncc1,3,BindingDB|ChEMBL|PubChem,3,Canavalia ensiformis,1,Canavalia ensiformis,10.1016/j.ejmech.2014.01.001|CHEMBL3120147,2,10.1016/j.ejmech.2014.01.001,IC50,3,4.35723879673468,4.35723879673468,4.35723879673468,0.0,Active|Unspecified,True,False,229.30800000000002,229.067368352,16,16,2.8905000000000003,70.52240000000002,36.95,2,2,2,2,2,0,0.0,412.70479345074943,0,0,4,1,0,1,0,218.21999999999997,2,3,S=C(Nc1ccccc1)Nc1ccncc1
UIREF-1125,YFJQAQAOCVPURQ-UHFFFAOYSA-N,Oc1[nH]c2ccccc2c1N=NC(=S)Nc1ccc(F)cc1F,2,BindingDB|ChEMBL,2,Canavalia ensiformis,1,Canavalia ensiformis,10.1007/s00044-013-0575-7|CHEMBL3044957,2,CHEMBL3044957,IC50,2,4.3223930472795065,4.3223930472795065,4.3223930472795065,0.0,Active,True,False,332.33500000000004,332.05433838,23,23,4.632400000000001,87.05820000000001,72.77,3,3,2,3,3,0,0.0,922.9809182245325,0,0,8,1,0,2,0,322.255,3,5,S=C(N=Nc1c[nH]c2ccccc12)Nc1ccccc1
UIREF-1126,YGUJVGVSZBRFHL-UHFFFAOYSA-N,COc1ccccc1C(O)CC(=O)N(C)O,1,PubChem,1,Helicobacter pylori,1,Helicobacter pylori,10.1016/j.bmc.2016.07.052,1,10.1016/j.bmc.2016.07.052,IC50,1,4.075720713938118,4.075720713938118,4.075720713938118,0.0,Unspecified,False,False,225.24399999999997,225.10010796,16,16,0.9662999999999999,57.12730000000003,70.0,4,2,4,1,1,0,0.36363636363636365,364.75712462422376,0,1,5,0,0,1,0,210.12399999999997,2,5,c1ccccc1
UIREF-1127,YHDCFNNSXDDVFN-UHFFFAOYSA-N,COc1ccc(C(c2c(O)c3ccccc3oc2=O)c2c(O)c3ccccc3oc2=O)cc1OC,3,BindingDB|ChEMBL,2,Canavalia ensiformis,1,Canavalia ensiformis,10.1016/j.bmc.2005.09.048|10.1080/14756360409162452|CHEMBL1144858,3,CHEMBL1144858,IC50,3,4.100000018985305,4.0999990348465305,4.106238237942057,0.006239203095526058,Active,True,False,472.44900000000024,472.1158175999999,35,35,4.508000000000004,128.7886,119.34000000000002,8,2,5,5,5,0,0.1111111111111111,1597.0737220830833,0,0,8,2,0,3,0,452.2890000000003,2,8,O=c1oc2ccccc2cc1C(c1ccccc1)c1cc2ccccc2oc1=O
UIREF-1128,YHMXFDVOKIEIPD-UHFFFAOYSA-N,Cc1cc(C)c(S(=O)(=O)N(CC(O)=NO)c2cccc([N+](=O)[O-])c2)c(C)c1,1,PubChem,1,Helicobacter pylori,1,Helicobacter pylori,10.1016/j.bmcl.2022.129043,1,10.1016/j.bmcl.2022.129043,IC50,1,4.015922966097169,4.015922966097169,4.015922966097169,0.0,Unspecified,False,False,393.4210000000001,393.099456328,27,27,3.061060000000002,100.13150000000003,133.34,6,2,6,2,2,0,0.23529411764705882,994.0739657960587,0,0,10,0,0,2,0,374.2690000000002,2,9,O=S(=O)(Nc1ccccc1)c1ccccc1
UIREF-1129,YHXYWEFRWVSTRI-UHFFFAOYSA-N,Cc1cc(C)c(NC(=S)NC(=O)c2ccccc2)c(C)c1,3,BindingDB|ChEMBL|PubChem,3,Canavalia ensiformis,1,Canavalia ensiformis,10.1016/j.ejmech.2013.10.012|CHEMBL3085707,2,10.1016/j.ejmech.2013.10.012,IC50,3,5.090979145788844,5.090979145788844,5.090979145788844,0.0,Active,True,False,298.41100000000006,298.113984196,21,21,3.738660000000002,90.78190000000002,41.129999999999995,2,2,2,2,2,0,0.17647058823529413,657.439505484319,0,1,4,0,0,2,0,280.267,2,3,O=C(NC(=S)Nc1ccccc1)c1ccccc1
UIREF-1130,YHZVXWISURHQRS-UHFFFAOYSA-N,ON=C(O)CC(O)c1cccc(O)c1,2,PubChem,1,Helicobacter pylori,1,Helicobacter pylori,10.1016/j.ejmech.2013.07.047,1,10.1016/j.ejmech.2013.07.047,IC50,1,3.8827287043442356,3.8827287043442356,3.8827287043442356,0.0,Inconclusive|Unspecified,False,False,197.19000000000003,197.068807832,14,14,1.1613999999999998,49.533900000000024,93.28000000000002,4,4,3,1,1,0,0.2222222222222222,337.338768546336,0,0,5,0,0,1,0,186.10199999999998,4,5,c1ccccc1
UIREF-1131,YISDIJATLJFHOW-UHFFFAOYSA-N,O=C1NC(=S)NC(=O)C1=Cc1ccncc1,1,PubChem,1,Sporosarcina pasteurii,1,Sporosarcina pasteurii,10.1016/j.bmc.2014.05.057,1,10.1016/j.bmc.2014.05.057,IC50,1,4.795880017344075,4.795880017344075,4.795880017344075,0.0,Unspecified,False,False,233.25200000000004,233.025897464,16,16,-0.004100000000000437,61.09740000000001,71.09,4,2,1,2,1,1,0.0,474.04542290019964,0,2,6,1,1,0,0,226.19599999999997,2,5,O=C1NC(=S)NC(=O)C1=Cc1ccncc1
UIREF-1132,YJARNXWLSCFULW-UHFFFAOYSA-N,Oc1[nH]c2ccc(F)cc2c1N=NC(=S)Nc1cccc(C(F)(F)F)c1,2,BindingDB|ChEMBL,2,Canavalia ensiformis,1,Canavalia ensiformis,10.1007/s00044-013-0575-7|CHEMBL3044957,2,CHEMBL3044957,IC50,2,4.222863287495827,4.222863287495827,4.222863287495827,0.0,Active,True,False,382.34200000000004,382.05114482,26,26,5.512100000000003,92.1022,72.77,3,3,2,3,3,0,0.0625,1013.1426573094747,0,0,10,1,0,2,0,372.26200000000006,3,5,S=C(N=Nc1c[nH]c2ccccc12)Nc1ccccc1
UIREF-1133,YJOPEBOIPLJRGP-UHFFFAOYSA-N,Cc1ccc(N=C2C(=O)Nc3ccccc32)cc1N=C1C(=O)Nc2ccccc21,1,ChEMBL,1,Canavalia ensiformis,1,Canavalia ensiformis,CHEMBL3817741,1,CHEMBL3817741,IC50,1,5.939302159646388,5.939302159646388,5.939302159646388,0.0,Active,True,False,380.40700000000015,380.127325752,29,29,4.140820000000002,113.71640000000001,82.92,4,2,2,5,3,2,0.043478260869565216,1257.237603109779,0,2,6,0,2,3,0,364.2790000000001,2,6,O=C1Nc2ccccc2C1=Nc1cccc(N=C2C(=O)Nc3ccccc32)c1
UIREF-1134,YJQVKEIVXMKXQT-UHFFFAOYSA-N,CCCCCCCCOC(=O)Cc1ccc(O)c(O)c1,1,PubChem,1,Sporosarcina pasteurii,1,Sporosarcina pasteurii,10.1016/j.bmcl.2019.02.032,1,10.1016/j.bmcl.2019.02.032,IC50,1,3.6280090885350846,3.6280090885350846,3.6280090885350846,0.0,Unspecified,False,False,280.364,280.167459248,20,20,3.544000000000003,77.81060000000004,66.76,4,2,9,1,1,0,0.5625,414.9379411902693,0,0,4,0,0,1,0,256.17199999999997,2,4,c1ccccc1
UIREF-1135,YKBWQLSYIQMIQP-UHFFFAOYSA-N,CC(=NNC(=S)Nc1ccc([N+](=O)[O-])cc1)c1cc2ccccc2o1,1,BindingDB,1,Canavalia ensiformis,1,Canavalia ensiformis,10.1016/j.bioorg.2015.06.004,1,10.1016/j.bioorg.2015.06.004,IC50,1,6.7423214251308154,6.7423214251308154,6.7423214251308154,0.0,Active,True,False,354.3910000000001,354.07866130799994,25,25,4.051600000000002,100.8778,92.7,5,2,4,3,3,0,0.058823529411764705,930.4432295139694,0,0,8,1,0,2,0,340.2790000000001,2,7,S=C(NN=Cc1cc2ccccc2o1)Nc1ccccc1
UIREF-1136,YKBWQLSYIQMIQP-YBFXNURJSA-N,C/C(=N\NC(=S)Nc1ccc([N+](=O)[O-])cc1)c1cc2ccccc2o1,1,PubChem,1,"Urease, unspecified origin",1,"Urease, unspecified origin",,0,,IC50,0,,,,,Active,True,False,354.3910000000001,354.07866130799994,25,25,4.051600000000002,100.8778,92.7,5,2,4,3,3,0,0.058823529411764705,930.4432295139694,0,0,8,1,0,2,0,340.2790000000001,2,7,S=C(NN=Cc1cc2ccccc2o1)Nc1ccccc1
UIREF-1137,YKEVLDFPPSGOPS-NUGSKGIGSA-N,O=C(Cn1c(C2CC2)nc2cc(Cl)c(Cl)cc21)N/N=C/c1ccc(Cl)cc1,3,BindingDB|ChEMBL|PubChem,3,Canavalia ensiformis,1,Canavalia ensiformis,10.1016/j.bmcl.2017.05.019|CHEMBL4033708,2,10.1016/j.bmcl.2017.05.019,IC50,3,6.537602002101044,6.537602002101044,6.537602002101044,0.0,Active,True,False,421.71500000000003,420.03114414000004,27,27,5.024200000000003,108.91670000000002,59.28,3,1,5,4,3,1,0.21052631578947367,1039.284536473466,0,1,8,1,0,2,1,406.59500000000014,1,5,O=C(Cn1c(C2CC2)nc2ccccc21)NN=Cc1ccccc1
UIREF-1138,YLDDZIXESVZIFQ-UHFFFAOYSA-N,CN(C)c1ccc(C(O)CC(O)=NO)cc1,2,PubChem,1,Helicobacter pylori,1,Helicobacter pylori,10.1016/j.ejmech.2013.07.047,1,10.1016/j.ejmech.2013.07.047,IC50,1,5.146910470148134,5.146910470148134,5.146910470148134,0.0,Active|Inconclusive,True,False,224.25999999999996,224.116092372,16,16,1.5218,62.19610000000002,76.29,4,3,4,1,1,0,0.36363636363636365,359.9973538878783,0,0,5,0,0,1,0,208.13199999999995,3,5,c1ccccc1
UIREF-1139,YLTHDMZUKXKFFK-UHFFFAOYSA-N,Cc1ccc(Nc2nnc(C(C)Oc3ccc(Br)cc3)o2)cc1,1,BindingDB,1,Canavalia ensiformis,1,Canavalia ensiformis,10.1111/cbdd.12297,1,10.1111/cbdd.12297,IC50,1,4.474955192963154,4.474955192963154,4.474955192963154,0.0,Active,True,False,374.23800000000006,373.04258885199994,23,23,5.0241200000000035,91.94470000000003,60.18000000000001,5,1,5,3,3,0,0.17647058823529413,769.2923939382223,0,0,6,1,0,2,0,358.1100000000001,1,5,c1ccc(Nc2nnc(COc3ccccc3)o2)cc1
UIREF-1140,YMIYNELKKBOMBU-UHFFFAOYSA-N,ON=C(O)CCN1CCCc2ccccc21,2,PubChem,1,Helicobacter pylori,1,Helicobacter pylori,10.1016/j.ejmech.2018.06.065,1,10.1016/j.ejmech.2018.06.065,IC50,1,4.675100502947687,4.675100502947687,4.675100502947687,0.0,Inconclusive|Unspecified,False,False,220.27200000000002,220.121177752,16,16,2.175,63.44330000000003,56.06000000000001,3,2,3,2,1,1,0.4166666666666667,390.3600796599688,0,0,4,0,1,1,0,204.14399999999998,2,4,c1ccc2c(c1)CCCN2
UIREF-1141,YMLSILNEPXPGAT-UHFFFAOYSA-N,COC(=O)CCP(=O)(O)CC(C(=O)OC)c1ccc(O)c(O)c1,2,PubChem,1,Helicobacter pylori|Sporosarcina pasteurii,2,Sporosarcina pasteurii,10.1016/j.ejmech.2023.115528,1,10.1016/j.ejmech.2023.115528,IC50|Ki,2,3.5135839684832058,3.3851027839668655,3.642065152999546,0.25696236903268055,Unspecified,False,False,346.27200000000005,346.08175419799994,23,23,1.1878999999999995,80.72090000000003,130.36,7,3,7,1,1,0,0.42857142857142855,627.2033234542494,0,0,9,0,0,1,0,327.1200000000001,3,8,c1ccccc1
UIREF-1142,YODXQRQGYAQRRE-UHFFFAOYSA-N,Cc1ccc(C(c2c[nH]c3ccc(C(=O)NNC(=S)Nc4ccc(Br)cc4)cc23)c2c[nH]c3ccc(C(=O)NNC(=S)Nc4ccc(Br)cc4)cc23)cc1,3,BindingDB|ChEMBL|PubChem,3,Canavalia ensiformis,1,Canavalia ensiformis,10.1016/j.bmc.2017.11.028|CHEMBL4177710,2,10.1016/j.bmc.2017.11.028,IC50,3,5.886056647693163,5.886056647693163,5.886056647693163,0.0,Active,True,False,880.6919999999999,878.045638464,54,54,8.925619999999999,230.65059999999977,137.9,4,8,7,7,7,0,0.05,2363.6011406900016,0,2,14,2,0,5,0,848.4359999999997,8,10,O=C(NNC(=S)Nc1ccccc1)c1ccc2[nH]cc(C(c3ccccc3)c3c[nH]c4ccc(C(=O)NNC(=S)Nc5ccccc5)cc34)c2c1
UIREF-1143,YOKMRTLFALKPRH-UHFFFAOYSA-N,CCOc1ccc(NC(=S)N(CC(O)COc2ccc(CC(N)=O)cc2)C(C)C)cc1,2,ChEMBL|PubChem,2,Canavalia ensiformis,1,Canavalia ensiformis,10.1016/j.ejmech.2022.114273|CHEMBL5137004,2,CHEMBL5137004,IC50,2,4.930701987884471,4.930701987884471,4.930701987884471,0.0,Active|Unspecified,True,False,445.58500000000015,445.203527472,31,31,2.9602000000000013,126.51590000000003,97.05000000000001,5,3,11,2,2,0,0.391304347826087,840.9050179889866,0,1,8,0,0,2,0,414.3370000000002,4,7,S=C(NCCCOc1ccccc1)Nc1ccccc1
UIREF-1144,YOVRJEZEDLIZKU-FYJGNVAPSA-N,C(=N\c1nc(-c2ccccc2)cs1)/c1cccc2ccccc12,2,BindingDB|PubChem,2,"Canavalia ensiformis|Urease, unspecified origin",2,Canavalia ensiformis,,0,,IC50,1,4.637140697041319,4.637140697041319,4.637140697041319,0.0,Active|Inactive,True,True,314.413,314.08776944799996,23,23,5.713900000000003,98.75200000000002,25.25,3,0,3,4,4,0,0.0,965.7922802604963,0,0,3,1,0,3,0,300.30100000000004,0,2,C(=Nc1nc(-c2ccccc2)cs1)c1cccc2ccccc12
UIREF-1145,YPBGFTFIWSSHFW-UHFFFAOYSA-N,NS(=O)(=O)c1ccc(NC(=S)NC(=O)c2cccc(Cl)c2)cc1,2,BindingDB|ChEMBL,2,Canavalia ensiformis,1,Canavalia ensiformis,10.1007/s00044-012-0376-4|CHEMBL3045259,2,CHEMBL3045259,Ki,2,5.823908740944319,5.823908740944319,5.823908740944319,0.0,Active,True,False,369.855,369.000860924,23,23,2.1142,92.9541,101.28999999999999,4,3,3,2,2,0,0.0,851.8261428275018,0,1,9,0,0,2,0,357.75900000000007,4,6,O=C(NC(=S)Nc1ccccc1)c1ccccc1
UIREF-1146,YPSPPVDYSAOVGT-UHFFFAOYSA-N,O=[N+]([O-])c1cccc(N(CC(O)=NO)S(=O)(=O)c2ccc(C(F)(F)F)cc2)c1,1,PubChem,1,Helicobacter pylori,1,Helicobacter pylori,10.1016/j.bmcl.2022.129043,1,10.1016/j.bmcl.2022.129043,IC50,1,5.019088062223156,5.019088062223156,5.019088062223156,0.0,Active,True,False,419.33700000000005,419.039890764,28,28,3.154600000000001,90.92250000000003,133.34,6,2,6,2,2,0,0.13333333333333333,1006.4265629202222,0,0,13,0,0,2,0,407.24100000000016,2,9,O=S(=O)(Nc1ccccc1)c1ccccc1
UIREF-1147,YQUJDVSAVGZGJJ-UHFFFAOYSA-N,Cc1ccccc1S(=O)(=O)N(CC(O)=NO)c1cccc([N+](=O)[O-])c1,1,PubChem,1,Helicobacter pylori,1,Helicobacter pylori,10.1016/j.bmcl.2022.129043,1,10.1016/j.bmcl.2022.129043,IC50,1,5.1487416512809245,5.1487416512809245,5.1487416512809245,0.0,Active,True,False,365.3670000000001,365.0681562,25,25,2.4442200000000005,90.65750000000004,133.34,6,2,6,2,2,0,0.13333333333333333,926.3688669348844,0,0,10,0,0,2,0,350.2470000000001,2,9,O=S(=O)(Nc1ccccc1)c1ccccc1
UIREF-1148,YREYEVIYCVEVJK-UHFFFAOYSA-N,COCCCOc1ccnc(C[S+]([O-])c2nc3ccccc3[nH]2)c1C,1,PubChem,1,Helicobacter pylori,1,Helicobacter pylori,10.1021/acs.jmedchem.6b00986,1,10.1021/acs.jmedchem.6b00986,IC50,1,6.537602002101044,6.537602002101044,6.537602002101044,0.0,Active,True,False,359.451,359.13036253200005,25,25,2.989420000000001,97.16810000000005,83.09,5,1,8,3,3,0,0.3333333333333333,804.2992838896116,0,0,7,2,0,1,0,338.2830000000001,1,6,c1ccc(C[SH+]c2nc3ccccc3[nH]2)nc1
UIREF-1149,YRMWRCMSIHIATP-UHFFFAOYSA-N,Oc1[nH]c2ccc(F)cc2c1N=NC(=S)Nc1ccccc1C(F)(F)F,2,BindingDB|ChEMBL,2,Canavalia ensiformis,1,Canavalia ensiformis,10.1007/s00044-013-0575-7|CHEMBL3044957,2,CHEMBL3044957,IC50,2,4.29645070176177,4.29645070176177,4.29645070176177,0.0,Active,True,False,382.34200000000004,382.05114482,26,26,5.512100000000003,92.1022,72.77,3,3,2,3,3,0,0.0625,1013.1426573094747,0,0,10,1,0,2,0,372.26200000000006,3,5,S=C(N=Nc1c[nH]c2ccccc12)Nc1ccccc1
UIREF-1150,YRUZRVSEBOAPAN-VXLYETTFSA-N,COc1cc(C/C=N/NC(N)=S)ccc1OCc1ccccc1,2,BindingDB|PubChem,2,"Canavalia ensiformis|Urease, unspecified origin",2,Canavalia ensiformis,10.1111/cbdd.12379,1,10.1111/cbdd.12379,IC50,1,4.124360062995832,4.124360062995832,4.124360062995832,0.0,Active|Inactive,True,True,329.425,329.119797848,23,23,2.635700000000001,95.88510000000002,68.87,4,2,7,2,2,0,0.17647058823529413,674.793626718696,0,0,6,0,0,2,0,310.2730000000001,3,5,c1ccc(COc2ccccc2)cc1
UIREF-1151,YSBBJAGHDRJVDS-UHFFFAOYSA-N,O=C1N=c2ccc(Cl)cc2=C1Cc1ccc(C(=O)NN=Cc2cc(O)cc(O)c2)cc1,2,BindingDB|ChEMBL,2,Canavalia ensiformis,1,Canavalia ensiformis,10.1016/j.bmcl.2015.05.069|CHEMBL3600348,2,CHEMBL3600348,IC50,2,4.716698771296451,4.716698771296451,4.716698771296451,0.0,Active,True,False,433.85100000000006,433.08293367199997,31,31,2.0683,115.62579999999998,111.35000000000001,5,3,5,4,3,1,0.043478260869565216,1327.9748257260787,0,2,8,0,1,3,0,417.7230000000002,3,7,O=C1N=c2ccccc2=C1Cc1ccc(C(=O)NN=Cc2ccccc2)cc1
UIREF-1152,YSWDFSLNAGUYOW-UHFFFAOYSA-N,COc1cccc(NC(=O)NCC(=O)NC(Cc2ccccc2)C(=O)NCC(=O)NC(C(=O)N2CCCC2C(=O)N2CCN(c3nsc4ccccc34)CC2)C(C)C)c1,2,BindingDB|ChEMBL,2,Canavalia ensiformis,1,Canavalia ensiformis,10.1016/j.ejmech.2014.09.098|CHEMBL3352339,2,CHEMBL3352339,IC50,2,4.638272163982407,4.638272163982407,4.638272163982407,0.0,Active,True,False,825.9929999999997,825.3632159719999,59,59,2.750700000000003,225.01849999999945,194.41000000000003,10,5,15,6,4,2,0.40476190476190477,2122.9905273027575,0,7,17,1,2,3,0,774.5849999999997,5,16,O=C(CNC(=O)C(Cc1ccccc1)NC(=O)CNC(=O)Nc1ccccc1)NCC(=O)N1CCCC1C(=O)N1CCN(c2nsc3ccccc23)CC1
UIREF-1153,YSWFKSUVVAQAKZ-UHFFFAOYSA-N,Cc1ccccc1C=C1C(=O)NC(=S)NC1=O,1,PubChem,1,Sporosarcina pasteurii,1,Sporosarcina pasteurii,10.1016/j.bmc.2014.05.057,1,10.1016/j.bmc.2014.05.057,IC50,1,4.375717904164332,4.375717904164332,4.375717904164332,0.0,Unspecified,False,False,246.291,246.04629856,17,17,0.9093199999999999,68.03940000000001,58.2,3,2,1,2,1,1,0.08333333333333333,527.1915398862742,0,2,5,0,1,1,0,236.21099999999998,2,4,O=C1NC(=S)NC(=O)C1=Cc1ccccc1
UIREF-1154,YTIVTFGABIZHHX-UHFFFAOYSA-N,O=C(O)C#CC(=O)O,3,PubChem,1,Sporosarcina pasteurii,1,Sporosarcina pasteurii,10.1016/j.bmcl.2017.02.022,1,10.1016/j.bmcl.2017.02.022,Ki,3,7.257274868695301,5.403402904373539,7.371611069949688,1.968208165576149,Active,True,False,114.05599999999998,113.99530854400001,8,8,-0.8409999999999997,23.047599999999996,74.6,2,2,0,0,0,0,0.0,152.21266925021752,0,0,4,0,0,0,0,112.03999999999998,2,4,
UIREF-1155,YUBQYFJKIYWZBD-UHFFFAOYSA-N,ON=C(O)COc1ccc(Cl)cc1Cl,2,PubChem,1,Helicobacter pylori,1,Helicobacter pylori,10.1016/j.bmc.2018.07.003,1,10.1016/j.bmc.2018.07.003,IC50|Inhibition,1,6.080921907623926,6.080921907623926,6.080921907623926,0.0,Active|Unspecified,True,False,236.054,234.980298444,14,14,2.717900000000001,53.80730000000001,62.05000000000001,3,2,3,1,1,0,0.125,354.4396703083425,0,0,6,0,0,1,0,228.998,2,4,c1ccccc1
UIREF-1156,YVPDVJFBHOJIOZ-UHFFFAOYSA-N,Cc1ccc(C=Nc2nc(-c3ccccc3)cs2)o1,2,BindingDB|PubChem,2,"Canavalia ensiformis|Urease, unspecified origin",2,Canavalia ensiformis,,0,,IC50|Ki,1,4.748848656824645,4.748848656824645,4.748848656824645,0.0,Active|Inactive,True,True,268.34100000000007,268.067034004,19,19,4.462120000000002,78.24900000000004,38.39,4,0,3,3,3,0,0.06666666666666667,697.7760937422054,0,0,4,2,0,1,0,256.245,0,3,C(=Nc1nc(-c2ccccc2)cs1)c1ccco1
UIREF-1157,YWALDPFFKXTFBH-KTZMUZOWSA-N,O=C(Cn1c(C2CC2)nc2cc(Cl)c(Cl)cc21)N/N=C/c1ccc(F)c(Br)c1,3,BindingDB|ChEMBL|PubChem,3,Canavalia ensiformis,1,Canavalia ensiformis,10.1016/j.bmcl.2017.05.019|CHEMBL4033708,2,10.1016/j.bmcl.2017.05.019,IC50,3,7.221848749616356,7.221848749616356,7.221848749616356,0.0,Active,True,False,484.15600000000006,481.97120674800004,28,28,5.272400000000003,111.56470000000004,59.28,3,1,5,4,3,1,0.21052631578947367,1110.996960894505,0,1,9,1,0,2,1,470.04400000000015,1,5,O=C(Cn1c(C2CC2)nc2ccccc21)NN=Cc1ccccc1
UIREF-1158,YWUGCEXQDMDSAH-UHFFFAOYSA-N,O=[N+]([O-])c1ccc(CNc2cccc([N+](=O)[O-])c2)cc1,2,PubChem,1,Helicobacter pylori,1,Helicobacter pylori,10.1016/j.bmc.2015.06.014,1,10.1016/j.bmc.2015.06.014,IC50,1,4.187755303199631,4.187755303199631,4.187755303199631,0.0,Inconclusive|Unspecified,False,False,273.248,273.07495583200006,20,20,3.115100000000001,73.51950000000002,98.31,5,1,5,2,2,0,0.07692307692307693,640.3194576175111,0,0,7,0,0,2,0,262.15999999999997,1,7,c1ccc(CNc2ccccc2)cc1
UIREF-1159,YXUKIKRMMRXVIE-NSHDSACASA-N,C[C@H](N=C([Se])N(C)C)c1cccc2ccccc12,1,PubChem,1,Canavalia ensiformis,1,Canavalia ensiformis,10.1016/j.bmcl.2007.07.085,1,10.1016/j.bmcl.2007.07.085,Ki,1,7.026872146400302,7.026872146400302,7.026872146400302,0.0,Active,True,False,304.27500000000003,305.055694844,18,18,2.986900000000001,79.23900000000005,15.6,1,0,2,2,2,0,0.26666666666666666,570.2202392565009,0,0,3,0,0,2,0,287.139,0,2,c1ccc2ccccc2c1
UIREF-1160,YXXKRHZFVGZYRJ-NTUHNPAUSA-N,CN(C)c1ccc(/C=N/Nc2nc(O)cs2)cc1,1,BindingDB,1,Sporosarcina pasteurii,1,Sporosarcina pasteurii,10.1016/j.bioorg.2015.10.005,1,10.1016/j.bioorg.2015.10.005,IC50,1,5.136677139879544,5.136677139879544,5.136677139879544,0.0,Active,True,False,262.33799999999997,262.088832068,18,18,2.3607000000000005,75.76450000000003,60.75,6,2,4,2,2,0,0.16666666666666666,533.2653682956609,0,0,6,1,0,1,0,248.22599999999997,2,5,C(=NNc1nccs1)c1ccccc1
UIREF-1161,YYOFFFNYVMWJOV-UHFFFAOYSA-N,O=C1N=c2ccc(Cl)cc2=C1Cc1ccc(C(=O)NN=Cc2ccc(O)c(O)c2)cc1,2,BindingDB|ChEMBL,2,Canavalia ensiformis,1,Canavalia ensiformis,10.1016/j.bmcl.2015.05.069|CHEMBL3600348,2,CHEMBL3600348,IC50,2,4.149966742310231,4.149966742310231,4.149966742310231,0.0,Active,True,False,433.85100000000006,433.08293367199997,31,31,2.0683,115.62579999999998,111.35000000000001,5,3,5,4,3,1,0.043478260869565216,1348.224825726079,0,2,8,0,1,3,0,417.7230000000002,3,7,O=C1N=c2ccccc2=C1Cc1ccc(C(=O)NN=Cc2ccccc2)cc1
UIREF-1162,YZPBPTSRPUXFGV-UHFFFAOYSA-N,CN(C)C(=S)Nc1ccc(Br)cc1,3,BindingDB|ChEMBL|PubChem,3,Canavalia ensiformis,1,Canavalia ensiformis,10.1016/j.bmcl.2007.07.085|CHEMBL1140524,2,10.1016/j.bmcl.2007.07.085,Ki,3,6.5934598195660445,6.5934598195660445,6.5934598195660445,0.0,Active,True,False,259.17199999999997,257.982631452,13,13,2.7075000000000005,64.04970000000002,15.27,1,1,1,1,1,0,0.2222222222222222,294.9879407824652,0,0,4,0,0,1,0,248.08399999999997,1,2,c1ccccc1
UIREF-1163,YZUKKTCDYSIWKJ-UHFFFAOYSA-N,NC(=S)Nc1ccccc1Cl,3,BindingDB|PubChem,2,"Canavalia ensiformis|Urease, unspecified origin",2,Canavalia ensiformis,10.1016/j.bioorg.2013.10.001|10.1111/cbdd.12297,2,10.1016/j.bioorg.2013.10.001,IC50,2,4.67504064063229,4.657577319177793,4.692503962086787,0.034926642908994054,Active|Inactive,True,True,186.66699999999997,186.001846904,11,11,1.9954999999999998,51.86010000000001,38.05,1,2,1,1,1,0,0.0,274.8980131294879,0,0,4,0,0,1,0,179.611,3,2,c1ccccc1
UIREF-1164,YZXQNGMHEZAMJA-UHFFFAOYSA-N,ON=C(O)COc1cccc(Cl)c1Cl,2,PubChem,1,Helicobacter pylori,1,Helicobacter pylori,10.1016/j.bmc.2018.07.003,1,10.1016/j.bmc.2018.07.003,IC50,1,3.747875447494356,3.747875447494356,3.747875447494356,0.0,Inconclusive|Unspecified,False,False,236.054,234.980298444,14,14,2.717900000000001,53.80730000000001,62.05000000000001,3,2,3,1,1,0,0.125,354.43967030834256,0,0,6,0,0,1,0,228.998,2,4,c1ccccc1
UIREF-1165,ZAUNFFDKSBFUPQ-UHFFFAOYSA-N,CC(=NNC(=S)Nc1ccccc1)c1cc2ccccc2o1,1,BindingDB,1,Canavalia ensiformis,1,Canavalia ensiformis,10.1016/j.bioorg.2015.06.004,1,10.1016/j.bioorg.2015.06.004,IC50,1,7.050609993355087,7.050609993355087,7.050609993355087,0.0,Active,True,False,309.39400000000006,309.0935831,22,22,4.143400000000002,94.22340000000003,49.56,3,2,3,3,3,0,0.058823529411764705,791.0510373469997,0,0,5,1,0,2,0,294.274,2,4,S=C(NN=Cc1cc2ccccc2o1)Nc1ccccc1
UIREF-1166,ZAUNFFDKSBFUPQ-XDHOZWIPSA-N,C/C(=N\NC(=S)Nc1ccccc1)c1cc2ccccc2o1,1,PubChem,1,"Urease, unspecified origin",1,"Urease, unspecified origin",,0,,IC50,0,,,,,Active,True,False,309.39400000000006,309.0935831,22,22,4.143400000000002,94.22340000000003,49.56,3,2,3,3,3,0,0.058823529411764705,791.0510373469997,0,0,5,1,0,2,0,294.274,2,4,S=C(NN=Cc1cc2ccccc2o1)Nc1ccccc1
UIREF-1167,ZCTQCVYFYDZNQO-UHFFFAOYSA-N,COC(=O)C=CC1=CC(=O)CC1,3,PubChem,1,Sporosarcina pasteurii,1,Sporosarcina pasteurii,10.1016/j.bmcl.2017.02.022,1,10.1016/j.bmcl.2017.02.022,Ki,3,6.500312917381596,4.776763726897002,6.54515513999149,1.7683914130944878,Active|Unspecified,True,False,166.17599999999996,166.06299418,12,12,1.0049,43.48000000000002,43.370000000000005,3,0,2,1,0,1,0.3333333333333333,260.9472131287354,0,0,3,0,0,0,1,156.09599999999998,0,3,O=C1C=CCC1
UIREF-1168,ZDJXIKDBZWYIFZ-UHFFFAOYSA-N,COc1ccccc1NC(=S)Nc1cccc(Cl)c1,3,BindingDB|ChEMBL|PubChem,3,Canavalia ensiformis,1,Canavalia ensiformis,10.1016/j.ejmech.2014.01.001|CHEMBL3120147,2,10.1016/j.ejmech.2014.01.001,IC50,3,4.697669071315601,4.697669071315601,4.697669071315601,0.0,Active|Unspecified,True,False,292.79100000000005,292.043711716,19,19,4.157500000000002,84.28940000000001,33.29,2,2,3,2,2,0,0.07142857142857142,589.163576900723,0,0,5,0,0,2,0,279.68699999999995,2,3,S=C(Nc1ccccc1)Nc1ccccc1
UIREF-1169,ZDPHAOACOZMCQD-UHFFFAOYSA-N,O=c1c(C(c2ccccc2Cl)c2c(O)oc3ccccc3c2=O)c(O)oc2ccccc12,2,BindingDB|ChEMBL,2,Canavalia ensiformis,1,Canavalia ensiformis,10.1016/j.bmc.2005.09.048|CHEMBL1144858,2,CHEMBL1144858,IC50,2,4.069999509241873,4.069998998990925,4.070000019492821,1.0205018963205248e-06,Active,True,False,446.84200000000016,446.05571588,32,32,5.144200000000005,120.69460000000002,100.88,6,2,3,5,5,0,0.04,1516.053486727106,0,0,7,2,0,3,0,431.72200000000026,2,6,O=c1c(C(c2ccccc2)c2coc3ccccc3c2=O)coc2ccccc12
UIREF-1170,ZDQPEHDVWADLIP-UHFFFAOYSA-N,COc1ccc(NC(=O)NCC(=O)NC(C(=O)NCC(=O)NC(C(=O)N2CCCC2C(=O)N2CCN(c3nsc4ccccc34)CC2)C(C)C)C(C)C)cc1,2,BindingDB|ChEMBL,2,Canavalia ensiformis,1,Canavalia ensiformis,10.1016/j.ejmech.2014.09.098|CHEMBL3352339,2,CHEMBL3352339,IC50,2,4.6777807052660805,4.6777807052660805,4.6777807052660805,0.0,Active,True,False,777.9490000000001,777.363215972,55,55,2.164000000000004,209.71049999999937,194.41000000000003,10,5,14,5,3,2,0.5,1842.7908154316424,0,7,17,1,2,2,0,726.5409999999997,5,16,O=C(CNC(=O)CNC(=O)Nc1ccccc1)NCC(=O)NCC(=O)N1CCCC1C(=O)N1CCN(c2nsc3ccccc23)CC1
UIREF-1171,ZECAGIACDVDVJD-UHFFFAOYSA-N,CNCP(=O)(O)CNC,2,PubChem,1,Proteus mirabilis|Sporosarcina pasteurii,2,Sporosarcina pasteurii,10.1021/ml500380f,1,10.1021/ml500380f,Ki,2,5.065501548756432,4.764471553092451,5.366531544420413,0.6020599913279616,Active|Unspecified,True,False,152.134,152.071464286,9,9,-0.3894000000000002,37.6787,61.36,3,3,4,0,0,0,1.0,107.13526283059372,0,0,5,0,0,0,0,139.03,3,4,
UIREF-1172,ZEHWFHKNRVVIGV-UHFFFAOYSA-N,CC(NC(=O)c1ccccc1[Se][Se]c1ccccc1C(=O)NC(C)C(=O)O)C(=O)O,4,PubChem,1,Helicobacter pylori|Sporosarcina pasteurii,2,Helicobacter pylori,10.1021/acs.jmedchem.6b00986,1,10.1021/acs.jmedchem.6b00986,IC50|Ki,3,4.586700235918748,3.7384992268017196,4.826813731587726,1.0883145047860063,Inactive|Unspecified,False,True,542.3080000000002,543.9651789599999,30,30,-0.6333999999999984,112.78800000000008,132.8,4,4,9,2,2,0,0.2,888.3178074828465,0,2,10,0,0,2,0,522.1480000000003,4,8,c1ccc([Se][Se]c2ccccc2)cc1
UIREF-1173,ZEYBSOGHRYDHSI-DJKKODMXSA-N,Clc1cccc(Cl)c1/C=N/c1nc(-c2ccccc2)cs1,2,BindingDB|PubChem,2,"Canavalia ensiformis|Urease, unspecified origin",2,Canavalia ensiformis,,0,,IC50,1,4.651111276928562,4.651111276928562,4.651111276928562,0.0,Active|Inactive,True,True,333.243,331.99417467999996,21,21,5.867500000000004,91.266,25.25,3,0,3,3,3,0,0.0,761.7308906306841,0,0,5,1,0,2,0,323.163,0,2,C(=Nc1nc(-c2ccccc2)cs1)c1ccccc1
UIREF-1174,ZFQNABYNZGTXCR-UHFFFAOYSA-N,ON=C(O)COc1ccc(Br)cc1,2,PubChem,1,Helicobacter pylori,1,Helicobacter pylori,10.1016/j.bmc.2018.07.003,1,10.1016/j.bmc.2018.07.003,IC50,1,5.2716462179787715,5.2716462179787715,5.2716462179787715,0.0,Active|Inconclusive,True,False,246.06,244.968755216,13,13,2.1736000000000004,51.48730000000001,62.05000000000001,3,2,3,1,1,0,0.125,296.76237829328255,0,0,5,0,0,1,0,237.99599999999998,2,4,c1ccccc1
UIREF-1175,ZGPJVXICCFYSRT-UHFFFAOYSA-N,NC(=S)NN=Cc1ccccc1Cl,2,BindingDB,1,Canavalia ensiformis,1,Canavalia ensiformis,10.1016/j.ejmech.2011.09.009,1,10.1016/j.ejmech.2011.09.009,IC50|Ki,2,6.71855630935306,6.667561540084394,6.769551078621726,0.10198953853733173,Active,True,False,213.693,213.012745936,13,13,1.5071,58.967100000000016,50.41,2,2,2,1,1,0,0.0,337.9159534841811,0,0,5,0,0,1,0,205.629,3,3,c1ccccc1
UIREF-1176,ZGPJVXICCFYSRT-VZUCSPMQSA-N,NC(=S)N/N=C/c1ccccc1Cl,3,ChEMBL|PubChem,2,Canavalia ensiformis,1,Canavalia ensiformis,10.1016/j.ejmech.2011.09.009|CHEMBL1909545,2,CHEMBL1909545,IC50|Ki,3,6.667561540084394,6.667561540084394,6.769551078621726,0.10198953853733173,Active,True,False,213.693,213.012745936,13,13,1.5071,58.967100000000016,50.41,2,2,2,1,1,0,0.0,337.9159534841811,0,0,5,0,0,1,0,205.629,3,3,c1ccccc1
UIREF-1177,ZHCDCYDWKWKBGB-UHFFFAOYSA-N,Oc1[nH]c2ccccc2c1N=NC(=S)Nc1cccc(C(F)(F)F)c1,2,BindingDB|ChEMBL,2,Canavalia ensiformis,1,Canavalia ensiformis,10.1007/s00044-013-0575-7|CHEMBL3044957,2,CHEMBL3044957,IC50,2,4.686132779630847,4.686132779630847,4.686132779630847,0.0,Active,True,False,364.35200000000003,364.060566632,25,25,5.373000000000003,92.1442,72.77,3,3,2,3,3,0,0.0625,965.4133863092347,0,0,9,1,0,2,0,353.264,3,5,S=C(N=Nc1c[nH]c2ccccc12)Nc1ccccc1
UIREF-1178,ZHGCYFVHHLQKKA-UHFFFAOYSA-N,Cc1cc(C)n(CN(CCO)Cn2nc(C)cc2C)n1,2,BindingDB|ChEMBL,2,Canavalia ensiformis,1,Canavalia ensiformis,10.1007/s00044-011-9804-0|CHEMBL3045895,2,CHEMBL3045895,IC50,2,4.350081281264581,4.350081281264581,4.350081281264581,0.0,Active,True,False,277.372,277.190260356,20,20,1.2227799999999995,77.19380000000004,59.11,4,1,6,2,2,0,0.5714285714285714,523.8764157906751,0,0,6,2,0,0,0,254.188,1,6,c1cnn(CNCn2cccn2)c1
UIREF-1179,ZHOGDWOJCUYFSR-UHFFFAOYSA-N,COc1ccc(C2=CCc3c(OC)c(OC)c(OC)c(OC)c3O2)cc1,1,PubChem,1,Helicobacter pylori,1,Helicobacter pylori,10.1016/j.ejmech.2013.03.016,1,10.1016/j.ejmech.2013.03.016,IC50,1,2.4212462155735652,2.4212462155735652,2.4212462155735652,0.0,Unspecified,False,False,358.3900000000001,358.14163842399995,26,26,3.705600000000003,97.95300000000005,55.38000000000001,6,0,6,3,2,1,0.3,823.4304301483288,0,0,6,0,1,2,0,336.2140000000001,0,6,C1=C(c2ccccc2)Oc2ccccc2C1
UIREF-1180,ZIGYREQLNIBHCU-UHFFFAOYSA-N,O=C(O)c1cc(N=Cc2c(O)[nH]c(=O)[nH]c2=O)ccc1[N+](=O)[O-],2,BindingDB|PubChem,2,Canavalia ensiformis,1,Canavalia ensiformis,10.1016/j.bmc.2015.05.038,1,10.1016/j.bmc.2015.05.038,IC50,2,4.58838029403677,4.58838029403677,4.58838029403677,0.0,Active|Unspecified,True,False,320.2170000000001,320.039298596,23,23,0.12579999999999958,76.6579,178.74999999999997,7,4,4,2,2,0,0.0,941.1558795321021,0,0,11,1,0,1,0,312.153,4,11,O=c1[nH]cc(C=Nc2ccccc2)c(=O)[nH]1
UIREF-1181,ZJBNTOVKONIHLQ-UHFFFAOYSA-N,Oc1ccccc1C1CC(c2ccccc2)Sc2ccccc2N1,1,BindingDB,1,Canavalia ensiformis,1,Canavalia ensiformis,10.1080/14756360801945598,1,10.1080/14756360801945598,IC50,1,4.039957544273158,4.039957544273158,4.039957544273158,0.0,Active,True,False,333.456,333.11873522800005,24,24,5.782500000000004,100.56950000000002,32.26,3,2,2,4,3,1,0.14285714285714285,834.0071177297798,0,0,3,0,1,3,0,314.30400000000003,2,2,c1ccc(C2CC(c3ccccc3)Sc3ccccc3N2)cc1
UIREF-1182,ZKLFYPTVNLTDIW-UHFFFAOYSA-N,COc1cc(OC)cc(C(=O)NC(=S)Nc2ccc(S(N)(=O)=O)cc2)c1,2,BindingDB|ChEMBL,2,Canavalia ensiformis,1,Canavalia ensiformis,10.1007/s00044-012-0376-4|CHEMBL3045259,2,CHEMBL3045259,Ki,2,5.917214629683549,5.917214629683549,5.917214629683549,0.0,Active,True,False,395.4620000000001,395.06096264399997,26,26,1.478,101.0481,119.75,6,3,5,2,2,0,0.125,905.15144370957,0,1,10,0,0,2,0,378.32600000000014,4,8,O=C(NC(=S)Nc1ccccc1)c1ccccc1
UIREF-1183,ZKZUSQIRHJMHLV-UHFFFAOYSA-N,O=Cc1ccc(C=NN=c2[nH]c(O)cs2)cc1,1,BindingDB,1,Sporosarcina pasteurii,1,Sporosarcina pasteurii,10.1016/j.bioorg.2015.10.005,1,10.1016/j.bioorg.2015.10.005,IC50,1,4.406603157699793,4.406603157699793,4.406603157699793,0.0,Active,True,False,247.27900000000002,247.041547528,17,17,1.5291,65.32100000000001,77.81,5,2,3,2,2,0,0.0,595.6791463485981,0,0,6,1,0,1,0,238.207,2,5,C(=NN=c1[nH]ccs1)c1ccccc1
UIREF-1184,ZLAPZAJHRNDLGD-CSKARUKUSA-N,COC(=O)/C(=C/c1ccc(F)cc1)CCP(=O)(O)O,2,PubChem,1,Sporosarcina pasteurii,1,Sporosarcina pasteurii,10.1016/j.ejmech.2017.03.070,1,10.1016/j.ejmech.2017.03.070,Ki,2,4.319688148340751,4.315154638355588,4.324221658325915,0.00906701997032755,Unspecified,False,False,288.21099999999996,288.056288398,19,19,1.9499000000000004,67.92110000000002,83.83000000000001,3,2,5,1,1,0,0.25,517.4262097125037,0,0,7,0,0,1,0,274.099,2,5,c1ccccc1
UIREF-1185,ZLFFUJZQXBGENO-CSKARUKUSA-N,O=C(O)/C(=C/c1ccc(F)cc1)CCCP(=O)(O)O,3,PubChem,1,Sporosarcina pasteurii,1,Sporosarcina pasteurii,10.1016/j.ejmech.2018.09.074,1,10.1016/j.ejmech.2018.09.074,IC50|Ki,3,5.417936637088291,5.309803919971486,5.7447274948966935,0.4349235749252074,Active,True,False,288.2109999999999,288.056288398,19,19,2.2516000000000016,68.15790000000001,94.83,2,3,6,1,1,0,0.25,517.4262097125037,0,0,7,0,0,1,0,274.099,3,5,c1ccccc1
UIREF-1186,ZMEAZVJWHIWUFB-VZUCSPMQSA-N,O=[N+]([O-])c1ccc(/C=N/Nc2nc(O)cs2)cc1,1,BindingDB,1,Sporosarcina pasteurii,1,Sporosarcina pasteurii,10.1016/j.bioorg.2015.10.005,1,10.1016/j.bioorg.2015.10.005,IC50,1,4.570086302236246,4.570086302236246,4.570086302236246,0.0,Active,True,False,264.266,264.031711116,18,18,2.2028999999999996,68.09190000000002,100.65,7,2,4,2,2,0,0.0,579.0636574325333,0,0,8,1,0,1,0,256.202,2,7,C(=NNc1nccs1)c1ccccc1
UIREF-1187,ZMEXVUZGKFVJCM-UHFFFAOYSA-N,O=C(Cc1ccc(O)c(O)c1)NCCc1ccccc1,1,PubChem,1,Sporosarcina pasteurii,1,Sporosarcina pasteurii,10.1016/j.bmcl.2019.02.032,1,10.1016/j.bmcl.2019.02.032,IC50,1,4.86359655186601,4.86359655186601,4.86359655186601,0.0,Unspecified,False,False,271.316,271.120843404,20,20,1.9991999999999996,76.63130000000004,69.56,3,3,5,2,2,0,0.1875,581.5307856396652,0,1,4,0,0,2,0,254.17999999999995,3,4,O=C(Cc1ccccc1)NCCc1ccccc1
UIREF-1188,ZMVLSCWWZQMHOJ-DHRITJCHSA-N,O=C1N=c2ccc(Cl)cc2=C1Cc1ccc(C(=O)N/N=C/c2cccc([N+](=O)[O-])c2)cc1,2,BindingDB|ChEMBL,2,Canavalia ensiformis,1,Canavalia ensiformis,10.1016/j.bmcl.2015.05.069|CHEMBL3600348,2,CHEMBL3600348,IC50,2,3.828273546346769,3.828273546346769,3.828273546346769,0.0,Active,True,False,446.8500000000001,446.07818264,32,32,2.5653000000000006,118.9506,114.03,5,1,6,4,3,1,0.043478260869565216,1398.2389540412719,0,2,9,0,1,3,0,431.7300000000002,1,8,O=C1N=c2ccccc2=C1Cc1ccc(C(=O)NN=Cc2ccccc2)cc1
UIREF-1189,ZNKANCANAUAWKX-UHFFFAOYSA-N,CC(C)C(NC(=O)CNC(=O)C(Cc1ccccc1)NC(=O)CNC(=O)Nc1ccccc1F)C(=O)N1CCCC1C(=O)N1CCN(c2nsc3ccccc23)CC1,2,BindingDB|ChEMBL,2,Canavalia ensiformis,1,Canavalia ensiformis,10.1016/j.ejmech.2014.09.098|CHEMBL3352339,2,CHEMBL3352339,IC50,2,4.3872161432802645,4.3872161432802645,4.3872161432802645,0.0,Active,True,False,813.9569999999994,813.3432294759999,58,58,2.8812000000000033,218.4244999999995,185.18,9,5,14,6,4,2,0.3902439024390244,2109.3131724178443,0,7,17,1,2,3,0,765.5729999999998,5,15,O=C(CNC(=O)C(Cc1ccccc1)NC(=O)CNC(=O)Nc1ccccc1)NCC(=O)N1CCCC1C(=O)N1CCN(c2nsc3ccccc23)CC1
UIREF-1190,ZOBQJVBDTVEDEG-UHFFFAOYSA-N,O=C(NNC(=S)Nc1ccc(Cl)c(Cl)c1)c1ccc(-c2nc3ccccc3s2)cc1,1,BindingDB,1,Canavalia ensiformis,1,Canavalia ensiformis,10.1016/j.bioorg.2016.03.010,1,10.1016/j.bioorg.2016.03.010,IC50,1,5.6777807052660805,5.6777807052660805,5.6777807052660805,0.0,Active,True,False,473.4100000000002,471.99860842799995,30,30,5.901500000000003,128.34059999999997,66.05000000000001,4,3,3,4,4,0,0.0,1208.4839161960151,0,1,9,1,0,3,0,459.29800000000034,3,5,O=C(NNC(=S)Nc1ccccc1)c1ccc(-c2nc3ccccc3s2)cc1
UIREF-1191,ZOLLZRKQVNFBNN-UHFFFAOYSA-N,Oc1ccc(CCc2ccc(Cl)cc2)c(O)c1O,2,PubChem,1,Helicobacter pylori,1,Helicobacter pylori,10.1016/j.ejmech.2010.08.015,1,10.1016/j.ejmech.2010.08.015,IC50,1,4.327902142064283,4.327902142064283,4.327902142064283,0.0,Inconclusive|Unspecified,False,False,264.708,264.055321956,18,18,3.2420000000000018,70.29640000000002,60.69,3,3,3,2,2,0,0.14285714285714285,549.7107166096947,0,0,4,0,0,2,0,251.60399999999996,3,3,c1ccc(CCc2ccccc2)cc1
UIREF-1192,ZQSIJRDFPHDXIC-UHFFFAOYSA-N,O=c1c(-c2ccc(O)cc2)coc2cc(O)ccc12,1,PubChem,1,Helicobacter pylori,1,Helicobacter pylori,10.1016/j.ejmech.2013.03.016,1,10.1016/j.ejmech.2013.03.016,IC50,1,3.2549252084179425,3.2549252084179425,3.2549252084179425,0.0,Unspecified,False,False,254.24099999999999,254.0579088,19,19,2.871200000000001,71.24960000000002,70.67,4,2,1,3,3,0,0.0,800.4836768266102,0,0,4,1,0,2,0,244.16099999999994,2,4,O=c1c(-c2ccccc2)coc2ccccc12
UIREF-1193,ZQUTYBLKNCJVOP-UHFFFAOYSA-N,Oc1ccc(C2Oc3cc(O)cc(O)c3C(=NC(=S)Nc3ccccc3)C2O)c(O)c1,2,ChEMBL|PubChem,2,Canavalia ensiformis,1,Canavalia ensiformis,10.1016/j.ejmech.2022.114273|CHEMBL5137004,2,CHEMBL5137004,IC50,2,5.132532512140949,5.132532512140949,5.132532512140949,0.0,Active,True,False,438.46100000000007,438.088557296,31,31,3.189700000000002,118.11869999999998,134.77,7,6,2,4,3,1,0.09090909090909091,1182.1186900296584,0,0,9,0,1,3,0,420.31700000000023,6,8,S=C(N=C1CC(c2ccccc2)Oc2ccccc21)Nc1ccccc1
UIREF-1194,ZRBDVOMHVWCJCG-PKNBQFBNSA-N,O=C(O)/C(=C/c1ccc(Cl)cc1)CCCCP(=O)(O)O,3,PubChem,1,Sporosarcina pasteurii,1,Sporosarcina pasteurii,10.1016/j.ejmech.2018.09.074,1,10.1016/j.ejmech.2018.09.074,IC50|Ki,3,5.630784142589857,5.234331445240986,5.756961951313706,0.5226305060727192,Active,True,False,318.693,318.04238792199993,20,20,3.1560000000000024,77.82690000000002,94.83,2,3,7,1,1,0,0.3076923076923077,532.1974266811486,0,0,7,0,0,1,0,302.565,3,5,c1ccccc1
UIREF-1195,ZRPBKVFDKRLKLN-DHRITJCHSA-N,O=C1N=c2ccc(Cl)cc2=C1Cc1ccc(C(=O)N/N=C/c2ccccc2[N+](=O)[O-])cc1,1,ChEMBL,1,Canavalia ensiformis,1,Canavalia ensiformis,CHEMBL3600348,1,CHEMBL3600348,IC50,0,,,,,Active,True,False,446.8500000000001,446.07818264,32,32,2.5653000000000006,118.9506,114.03,5,1,6,4,3,1,0.043478260869565216,1398.2389540412719,0,2,9,0,1,3,0,431.7300000000002,1,8,O=C1N=c2ccccc2=C1Cc1ccc(C(=O)NN=Cc2ccccc2)cc1
UIREF-1196,ZRVVJFUNIXEJSB-UHFFFAOYSA-N,S=C(Nc1ccc(Br)cc1)Nc1ccccc1SSc1ccccc1NC(=S)Nc1ccc(Br)cc1,3,BindingDB|ChEMBL|PubChem,3,Canavalia ensiformis,1,Canavalia ensiformis,10.1016/j.bmc.2015.10.017|CHEMBL3627633,2,10.1016/j.bmc.2015.10.017,IC50,3,5.366531544420413,5.366531544420413,5.366531544420413,0.0,Active,True,False,676.5500000000001,673.8937548400002,36,36,9.628799999999998,172.5687999999998,48.12,4,4,7,4,4,0,0.0,1243.9177134884576,0,0,10,0,0,4,0,656.3900000000001,4,4,S=C(Nc1ccccc1)Nc1ccccc1SSc1ccccc1NC(=S)Nc1ccccc1
UIREF-1197,ZSABMQKZFXLPQV-UHFFFAOYSA-N,CCC(CO)NC(=O)c1ccccc1[Se][Se]c1ccccc1C(=O)NC(CC)CO,5,PubChem,1,Helicobacter pylori|Sporosarcina pasteurii,2,Helicobacter pylori,10.1021/acs.jmedchem.6b00986,1,10.1021/acs.jmedchem.6b00986,IC50|Ki,4,4.726745942023953,3.939302159646388,8.335358024443874,4.396055864797486,Active|Inactive|Unspecified,True,True,542.3960000000002,544.037949976,30,30,-0.037799999999998,120.92200000000004,98.66000000000001,4,4,11,2,2,0,0.36363636363636365,769.892175065961,0,2,8,0,0,2,0,514.1720000000003,4,6,c1ccc([Se][Se]c2ccccc2)cc1
UIREF-1198,ZSFXOXSMDRROAT-UHFFFAOYSA-N,O=[N+]([O-])c1ccc(-n2c(C(O)c3ccccc3)n[nH]c2=S)cc1,1,BindingDB,1,Canavalia ensiformis,1,Canavalia ensiformis,10.3109/14756360903389864,1,10.3109/14756360903389864,IC50,1,3.8804142250382165,3.8804142250382165,3.8804142250382165,0.0,Active,True,False,328.35300000000007,328.063011244,23,23,2.91979,85.90690000000001,96.97999999999999,5,2,4,3,3,0,0.06666666666666667,887.0903877801061,0,0,8,1,0,2,0,316.25700000000006,2,7,S=c1[nH]nc(Cc2ccccc2)n1-c1ccccc1
UIREF-1199,ZSGMVEHEDJDICE-UHFFFAOYSA-N,ON=C(O)CCNc1ccccc1Br,2,PubChem,1,Helicobacter pylori,1,Helicobacter pylori,10.1016/j.ejmech.2018.06.065,1,10.1016/j.ejmech.2018.06.065,IC50,2,5.8623443227290934,4.838631997765025,6.886056647693163,2.0474246499281383,Active|Unspecified,True,False,259.103,258.000389692,14,14,2.596800000000001,59.09900000000002,64.85000000000001,3,3,4,1,1,0,0.2222222222222222,328.3429223461079,0,0,5,0,0,1,0,248.015,3,4,c1ccccc1
UIREF-1200,ZSSWBJFNEVNRBR-UHFFFAOYSA-N,C[P+](O)(O)C=N,1,PubChem,1,"Urease, unspecified origin",1,"Urease, unspecified origin",,0,,Ki,0,,,,,Inactive,False,True,108.05699999999999,108.02089151409,6,6,0.055469999999999964,26.065299999999997,64.31,3,3,1,0,0,0,0.5,57.058650025961626,1,0,4,0,0,0,0,101.001,3,3,
UIREF-1201,ZTUVNMXHVUWMNC-UHFFFAOYSA-N,Cc1cccc(NC(=O)Cc2c(O)[nH]c(=S)[nH]c2=O)c1,1,PubChem,1,"Urease, unspecified origin",1,"Urease, unspecified origin",10.1016/j.bmc.2020.115759,1,10.1016/j.bmc.2020.115759,IC50,1,4.11605480496572,4.11605480496572,4.11605480496572,0.0,Unspecified,False,False,291.33200000000005,291.067762276,20,20,1.6277099999999995,77.42490000000001,97.97999999999999,4,4,3,2,2,0,0.15384615384615385,763.9420774494965,0,1,7,1,0,1,0,278.228,4,6,O=C(Cc1c[nH]c(=S)[nH]c1=O)Nc1ccccc1
UIREF-1202,ZUBYYIXFQIZSAO-UHFFFAOYSA-N,O=C(NNC(=S)NC12CC3CC(CC(C3)C1)C2)c1ccc(-c2nc3ccccc3s2)cc1,1,BindingDB,1,Canavalia ensiformis,1,Canavalia ensiformis,10.1016/j.bioorg.2016.03.010,1,10.1016/j.bioorg.2016.03.010,IC50,1,4.463062977295326,4.463062977295326,4.463062977295326,0.0,Active,True,False,462.6440000000001,462.15480345199995,32,32,5.041000000000004,132.29459999999995,66.05000000000001,4,3,3,7,3,4,0.4,1117.8456736773694,0,1,7,1,0,2,4,436.43600000000026,3,5,O=C(NNC(=S)NC12CC3CC(CC(C3)C1)C2)c1ccc(-c2nc3ccccc3s2)cc1
UIREF-1203,ZUFXHLIDVYBROH-ZJFJOTDWSA-N,COc1ccc(/C=N/NC(=O)c2ccc(C=C3C(=O)Nc4ccc(Cl)cc43)cc2)cc1,2,BindingDB|ChEMBL,2,Canavalia ensiformis,1,Canavalia ensiformis,10.1016/j.bmcl.2015.05.069|CHEMBL3600348,2,CHEMBL3600348,IC50,2,3.8428455600937186,3.8428455600937186,3.8428455600937186,0.0,Active,True,False,431.8790000000001,431.103669116,31,31,4.6052000000000035,122.44889999999998,79.78999999999999,4,2,5,4,3,1,0.041666666666666664,1199.744105996518,0,2,7,0,1,3,0,413.73500000000024,2,6,O=C1Nc2ccccc2C1=Cc1ccc(C(=O)NN=Cc2ccccc2)cc1
UIREF-1204,ZUTKMUTXQHGKNF-UHFFFAOYSA-N,O=C(NCP(=O)(O)CO)OCc1ccccc1,2,PubChem,1,Proteus vulgaris|Sporosarcina pasteurii,2,Proteus vulgaris,10.1021/jm100340m,1,10.1021/jm100340m,IC50,2,3.237378444411997,3.0510982390297867,3.4236586497942074,0.3725604107644207,Unspecified,False,False,259.198,259.060959178,17,17,1.0905,61.540800000000026,95.86000000000001,4,3,5,1,1,0,0.3,408.4171011747942,0,1,7,0,0,1,0,245.08599999999996,3,6,c1ccccc1
UIREF-1205,ZWBFXQHQQBRJCG-UHFFFAOYSA-N,O=[N+]([O-])c1cccc(NCc2ccc3c(c2)OCO3)c1,2,PubChem,1,Helicobacter pylori,1,Helicobacter pylori,10.1016/j.bmc.2015.06.014,1,10.1016/j.bmc.2015.06.014,IC50,2,4.551205696102042,4.219682687859849,4.882728704344236,0.6630460164843868,Unspecified,False,False,272.26,272.079706864,20,20,2.935600000000001,72.98810000000005,73.63000000000001,5,1,4,3,2,1,0.14285714285714285,657.3722050445389,0,0,6,0,1,2,0,260.164,1,6,c1ccc(NCc2ccc3c(c2)OCO3)cc1
UIREF-1206,ZWFUXMSBSLLBGD-UHFFFAOYSA-N,Cc1ccc(C(c2c[nH]c3ccc(C(=O)NNC(=S)Nc4ccc(F)cc4)cc23)c2c[nH]c3ccc(C(=O)NNC(=S)Nc4ccc(F)cc4)cc23)cc1,3,BindingDB|ChEMBL|PubChem,3,Canavalia ensiformis,1,Canavalia ensiformis,10.1016/j.bmc.2017.11.028|CHEMBL4177710,2,10.1016/j.bmc.2017.11.028,IC50,3,5.958607314841775,5.958607314841775,5.958607314841775,0.0,Active,True,False,758.8800000000001,758.205770704,54,54,7.678820000000004,215.1665999999998,137.9,4,8,7,7,7,0,0.05,2363.6011406900016,0,2,14,2,0,5,0,726.6239999999999,8,10,O=C(NNC(=S)Nc1ccccc1)c1ccc2[nH]cc(C(c3ccccc3)c3c[nH]c4ccc(C(=O)NNC(=S)Nc5ccccc5)cc34)c2c1
UIREF-1207,ZWTNESRLLFPTOB-UHFFFAOYSA-N,COc1cc(C(=O)c2c(O)c3ccccc3oc2=O)cc(OC)c1OC,3,BindingDB|ChEMBL|PubChem,3,Canavalia ensiformis|Sporosarcina pasteurii,2,Canavalia ensiformis,10.1016/j.bioorg.2016.04.005|10.1016/j.ejmech.2022.114273|CHEMBL5137004,3,CHEMBL5137004,IC50,3,4.94692155651658,4.94692155651658,4.94692155651658,0.0,Active|Unspecified,True,False,356.33000000000015,356.089602852,26,26,2.7554000000000007,93.67930000000003,95.20000000000002,7,1,5,3,3,0,0.15789473684210525,1024.4223713730612,0,0,7,1,0,2,0,340.2020000000001,1,7,O=C(c1ccccc1)c1cc2ccccc2oc1=O
UIREF-1208,ZWUGRTCJUIKUIN-UHFFFAOYSA-N,O=C(O)CNC(=O)c1ccccc1[Se][Se]c1ccccc1C(=O)NCC(=O)O,4,PubChem,1,Helicobacter pylori|Sporosarcina pasteurii,2,Helicobacter pylori,10.1021/acs.jmedchem.6b00986,1,10.1021/acs.jmedchem.6b00986,IC50|Ki,3,3.915423722065669,3.446238301609996,4.987162775294828,1.5409244736848322,Inactive|Unspecified,False,True,514.2540000000002,515.933878832,28,28,-1.4103999999999979,103.59800000000006,132.79999999999998,4,4,9,2,2,0,0.1111111111111111,829.6494911774283,0,2,10,0,0,2,0,498.12600000000026,4,8,c1ccc([Se][Se]c2ccccc2)cc1
UIREF-1209,ZXACCUFFHHCZTD-RMKNXTFCSA-N,COC(=O)/C(=C/c1ccc(Cl)cc1)C[PH](=O)O,2,PubChem,1,Sporosarcina pasteurii,1,Sporosarcina pasteurii,10.1016/j.ejmech.2017.03.070,1,10.1016/j.ejmech.2017.03.070,Ki,2,4.698536143570405,4.619788758288394,4.777283528852417,0.15749477056402306,Unspecified,False,False,274.64,274.016173174,17,17,2.3634000000000013,67.53230000000002,63.60000000000001,3,1,4,1,1,0,0.18181818181818182,453.0441646311535,0,0,6,0,0,1,0,262.544,1,4,c1ccccc1
UIREF-1210,ZXQFVBGSFZGXFE-VZUCSPMQSA-N,O=[N+]([O-])c1cccc(/C=N/Nc2nc(O)cs2)c1,1,BindingDB,1,Sporosarcina pasteurii,1,Sporosarcina pasteurii,10.1016/j.bioorg.2015.10.005,1,10.1016/j.bioorg.2015.10.005,IC50,1,5.074172425375258,5.074172425375258,5.074172425375258,0.0,Active,True,False,264.26599999999996,264.031711116,18,18,2.2028999999999996,68.09190000000001,100.65,7,2,4,2,2,0,0.0,596.3136574325333,0,0,8,1,0,1,0,256.202,2,7,C(=NNc1nccs1)c1ccccc1
UIREF-1211,ZXSKZAGDPZNYIZ-UHFFFAOYSA-N,COc1cccc(C(O)CC(=O)N(C)O)c1,1,PubChem,1,Helicobacter pylori,1,Helicobacter pylori,10.1016/j.bmc.2016.07.052,1,10.1016/j.bmc.2016.07.052,IC50,1,4.049635145623877,4.049635145623877,4.049635145623877,0.0,Unspecified,False,False,225.24399999999997,225.10010796,16,16,0.9662999999999999,57.12730000000003,70.0,4,2,4,1,1,0,0.36363636363636365,364.75712462422376,0,1,5,0,0,1,0,210.12399999999997,2,5,c1ccccc1
UIREF-1212,ZXWUQYDBHXZGPS-UHFFFAOYSA-N,O=c1c2ccccc2[se]n1-c1cc(Cl)ccc1F,3,PubChem,1,Proteus mirabilis|Sporosarcina pasteurii,2,Proteus mirabilis,10.1021/acs.jmedchem.2c01799,1,10.1021/acs.jmedchem.2c01799,IC50|IC90|Ki,2,9.407087320193519,7.928117992693874,10.886056647693163,2.957938654999289,Active,True,False,326.616,326.936541044,18,18,2.840200000000001,71.45300000000002,22.0,1,0,1,3,3,0,0.0,793.0307349646105,0,0,5,1,0,2,0,319.56000000000006,0,2,O=c1c2ccccc2[se]n1-c1ccccc1
UIREF-1213,ZYCLXZJHTDYVLN-UHFFFAOYSA-N,OC(c1ccccc1)c1n[nH]c(=S)n1-c1ccc(Br)cc1,1,BindingDB,1,Canavalia ensiformis,1,Canavalia ensiformis,10.3109/14756360903389864,1,10.3109/14756360903389864,IC50,1,4.494850021680094,4.494850021680094,4.494850021680094,0.0,Active,True,False,362.252,360.988445104,21,21,3.774090000000002,86.95250000000001,53.84,3,2,3,3,3,0,0.06666666666666667,795.7909819692521,0,0,6,1,0,2,0,350.156,2,4,S=c1[nH]nc(Cc2ccccc2)n1-c1ccccc1
UIREF-1214,ZYNUYWVHZRKYBV-UHFFFAOYSA-N,O=C(NC(=S)Nc1ccc(F)cc1)c1cccc(Cl)c1,3,BindingDB|ChEMBL|PubChem,3,Canavalia ensiformis,1,Canavalia ensiformis,10.1016/j.bmc.2016.07.042|CHEMBL3826920,2,10.1016/j.bmc.2016.07.042,IC50,3,5.536107011014092,5.536107011014092,5.536107011014092,0.0,Active,True,False,308.765,308.01863984,20,20,3.605900000000002,81.53890000000001,41.13,2,2,2,2,2,0,0.0,645.8770925467023,0,1,6,0,0,2,0,298.685,2,3,O=C(NC(=S)Nc1ccccc1)c1ccccc1
UIREF-1215,ZYQSUHGKJBMZCK-ACCUITESSA-N,COC(=O)/C(=C/c1ccc(OC)cc1)CCCCP(=O)(O)O,3,PubChem,1,Sporosarcina pasteurii,1,Sporosarcina pasteurii,10.1016/j.ejmech.2018.09.074,1,10.1016/j.ejmech.2018.09.074,IC50|Ki,3,4.645891560852599,4.610833915635467,4.669586226650809,0.05875231101534162,Unspecified,False,False,328.301,328.10757502199993,22,22,2.5996000000000015,83.74910000000003,93.06,4,2,8,1,1,0,0.4,557.9003336223251,0,0,7,0,0,1,0,307.13300000000004,2,6,c1ccccc1
UIREF-1216,ZZDMJFYPUZMSNO-UHFFFAOYSA-N,CCOC(=O)C(Cc1ccc(O)c(O)c1)CP(=O)(O)O,2,PubChem,1,Sporosarcina pasteurii,1,Sporosarcina pasteurii,10.1021/acs.jmedchem.0c01143,1,10.1021/acs.jmedchem.0c01143,Ki,2,5.90816582131999,5.372634143407268,6.443697499232712,1.0710633558254443,Active,True,False,304.235,304.071189514,20,20,0.9972999999999999,70.50970000000002,124.29000000000002,5,4,6,1,1,0,0.4166666666666667,522.5371648595199,0,0,8,0,0,1,0,287.099,4,7,c1ccccc1
UIREF-1217,ZZKLRJUYYVBOIF-UHFFFAOYSA-N,CCCCCCCCCCCCNC(=S)N(C)C,3,BindingDB|ChEMBL|PubChem,3,Canavalia ensiformis,1,Canavalia ensiformis,10.1016/j.bmcl.2007.07.085|CHEMBL1140524,2,10.1016/j.bmcl.2007.07.085,Ki,3,6.906578314837764,6.906578314837764,6.906578314837764,0.0,Active,True,False,272.502,272.228620024,18,18,4.3434000000000035,86.13170000000007,15.27,1,1,11,0,0,0,0.9333333333333333,192.9326228485418,0,0,3,0,0,0,0,240.24599999999998,1,2,
UIREF-1218,ZZSHGYWRVNJOSV-UHFFFAOYSA-N,COc1ccccc1NCC(O)=NO,2,PubChem,1,Helicobacter pylori,1,Helicobacter pylori,10.1016/j.ejmech.2018.06.065,1,10.1016/j.ejmech.2018.06.065,IC50,1,3.8181564120552274,3.8181564120552274,3.8181564120552274,0.0,Inconclusive|Unspecified,False,False,196.206,196.084792244,14,14,1.4527999999999999,53.33400000000001,74.08,4,3,4,1,1,0,0.2222222222222222,325.5880348439444,0,0,5,0,0,1,0,184.10999999999999,3,5,c1ccccc1
